ServerName,DatabaseName,LogicalName,PhysicalFullName,FileType,SizeMB,IsMemoryOptimizedDataOptionEnabled,TimeDataCollected
FUZIONSQL03,QADEV,QADEV,E:\SQLData\QADEV.mdf,Rows,1124,False,2022-12-01 17:56:29
FUZIONSQL03,QADEV,QADEV_log,E:\SQLLogs\QADEV_log.ldf,Log,1124,False,2022-12-01 17:56:29
FUZIONSQL03,TimeTracking_old,TimeTracking_old,E:\SqlData\TimeTracking_old.mdf,Rows,5,False,2022-12-01 17:56:29
FUZIONSQL03,TimeTracking_old,TimeTracking_old_log,E:\SQLLogs\TimeTracking_old_log.ldf,Log,2.5,False,2022-12-01 17:56:29
FUZIONSQL03,JIRAIssueTracking_Test,JIRA_719_IssueTrackingDev,E:\SQLData\JIRA_719_IssueTrackingDev.mdf,Rows,3383,False,2022-12-01 17:56:29
FUZIONSQL03,JIRAIssueTracking_Test,JIRA_719_IssueTrackingDev_log,E:\SQLLogs\JIRA_719_IssueTrackingDev_log.ldf,Log,11,False,2022-12-01 17:56:29
FUZIONSQL03,JIRASTAGE_DEV,JIRASTAGE,E:\SQLData\JIRASTAGE.mdf,Rows,3260,False,2022-12-01 17:56:29
FUZIONSQL03,JIRASTAGE_DEV,JIRASTAGE_log,E:\SQLLogs\JIRASTAGE_log.ldf,Log,147,False,2022-12-01 17:56:29
FUZIONSQL03,MFT_Reporting,MFT_Reporting,E:\SQLData\MFT_Reporting.mdf,Rows,75,False,2022-12-01 17:56:29
FUZIONSQL03,MFT_Reporting,MFT_Reporting_log,E:\SQLLogs\MFT_Reporting_log.ldf,Log,3.375,False,2022-12-01 17:56:29
FUZIONSQL03,TestAutomation,QA_TestDB,E:\SQLData\QA_TestDB.mdf,Rows,916,False,2022-12-01 17:56:29
FUZIONSQL03,TestAutomation,QA_TestDB_log,E:\SQLLogs\QA_TestDB_log.ldf,Log,3738.8125,False,2022-12-01 17:56:29
FUZIONSQL03,SERFF,RateSheet,E:\SQLData\RateSheet.mdf,Rows,30,False,2022-12-01 17:56:29
FUZIONSQL03,SERFF,RateSheet_log,E:\SQLLogs\RateSheet_log.ldf,Log,100,False,2022-12-01 17:56:29
FUZIONSQL03,FZNJiraNonOps,FZNJiraNonOps,E:\SQLData\FZNJiraNonOps.mdf,Rows,3994,False,2022-12-01 17:56:29
FUZIONSQL03,FZNJiraNonOps,FZNJiraNonOps_log,E:\SQLLogs\FZNJiraNonOps_log.ldf,Log,2147,False,2022-12-01 17:56:29
FUZIONSQL03,VendorScoreCard,VendorScoreCard,E:\SQLData\VendorScoreCard.mdf,Rows,4,False,2022-12-01 17:56:29
FUZIONSQL03,VendorScoreCard,VendorScoreCard_log,E:\SQLLogs\VendorScoreCard_log.ldf,Log,1.75,False,2022-12-01 17:56:29
FUZIONSQL03,Confluence,Confluence,E:\SQLData\Confluence.mdf,Rows,5460,False,2022-12-01 17:56:29
FUZIONSQL03,Confluence,Confluence_log,E:\SQLLogs\Confluence_log.ldf,Log,5667.875,False,2022-12-01 17:56:29
FUZIONSQL03,FZNJiraOps,FZNJiraOps,E:\SQLData\FZNJiraOps.mdf,Rows,4790,False,2022-12-01 17:56:29
FUZIONSQL03,FZNJiraOps,FZNJiraOps_log,E:\SQLLogs\FZNJiraOps_log.ldf,Log,44734.5,False,2022-12-01 17:56:29
FUZIONSQL03,TimeTracking,TimeTracking,E:\SQLData\TimeTracking.mdf,Rows,21,False,2022-12-01 17:56:29
FUZIONSQL03,TimeTracking,TimeTracking_log,E:\SQLLogs\TimeTracking_log.ldf,Log,2.75,False,2022-12-01 17:56:29
FUZIONSQL03,RenewalTracker,RenewalTracker,E:\SQLData\RenewalTracker.mdf,Rows,100,False,2022-12-01 17:56:29
FUZIONSQL03,RenewalTracker,RenewalTracker_log,E:\SQLLogs\RenewalTracker_log.ldf,Log,100,False,2022-12-01 17:56:29
FUZIONSQL03,COV,Cov,E:\SQLData\Cov.mdf,Rows,51,False,2022-12-01 17:56:29
FUZIONSQL03,COV,Cov_log,E:\SQLLogs\Cov_log.LDF,Log,38.375,False,2022-12-01 17:56:29
FUZIONSQL03,SHIPHJ,SHIPHJ,E:\SQLData\SHIPHJ.mdf,Rows,8,False,2022-12-01 17:56:29
FUZIONSQL03,SHIPHJ,SHIPHJ_log,E:\SQLLogs\SHIPHJ_log.ldf,Log,8,False,2022-12-01 17:56:29
FUZIONSQL03,Pro1099CS,Pro1099CS_Data,E:\SQLData\Pro1099CS.mdf,Rows,647,False,2022-12-01 17:56:29
FUZIONSQL03,Pro1099CS,Pro1099CS_Log,E:\SQLLogs\Pro1099CS.ldf,Log,285.0625,False,2022-12-01 17:56:29
FUZIONSQL03,Tracker_Data,Tracker_Data,E:\SQLData\Tracker_Data.mdf,Rows,131.4375,False,2022-12-01 17:56:29
FUZIONSQL03,Tracker_Data,Tracker_Data_log,E:\SQLLogs\Tracker_Data_log.ldf,Log,46.5,False,2022-12-01 17:56:29
FUZIONSQL03,Tracker_SysAdmin,Tracker_SysAdmin,E:\SQLData\Tracker_SysAdmin.mdf,Rows,38.8125,False,2022-12-01 17:56:29
FUZIONSQL03,Tracker_SysAdmin,Tracker_SysAdmin_log,E:\SQLLogs\Tracker_SysAdmin_log.ldf,Log,31.6875,False,2022-12-01 17:56:29
FUZIONSQL03,WebSearch4,WebSearch4,E:\SQLData\WebSearch4.mdf,Rows,1788.25,False,2022-12-01 17:56:29
FUZIONSQL03,WebSearch4,WebSearch4_log,E:\SQLLogs\WebSearch4_log.LDF,Log,648.0625,False,2022-12-01 17:56:29
FUZIONSQL03,DLO,DLO,E:\SQLData\DLO.mdf,Rows,27.125,False,2022-12-01 17:56:29
FUZIONSQL03,DLO,DLO_log,E:\SQLLogs\DLO_log.LDF,Log,5.75,False,2022-12-01 17:56:29
FUZIONSQL03,SHIP_DFT,SHIP_DFT,E:\SQLData\SHIP_DFT.mdf,Rows,159.1875,False,2022-12-01 17:56:29
FUZIONSQL03,SHIP_DFT,SHIP_DFT_log,E:\SQLLogs\SHIP_DFT_1.LDF,Log,122,False,2022-12-01 17:56:29
FUZIONSQL03,JIRAIssueTracking_Prod,JIRA_719_IssueTracking,E:\SQLData\JIRA_719_IssueTracking.mdf,Rows,2985,False,2022-12-01 17:56:29
FUZIONSQL03,JIRAIssueTracking_Prod,JIRA_719_IssueTracking_log,E:\SQLLogs\JIRA_719_IssueTracking_log.ldf,Log,161.75,False,2022-12-01 17:56:29
FUZIONSQL03,SHIP_DFT_ATTACHMENT,SHIP_DFT_ATTACHMENT,E:\SQLData\SHIP_DFT_ATTACHMENT.mdf,Rows,13177,False,2022-12-01 17:56:29
FUZIONSQL03,SHIP_DFT_ATTACHMENT,SHIP_DFT_ATTACHMENT_log,E:\SQLLogs\SHIP_DFT_ATTACHMENT.LDF,Log,258,False,2022-12-01 17:56:29
FUZIONSQL03,RenewalTracker_Restored,RenewalTracker,E:\SQLData\RenewalTracker_Restored.mdf,Rows,100,False,2022-12-01 17:56:29
FUZIONSQL03,RenewalTracker_Restored,RenewalTracker_log,E:\SQLLogs\RenewalTracker_Restored_log.ldf,Log,100,False,2022-12-01 17:56:29
FUZIONSQL03,GAWF,GAWF,E:\SQLData\GAWF.mdf,Rows,760,False,2022-12-01 17:56:29
FUZIONSQL03,GAWF,GAWF_log,E:\SQLLogs\GAWF_log.ldf,Log,373,False,2022-12-01 17:56:29
FUZIONSQL03,GADATA,GADATA,E:\SQLData\GADATA.mdf,Rows,283,False,2022-12-01 17:56:29
FUZIONSQL03,GADATA,GADATA_log,E:\SQLLogs\GADATA_log.ldf,Log,3541,False,2022-12-01 17:56:29
FUZIONSQL03,ACH_AUDITDB,ACH_VALIDATION,E:\SQLData\ACH_VALIDATION.mdf,Rows,100,False,2022-12-01 17:56:29
FUZIONSQL03,ACH_AUDITDB,ACH_VALIDATION_log,E:\SQLLogs\ACH_VALIDATION_log.ldf,Log,100,False,2022-12-01 17:56:29
FUZIONSQL03,JIRASTAGE_Prod,JIRASTAGE_Prod,E:\SQLData\JIRASTAGE_Prod.mdf,Rows,3260,False,2022-12-01 17:56:29
FUZIONSQL03,JIRASTAGE_Prod,JIRASTAGE_Prod_log,E:\SQLLogs\JIRASTAGE_Prod_log.ldf,Log,167,False,2022-12-01 17:56:29
FUZIONSQL03,PayFileValidation,PayFileValidation,E:\SQLData\PayFileValidation.mdf,Rows,100,False,2022-12-01 17:56:29
FUZIONSQL03,PayFileValidation,PayFileValidation_log,E:\SQLLogs\PayFileValidation_log.ldf,Log,100,False,2022-12-01 17:56:29
