{
  "Servers": [
    {
      "ServerName": "FUZIONSQL03",
      "TargetPlatform": "Any",
      "Requirements": {
        "CpuRequirementInCores": 0.09,
        "DataStorageRequirementInMB": 46777.81,
        "LogStorageRequirementInMB": 63766.75,
        "MemoryRequirementInMB": 1542.51,
        "DataIOPSRequirement": 0.16,
        "LogIOPSRequirement": 4.09,
        "IOLatencyRequirementInMs": 17.47,
        "IOThroughputRequirementInMBps": 0.06,
        "DataIOThroughputRequirementInMBps": 0.00,
        "LogIOThroughputRequirementInMBps": 0.06,
        "TempDBSizeInMB": 40.00,
        "DataPointsStartTime": "0001-01-01T00:00:00",
        "DataPointsEndTime": "9999-12-31T23:59:00",
        "AggregationTargetPercentile": 95,
        "PerfDataCollectionIntervalInSeconds": 30,
        "SqlServerHostRequirements": {
          "HostNICCount": 1
        },
        "DatabaseLevelRequirements": [
          {
            "CpuRequirementInCores": 0.00,
            "DataIOPSRequirement": 0.00,
            "LogIOPSRequirement": 0.00,
            "IOLatencyRequirementInMs": NaN,
            "IOThroughputRequirementInMBps": 0.00,
            "DataFileIOThroughputRequirementInMBps": 0.00,
            "LogFileIOThroughputRequirementInMBps": 0.00,
            "LogWriteRateInMBPerSecRequirement": 0.00,
            "DataStorageRequirementInMB": 1124.00,
            "LogStorageRequirementInMB": 1124.00,
            "DatabaseName": "QADEV",
            "MemoryRequirementInMB": 0.37,
            "CpuRequirementInPercentageOfTotalInstance": 0.00,
            "FileLevelRequirements": [
              {
                "FileName": "E:\\SQLData\\QADEV.mdf",
                "FileType": "Rows",
                "SizeInMB": 1124.00,
                "ReadLatencyInMs": 0.00,
                "WriteLatencyInMs": 0.00,
                "IOPSRequirement": 0.00,
                "IOThroughputRequirementInMBps": 0.00,
                "WriteRateRequirementInMBps": 0.00,
                "NumberOfDataPointsAnalyzed": 114.00
              },
              {
                "FileName": "E:\\SQLLogs\\QADEV_log.ldf",
                "FileType": "Log",
                "SizeInMB": 1124.00,
                "ReadLatencyInMs": 0.00,
                "WriteLatencyInMs": 0.00,
                "IOPSRequirement": 0.00,
                "IOThroughputRequirementInMBps": 0.00,
                "WriteRateRequirementInMBps": 0.00,
                "NumberOfDataPointsAnalyzed": 114.00
              }
            ],
            "NumberOfDataPointsAnalyzed": 20.00
          },
          {
            "CpuRequirementInCores": 0.00,
            "DataIOPSRequirement": 0.00,
            "LogIOPSRequirement": 0.00,
            "IOLatencyRequirementInMs": NaN,
            "IOThroughputRequirementInMBps": 0.00,
            "DataFileIOThroughputRequirementInMBps": 0.00,
            "LogFileIOThroughputRequirementInMBps": 0.00,
            "LogWriteRateInMBPerSecRequirement": 0.00,
            "DataStorageRequirementInMB": 5.00,
            "LogStorageRequirementInMB": 2.50,
            "DatabaseName": "TimeTracking_old",
            "MemoryRequirementInMB": 0.41,
            "CpuRequirementInPercentageOfTotalInstance": 0.00,
            "FileLevelRequirements": [
              {
                "FileName": "E:\\SqlData\\TimeTracking_old.mdf",
                "FileType": "Rows",
                "SizeInMB": 5.00,
                "ReadLatencyInMs": 0.00,
                "WriteLatencyInMs": 0.00,
                "IOPSRequirement": 0.00,
                "IOThroughputRequirementInMBps": 0.00,
                "WriteRateRequirementInMBps": 0.00,
                "NumberOfDataPointsAnalyzed": 114.00
              },
              {
                "FileName": "E:\\SQLLogs\\TimeTracking_old_log.ldf",
                "FileType": "Log",
                "SizeInMB": 2.50,
                "ReadLatencyInMs": 0.00,
                "WriteLatencyInMs": 0.00,
                "IOPSRequirement": 0.00,
                "IOThroughputRequirementInMBps": 0.00,
                "WriteRateRequirementInMBps": 0.00,
                "NumberOfDataPointsAnalyzed": 114.00
              }
            ],
            "NumberOfDataPointsAnalyzed": 20.00
          },
          {
            "CpuRequirementInCores": 0.00,
            "DataIOPSRequirement": 0.00,
            "LogIOPSRequirement": 0.00,
            "IOLatencyRequirementInMs": NaN,
            "IOThroughputRequirementInMBps": 0.00,
            "DataFileIOThroughputRequirementInMBps": 0.00,
            "LogFileIOThroughputRequirementInMBps": 0.00,
            "LogWriteRateInMBPerSecRequirement": 0.00,
            "DataStorageRequirementInMB": 3383.00,
            "LogStorageRequirementInMB": 11.00,
            "DatabaseName": "JIRAIssueTracking_Test",
            "MemoryRequirementInMB": 0.53,
            "CpuRequirementInPercentageOfTotalInstance": 0.00,
            "FileLevelRequirements": [
              {
                "FileName": "E:\\SQLData\\JIRA_719_IssueTrackingDev.mdf",
                "FileType": "Rows",
                "SizeInMB": 3383.00,
                "ReadLatencyInMs": 0.00,
                "WriteLatencyInMs": 0.00,
                "IOPSRequirement": 0.00,
                "IOThroughputRequirementInMBps": 0.00,
                "WriteRateRequirementInMBps": 0.00,
                "NumberOfDataPointsAnalyzed": 114.00
              },
              {
                "FileName": "E:\\SQLLogs\\JIRA_719_IssueTrackingDev_log.ldf",
                "FileType": "Log",
                "SizeInMB": 11.00,
                "ReadLatencyInMs": 0.00,
                "WriteLatencyInMs": 0.00,
                "IOPSRequirement": 0.00,
                "IOThroughputRequirementInMBps": 0.00,
                "WriteRateRequirementInMBps": 0.00,
                "NumberOfDataPointsAnalyzed": 114.00
              }
            ],
            "NumberOfDataPointsAnalyzed": 20.00
          },
          {
            "CpuRequirementInCores": 0.00,
            "DataIOPSRequirement": 0.00,
            "LogIOPSRequirement": 0.00,
            "IOLatencyRequirementInMs": NaN,
            "IOThroughputRequirementInMBps": 0.00,
            "DataFileIOThroughputRequirementInMBps": 0.00,
            "LogFileIOThroughputRequirementInMBps": 0.00,
            "LogWriteRateInMBPerSecRequirement": 0.00,
            "DataStorageRequirementInMB": 3260.00,
            "LogStorageRequirementInMB": 147.00,
            "DatabaseName": "JIRASTAGE_DEV",
            "MemoryRequirementInMB": 968.16,
            "CpuRequirementInPercentageOfTotalInstance": 0.00,
            "FileLevelRequirements": [
              {
                "FileName": "E:\\SQLData\\JIRASTAGE.mdf",
                "FileType": "Rows",
                "SizeInMB": 3260.00,
                "ReadLatencyInMs": 0.00,
                "WriteLatencyInMs": 0.00,
                "IOPSRequirement": 0.00,
                "IOThroughputRequirementInMBps": 0.00,
                "WriteRateRequirementInMBps": 0.00,
                "NumberOfDataPointsAnalyzed": 114.00
              },
              {
                "FileName": "E:\\SQLLogs\\JIRASTAGE_log.ldf",
                "FileType": "Log",
                "SizeInMB": 147.00,
                "ReadLatencyInMs": 0.00,
                "WriteLatencyInMs": 0.00,
                "IOPSRequirement": 0.00,
                "IOThroughputRequirementInMBps": 0.00,
                "WriteRateRequirementInMBps": 0.00,
                "NumberOfDataPointsAnalyzed": 114.00
              }
            ],
            "NumberOfDataPointsAnalyzed": 39.00
          },
          {
            "CpuRequirementInCores": 0.00,
            "DataIOPSRequirement": 0.00,
            "LogIOPSRequirement": 0.00,
            "IOLatencyRequirementInMs": NaN,
            "IOThroughputRequirementInMBps": 0.00,
            "DataFileIOThroughputRequirementInMBps": 0.00,
            "LogFileIOThroughputRequirementInMBps": 0.00,
            "LogWriteRateInMBPerSecRequirement": 0.00,
            "DataStorageRequirementInMB": 75.00,
            "LogStorageRequirementInMB": 3.38,
            "DatabaseName": "MFT_Reporting",
            "MemoryRequirementInMB": 0.39,
            "CpuRequirementInPercentageOfTotalInstance": 0.00,
            "FileLevelRequirements": [
              {
                "FileName": "E:\\SQLData\\MFT_Reporting.mdf",
                "FileType": "Rows",
                "SizeInMB": 75.00,
                "ReadLatencyInMs": 0.00,
                "WriteLatencyInMs": 0.00,
                "IOPSRequirement": 0.00,
                "IOThroughputRequirementInMBps": 0.00,
                "WriteRateRequirementInMBps": 0.00,
                "NumberOfDataPointsAnalyzed": 114.00
              },
              {
                "FileName": "E:\\SQLLogs\\MFT_Reporting_log.ldf",
                "FileType": "Log",
                "SizeInMB": 3.38,
                "ReadLatencyInMs": 0.00,
                "WriteLatencyInMs": 0.00,
                "IOPSRequirement": 0.00,
                "IOThroughputRequirementInMBps": 0.00,
                "WriteRateRequirementInMBps": 0.00,
                "NumberOfDataPointsAnalyzed": 114.00
              }
            ],
            "NumberOfDataPointsAnalyzed": 20.00
          },
          {
            "CpuRequirementInCores": 0.00,
            "DataIOPSRequirement": 0.00,
            "LogIOPSRequirement": 0.00,
            "IOLatencyRequirementInMs": NaN,
            "IOThroughputRequirementInMBps": 0.00,
            "DataFileIOThroughputRequirementInMBps": 0.00,
            "LogFileIOThroughputRequirementInMBps": 0.00,
            "LogWriteRateInMBPerSecRequirement": 0.00,
            "DataStorageRequirementInMB": 916.00,
            "LogStorageRequirementInMB": 3738.81,
            "DatabaseName": "TestAutomation",
            "MemoryRequirementInMB": 0.38,
            "CpuRequirementInPercentageOfTotalInstance": 0.00,
            "FileLevelRequirements": [
              {
                "FileName": "E:\\SQLData\\QA_TestDB.mdf",
                "FileType": "Rows",
                "SizeInMB": 916.00,
                "ReadLatencyInMs": 0.00,
                "WriteLatencyInMs": 0.00,
                "IOPSRequirement": 0.00,
                "IOThroughputRequirementInMBps": 0.00,
                "WriteRateRequirementInMBps": 0.00,
                "NumberOfDataPointsAnalyzed": 114.00
              },
              {
                "FileName": "E:\\SQLLogs\\QA_TestDB_log.ldf",
                "FileType": "Log",
                "SizeInMB": 3738.81,
                "ReadLatencyInMs": 0.00,
                "WriteLatencyInMs": 0.00,
                "IOPSRequirement": 0.00,
                "IOThroughputRequirementInMBps": 0.00,
                "WriteRateRequirementInMBps": 0.00,
                "NumberOfDataPointsAnalyzed": 114.00
              }
            ],
            "NumberOfDataPointsAnalyzed": 20.00
          },
          {
            "CpuRequirementInCores": 0.00,
            "DataIOPSRequirement": 0.00,
            "LogIOPSRequirement": 0.11,
            "IOLatencyRequirementInMs": NaN,
            "IOThroughputRequirementInMBps": 0.00,
            "DataFileIOThroughputRequirementInMBps": 0.00,
            "LogFileIOThroughputRequirementInMBps": 0.00,
            "LogWriteRateInMBPerSecRequirement": 0.00,
            "DataStorageRequirementInMB": 30.00,
            "LogStorageRequirementInMB": 100.00,
            "DatabaseName": "SERFF",
            "MemoryRequirementInMB": 1.15,
            "CpuRequirementInPercentageOfTotalInstance": 3.12,
            "FileLevelRequirements": [
              {
                "FileName": "E:\\SQLData\\RateSheet.mdf",
                "FileType": "Rows",
                "SizeInMB": 30.00,
                "ReadLatencyInMs": 0.00,
                "WriteLatencyInMs": 0.00,
                "IOPSRequirement": 0.00,
                "IOThroughputRequirementInMBps": 0.00,
                "WriteRateRequirementInMBps": 0.00,
                "NumberOfDataPointsAnalyzed": 114.00
              },
              {
                "FileName": "E:\\SQLLogs\\RateSheet_log.ldf",
                "FileType": "Log",
                "SizeInMB": 100.00,
                "ReadLatencyInMs": 0.00,
                "WriteLatencyInMs": 2.94,
                "IOPSRequirement": 0.11,
                "IOThroughputRequirementInMBps": 0.00,
                "WriteRateRequirementInMBps": 0.00,
                "NumberOfDataPointsAnalyzed": 114.00
              }
            ],
            "NumberOfDataPointsAnalyzed": 39.00
          },
          {
            "CpuRequirementInCores": 0.04,
            "DataIOPSRequirement": 0.00,
            "LogIOPSRequirement": 0.83,
            "IOLatencyRequirementInMs": NaN,
            "IOThroughputRequirementInMBps": 0.01,
            "DataFileIOThroughputRequirementInMBps": 0.00,
            "LogFileIOThroughputRequirementInMBps": 0.01,
            "LogWriteRateInMBPerSecRequirement": 0.01,
            "DataStorageRequirementInMB": 3994.00,
            "LogStorageRequirementInMB": 2147.00,
            "DatabaseName": "FZNJiraNonOps",
            "MemoryRequirementInMB": 13.31,
            "CpuRequirementInPercentageOfTotalInstance": 39.98,
            "FileLevelRequirements": [
              {
                "FileName": "E:\\SQLData\\FZNJiraNonOps.mdf",
                "FileType": "Rows",
                "SizeInMB": 3994.00,
                "ReadLatencyInMs": 0.00,
                "WriteLatencyInMs": 0.00,
                "IOPSRequirement": 0.00,
                "IOThroughputRequirementInMBps": 0.00,
                "WriteRateRequirementInMBps": 0.00,
                "NumberOfDataPointsAnalyzed": 114.00
              },
              {
                "FileName": "E:\\SQLLogs\\FZNJiraNonOps_log.ldf",
                "FileType": "Log",
                "SizeInMB": 2147.00,
                "ReadLatencyInMs": 0.00,
                "WriteLatencyInMs": 15.38,
                "IOPSRequirement": 0.83,
                "IOThroughputRequirementInMBps": 0.01,
                "WriteRateRequirementInMBps": 0.01,
                "NumberOfDataPointsAnalyzed": 114.00
              }
            ],
            "NumberOfDataPointsAnalyzed": 39.00
          },
          {
            "CpuRequirementInCores": 0.00,
            "DataIOPSRequirement": 0.00,
            "LogIOPSRequirement": 0.00,
            "IOLatencyRequirementInMs": NaN,
            "IOThroughputRequirementInMBps": 0.00,
            "DataFileIOThroughputRequirementInMBps": 0.00,
            "LogFileIOThroughputRequirementInMBps": 0.00,
            "LogWriteRateInMBPerSecRequirement": 0.00,
            "DataStorageRequirementInMB": 4.00,
            "LogStorageRequirementInMB": 1.75,
            "DatabaseName": "VendorScoreCard",
            "MemoryRequirementInMB": 0.38,
            "CpuRequirementInPercentageOfTotalInstance": 0.00,
            "FileLevelRequirements": [
              {
                "FileName": "E:\\SQLData\\VendorScoreCard.mdf",
                "FileType": "Rows",
                "SizeInMB": 4.00,
                "ReadLatencyInMs": 0.00,
                "WriteLatencyInMs": 0.00,
                "IOPSRequirement": 0.00,
                "IOThroughputRequirementInMBps": 0.00,
                "WriteRateRequirementInMBps": 0.00,
                "NumberOfDataPointsAnalyzed": 114.00
              },
              {
                "FileName": "E:\\SQLLogs\\VendorScoreCard_log.ldf",
                "FileType": "Log",
                "SizeInMB": 1.75,
                "ReadLatencyInMs": 0.00,
                "WriteLatencyInMs": 0.00,
                "IOPSRequirement": 0.00,
                "IOThroughputRequirementInMBps": 0.00,
                "WriteRateRequirementInMBps": 0.00,
                "NumberOfDataPointsAnalyzed": 114.00
              }
            ],
            "NumberOfDataPointsAnalyzed": 20.00
          },
          {
            "CpuRequirementInCores": 0.06,
            "DataIOPSRequirement": 0.01,
            "LogIOPSRequirement": 1.09,
            "IOLatencyRequirementInMs": 8.84,
            "IOThroughputRequirementInMBps": 0.02,
            "DataFileIOThroughputRequirementInMBps": 0.00,
            "LogFileIOThroughputRequirementInMBps": 0.02,
            "LogWriteRateInMBPerSecRequirement": 0.02,
            "DataStorageRequirementInMB": 5460.00,
            "LogStorageRequirementInMB": 5667.88,
            "DatabaseName": "Confluence",
            "MemoryRequirementInMB": 158.98,
            "CpuRequirementInPercentageOfTotalInstance": 62.11,
            "FileLevelRequirements": [
              {
                "FileName": "E:\\SQLData\\Confluence.mdf",
                "FileType": "Rows",
                "SizeInMB": 5460.00,
                "ReadLatencyInMs": 8.84,
                "WriteLatencyInMs": 0.00,
                "IOPSRequirement": 0.01,
                "IOThroughputRequirementInMBps": 0.00,
                "WriteRateRequirementInMBps": 0.00,
                "NumberOfDataPointsAnalyzed": 114.00
              },
              {
                "FileName": "E:\\SQLLogs\\Confluence_log.ldf",
                "FileType": "Log",
                "SizeInMB": 5667.88,
                "ReadLatencyInMs": 0.00,
                "WriteLatencyInMs": 10.41,
                "IOPSRequirement": 1.09,
                "IOThroughputRequirementInMBps": 0.02,
                "WriteRateRequirementInMBps": 0.02,
                "NumberOfDataPointsAnalyzed": 114.00
              }
            ],
            "NumberOfDataPointsAnalyzed": 39.00
          },
          {
            "CpuRequirementInCores": 0.08,
            "DataIOPSRequirement": 0.14,
            "LogIOPSRequirement": 1.46,
            "IOLatencyRequirementInMs": 18.31,
            "IOThroughputRequirementInMBps": 0.01,
            "DataFileIOThroughputRequirementInMBps": 0.00,
            "LogFileIOThroughputRequirementInMBps": 0.01,
            "LogWriteRateInMBPerSecRequirement": 0.01,
            "DataStorageRequirementInMB": 4790.00,
            "LogStorageRequirementInMB": 44734.50,
            "DatabaseName": "FZNJiraOps",
            "MemoryRequirementInMB": 345.96,
            "CpuRequirementInPercentageOfTotalInstance": 84.96,
            "FileLevelRequirements": [
              {
                "FileName": "E:\\SQLData\\FZNJiraOps.mdf",
                "FileType": "Rows",
                "SizeInMB": 4790.00,
                "ReadLatencyInMs": 18.31,
                "WriteLatencyInMs": 0.00,
                "IOPSRequirement": 0.14,
                "IOThroughputRequirementInMBps": 0.00,
                "WriteRateRequirementInMBps": 0.00,
                "NumberOfDataPointsAnalyzed": 114.00
              },
              {
                "FileName": "E:\\SQLLogs\\FZNJiraOps_log.ldf",
                "FileType": "Log",
                "SizeInMB": 44734.50,
                "ReadLatencyInMs": 0.00,
                "WriteLatencyInMs": 6.97,
                "IOPSRequirement": 1.46,
                "IOThroughputRequirementInMBps": 0.01,
                "WriteRateRequirementInMBps": 0.01,
                "NumberOfDataPointsAnalyzed": 114.00
              }
            ],
            "NumberOfDataPointsAnalyzed": 39.00
          },
          {
            "CpuRequirementInCores": 0.00,
            "DataIOPSRequirement": 0.00,
            "LogIOPSRequirement": 0.00,
            "IOLatencyRequirementInMs": NaN,
            "IOThroughputRequirementInMBps": 0.00,
            "DataFileIOThroughputRequirementInMBps": 0.00,
            "LogFileIOThroughputRequirementInMBps": 0.00,
            "LogWriteRateInMBPerSecRequirement": 0.00,
            "DataStorageRequirementInMB": 21.00,
            "LogStorageRequirementInMB": 2.75,
            "DatabaseName": "TimeTracking",
            "MemoryRequirementInMB": 0.41,
            "CpuRequirementInPercentageOfTotalInstance": 0.00,
            "FileLevelRequirements": [
              {
                "FileName": "E:\\SQLData\\TimeTracking.mdf",
                "FileType": "Rows",
                "SizeInMB": 21.00,
                "ReadLatencyInMs": 0.00,
                "WriteLatencyInMs": 0.00,
                "IOPSRequirement": 0.00,
                "IOThroughputRequirementInMBps": 0.00,
                "WriteRateRequirementInMBps": 0.00,
                "NumberOfDataPointsAnalyzed": 114.00
              },
              {
                "FileName": "E:\\SQLLogs\\TimeTracking_log.ldf",
                "FileType": "Log",
                "SizeInMB": 2.75,
                "ReadLatencyInMs": 0.00,
                "WriteLatencyInMs": 0.00,
                "IOPSRequirement": 0.00,
                "IOThroughputRequirementInMBps": 0.00,
                "WriteRateRequirementInMBps": 0.00,
                "NumberOfDataPointsAnalyzed": 114.00
              }
            ],
            "NumberOfDataPointsAnalyzed": 20.00
          },
          {
            "CpuRequirementInCores": 0.00,
            "DataIOPSRequirement": 0.00,
            "LogIOPSRequirement": 0.00,
            "IOLatencyRequirementInMs": NaN,
            "IOThroughputRequirementInMBps": 0.00,
            "DataFileIOThroughputRequirementInMBps": 0.00,
            "LogFileIOThroughputRequirementInMBps": 0.00,
            "LogWriteRateInMBPerSecRequirement": 0.00,
            "DataStorageRequirementInMB": 100.00,
            "LogStorageRequirementInMB": 100.00,
            "DatabaseName": "RenewalTracker",
            "MemoryRequirementInMB": 0.48,
            "CpuRequirementInPercentageOfTotalInstance": 0.00,
            "FileLevelRequirements": [
              {
                "FileName": "E:\\SQLData\\RenewalTracker.mdf",
                "FileType": "Rows",
                "SizeInMB": 100.00,
                "ReadLatencyInMs": 0.00,
                "WriteLatencyInMs": 0.00,
                "IOPSRequirement": 0.00,
                "IOThroughputRequirementInMBps": 0.00,
                "WriteRateRequirementInMBps": 0.00,
                "NumberOfDataPointsAnalyzed": 114.00
              },
              {
                "FileName": "E:\\SQLLogs\\RenewalTracker_log.ldf",
                "FileType": "Log",
                "SizeInMB": 100.00,
                "ReadLatencyInMs": 0.00,
                "WriteLatencyInMs": 0.00,
                "IOPSRequirement": 0.00,
                "IOThroughputRequirementInMBps": 0.00,
                "WriteRateRequirementInMBps": 0.00,
                "NumberOfDataPointsAnalyzed": 114.00
              }
            ],
            "NumberOfDataPointsAnalyzed": 39.00
          },
          {
            "CpuRequirementInCores": 0.00,
            "DataIOPSRequirement": 0.00,
            "LogIOPSRequirement": 0.00,
            "IOLatencyRequirementInMs": NaN,
            "IOThroughputRequirementInMBps": 0.00,
            "DataFileIOThroughputRequirementInMBps": 0.00,
            "LogFileIOThroughputRequirementInMBps": 0.00,
            "LogWriteRateInMBPerSecRequirement": 0.00,
            "DataStorageRequirementInMB": 51.00,
            "LogStorageRequirementInMB": 38.38,
            "DatabaseName": "COV",
            "MemoryRequirementInMB": 0.01,
            "CpuRequirementInPercentageOfTotalInstance": 0.00,
            "FileLevelRequirements": [
              {
                "FileName": "E:\\SQLData\\Cov.mdf",
                "FileType": "Rows",
                "SizeInMB": 51.00,
                "ReadLatencyInMs": 0.00,
                "WriteLatencyInMs": 0.00,
                "IOPSRequirement": 0.00,
                "IOThroughputRequirementInMBps": 0.00,
                "WriteRateRequirementInMBps": 0.00,
                "NumberOfDataPointsAnalyzed": 0.00
              },
              {
                "FileName": "E:\\SQLLogs\\Cov_log.LDF",
                "FileType": "Log",
                "SizeInMB": 38.38,
                "ReadLatencyInMs": 0.00,
                "WriteLatencyInMs": 0.00,
                "IOPSRequirement": 0.00,
                "IOThroughputRequirementInMBps": 0.00,
                "WriteRateRequirementInMBps": 0.00,
                "NumberOfDataPointsAnalyzed": 0.00
              }
            ],
            "NumberOfDataPointsAnalyzed": 1.00
          },
          {
            "CpuRequirementInCores": 0.00,
            "DataIOPSRequirement": 0.00,
            "LogIOPSRequirement": 0.00,
            "IOLatencyRequirementInMs": NaN,
            "IOThroughputRequirementInMBps": 0.00,
            "DataFileIOThroughputRequirementInMBps": 0.00,
            "LogFileIOThroughputRequirementInMBps": 0.00,
            "LogWriteRateInMBPerSecRequirement": 0.00,
            "DataStorageRequirementInMB": 8.00,
            "LogStorageRequirementInMB": 8.00,
            "DatabaseName": "SHIPHJ",
            "MemoryRequirementInMB": 0.00,
            "CpuRequirementInPercentageOfTotalInstance": 0.00,
            "FileLevelRequirements": [
              {
                "FileName": "E:\\SQLData\\SHIPHJ.mdf",
                "FileType": "Rows",
                "SizeInMB": 8.00,
                "ReadLatencyInMs": 0.00,
                "WriteLatencyInMs": 0.00,
                "IOPSRequirement": 0.00,
                "IOThroughputRequirementInMBps": 0.00,
                "WriteRateRequirementInMBps": 0.00,
                "NumberOfDataPointsAnalyzed": 0.00
              },
              {
                "FileName": "E:\\SQLLogs\\SHIPHJ_log.ldf",
                "FileType": "Log",
                "SizeInMB": 8.00,
                "ReadLatencyInMs": 0.00,
                "WriteLatencyInMs": 0.00,
                "IOPSRequirement": 0.00,
                "IOThroughputRequirementInMBps": 0.00,
                "WriteRateRequirementInMBps": 0.00,
                "NumberOfDataPointsAnalyzed": 0.00
              }
            ],
            "NumberOfDataPointsAnalyzed": 0.00
          },
          {
            "CpuRequirementInCores": 0.00,
            "DataIOPSRequirement": 0.00,
            "LogIOPSRequirement": 0.00,
            "IOLatencyRequirementInMs": NaN,
            "IOThroughputRequirementInMBps": 0.00,
            "DataFileIOThroughputRequirementInMBps": 0.00,
            "LogFileIOThroughputRequirementInMBps": 0.00,
            "LogWriteRateInMBPerSecRequirement": 0.00,
            "DataStorageRequirementInMB": 647.00,
            "LogStorageRequirementInMB": 285.06,
            "DatabaseName": "Pro1099CS",
            "MemoryRequirementInMB": 0.57,
            "CpuRequirementInPercentageOfTotalInstance": 0.00,
            "FileLevelRequirements": [
              {
                "FileName": "E:\\SQLData\\Pro1099CS.mdf",
                "FileType": "Rows",
                "SizeInMB": 647.00,
                "ReadLatencyInMs": 0.00,
                "WriteLatencyInMs": 0.00,
                "IOPSRequirement": 0.00,
                "IOThroughputRequirementInMBps": 0.00,
                "WriteRateRequirementInMBps": 0.00,
                "NumberOfDataPointsAnalyzed": 114.00
              },
              {
                "FileName": "E:\\SQLLogs\\Pro1099CS.ldf",
                "FileType": "Log",
                "SizeInMB": 285.06,
                "ReadLatencyInMs": 0.00,
                "WriteLatencyInMs": 0.00,
                "IOPSRequirement": 0.00,
                "IOThroughputRequirementInMBps": 0.00,
                "WriteRateRequirementInMBps": 0.00,
                "NumberOfDataPointsAnalyzed": 114.00
              }
            ],
            "NumberOfDataPointsAnalyzed": 20.00
          },
          {
            "CpuRequirementInCores": 0.00,
            "DataIOPSRequirement": 0.00,
            "LogIOPSRequirement": 0.00,
            "IOLatencyRequirementInMs": NaN,
            "IOThroughputRequirementInMBps": 0.00,
            "DataFileIOThroughputRequirementInMBps": 0.00,
            "LogFileIOThroughputRequirementInMBps": 0.00,
            "LogWriteRateInMBPerSecRequirement": 0.00,
            "DataStorageRequirementInMB": 131.44,
            "LogStorageRequirementInMB": 46.50,
            "DatabaseName": "Tracker_Data",
            "MemoryRequirementInMB": 0.41,
            "CpuRequirementInPercentageOfTotalInstance": 0.00,
            "FileLevelRequirements": [
              {
                "FileName": "E:\\SQLData\\Tracker_Data.mdf",
                "FileType": "Rows",
                "SizeInMB": 131.44,
                "ReadLatencyInMs": 0.00,
                "WriteLatencyInMs": 0.00,
                "IOPSRequirement": 0.00,
                "IOThroughputRequirementInMBps": 0.00,
                "WriteRateRequirementInMBps": 0.00,
                "NumberOfDataPointsAnalyzed": 114.00
              },
              {
                "FileName": "E:\\SQLLogs\\Tracker_Data_log.ldf",
                "FileType": "Log",
                "SizeInMB": 46.50,
                "ReadLatencyInMs": 0.00,
                "WriteLatencyInMs": 0.00,
                "IOPSRequirement": 0.00,
                "IOThroughputRequirementInMBps": 0.00,
                "WriteRateRequirementInMBps": 0.00,
                "NumberOfDataPointsAnalyzed": 114.00
              }
            ],
            "NumberOfDataPointsAnalyzed": 20.00
          },
          {
            "CpuRequirementInCores": 0.00,
            "DataIOPSRequirement": 0.00,
            "LogIOPSRequirement": 0.00,
            "IOLatencyRequirementInMs": NaN,
            "IOThroughputRequirementInMBps": 0.00,
            "DataFileIOThroughputRequirementInMBps": 0.00,
            "LogFileIOThroughputRequirementInMBps": 0.00,
            "LogWriteRateInMBPerSecRequirement": 0.00,
            "DataStorageRequirementInMB": 38.81,
            "LogStorageRequirementInMB": 31.69,
            "DatabaseName": "Tracker_SysAdmin",
            "MemoryRequirementInMB": 0.40,
            "CpuRequirementInPercentageOfTotalInstance": 0.00,
            "FileLevelRequirements": [
              {
                "FileName": "E:\\SQLData\\Tracker_SysAdmin.mdf",
                "FileType": "Rows",
                "SizeInMB": 38.81,
                "ReadLatencyInMs": 0.00,
                "WriteLatencyInMs": 0.00,
                "IOPSRequirement": 0.00,
                "IOThroughputRequirementInMBps": 0.00,
                "WriteRateRequirementInMBps": 0.00,
                "NumberOfDataPointsAnalyzed": 114.00
              },
              {
                "FileName": "E:\\SQLLogs\\Tracker_SysAdmin_log.ldf",
                "FileType": "Log",
                "SizeInMB": 31.69,
                "ReadLatencyInMs": 0.00,
                "WriteLatencyInMs": 0.00,
                "IOPSRequirement": 0.00,
                "IOThroughputRequirementInMBps": 0.00,
                "WriteRateRequirementInMBps": 0.00,
                "NumberOfDataPointsAnalyzed": 114.00
              }
            ],
            "NumberOfDataPointsAnalyzed": 20.00
          },
          {
            "CpuRequirementInCores": 0.00,
            "DataIOPSRequirement": 0.00,
            "LogIOPSRequirement": 0.00,
            "IOLatencyRequirementInMs": NaN,
            "IOThroughputRequirementInMBps": 0.00,
            "DataFileIOThroughputRequirementInMBps": 0.00,
            "LogFileIOThroughputRequirementInMBps": 0.00,
            "LogWriteRateInMBPerSecRequirement": 0.00,
            "DataStorageRequirementInMB": 1788.25,
            "LogStorageRequirementInMB": 648.06,
            "DatabaseName": "WebSearch4",
            "MemoryRequirementInMB": 0.46,
            "CpuRequirementInPercentageOfTotalInstance": 0.00,
            "FileLevelRequirements": [
              {
                "FileName": "E:\\SQLData\\WebSearch4.mdf",
                "FileType": "Rows",
                "SizeInMB": 1788.25,
                "ReadLatencyInMs": 0.00,
                "WriteLatencyInMs": 0.00,
                "IOPSRequirement": 0.00,
                "IOThroughputRequirementInMBps": 0.00,
                "WriteRateRequirementInMBps": 0.00,
                "NumberOfDataPointsAnalyzed": 114.00
              },
              {
                "FileName": "E:\\SQLLogs\\WebSearch4_log.LDF",
                "FileType": "Log",
                "SizeInMB": 648.06,
                "ReadLatencyInMs": 0.00,
                "WriteLatencyInMs": 0.00,
                "IOPSRequirement": 0.00,
                "IOThroughputRequirementInMBps": 0.00,
                "WriteRateRequirementInMBps": 0.00,
                "NumberOfDataPointsAnalyzed": 114.00
              }
            ],
            "NumberOfDataPointsAnalyzed": 20.00
          },
          {
            "CpuRequirementInCores": 0.00,
            "DataIOPSRequirement": 0.00,
            "LogIOPSRequirement": 0.00,
            "IOLatencyRequirementInMs": NaN,
            "IOThroughputRequirementInMBps": 0.00,
            "DataFileIOThroughputRequirementInMBps": 0.00,
            "LogFileIOThroughputRequirementInMBps": 0.00,
            "LogWriteRateInMBPerSecRequirement": 0.00,
            "DataStorageRequirementInMB": 27.13,
            "LogStorageRequirementInMB": 5.75,
            "DatabaseName": "DLO",
            "MemoryRequirementInMB": 0.48,
            "CpuRequirementInPercentageOfTotalInstance": 0.00,
            "FileLevelRequirements": [
              {
                "FileName": "E:\\SQLData\\DLO.mdf",
                "FileType": "Rows",
                "SizeInMB": 27.13,
                "ReadLatencyInMs": 0.00,
                "WriteLatencyInMs": 0.00,
                "IOPSRequirement": 0.00,
                "IOThroughputRequirementInMBps": 0.00,
                "WriteRateRequirementInMBps": 0.00,
                "NumberOfDataPointsAnalyzed": 114.00
              },
              {
                "FileName": "E:\\SQLLogs\\DLO_log.LDF",
                "FileType": "Log",
                "SizeInMB": 5.75,
                "ReadLatencyInMs": 0.00,
                "WriteLatencyInMs": 0.00,
                "IOPSRequirement": 0.00,
                "IOThroughputRequirementInMBps": 0.00,
                "WriteRateRequirementInMBps": 0.00,
                "NumberOfDataPointsAnalyzed": 114.00
              }
            ],
            "NumberOfDataPointsAnalyzed": 20.00
          },
          {
            "CpuRequirementInCores": 0.00,
            "DataIOPSRequirement": 0.00,
            "LogIOPSRequirement": 0.00,
            "IOLatencyRequirementInMs": NaN,
            "IOThroughputRequirementInMBps": 0.00,
            "DataFileIOThroughputRequirementInMBps": 0.00,
            "LogFileIOThroughputRequirementInMBps": 0.00,
            "LogWriteRateInMBPerSecRequirement": 0.00,
            "DataStorageRequirementInMB": 159.19,
            "LogStorageRequirementInMB": 122.00,
            "DatabaseName": "SHIP_DFT",
            "MemoryRequirementInMB": 0.48,
            "CpuRequirementInPercentageOfTotalInstance": 0.00,
            "FileLevelRequirements": [
              {
                "FileName": "E:\\SQLData\\SHIP_DFT.mdf",
                "FileType": "Rows",
                "SizeInMB": 159.19,
                "ReadLatencyInMs": 0.00,
                "WriteLatencyInMs": 0.00,
                "IOPSRequirement": 0.00,
                "IOThroughputRequirementInMBps": 0.00,
                "WriteRateRequirementInMBps": 0.00,
                "NumberOfDataPointsAnalyzed": 114.00
              },
              {
                "FileName": "E:\\SQLLogs\\SHIP_DFT_1.LDF",
                "FileType": "Log",
                "SizeInMB": 122.00,
                "ReadLatencyInMs": 0.00,
                "WriteLatencyInMs": 0.00,
                "IOPSRequirement": 0.00,
                "IOThroughputRequirementInMBps": 0.00,
                "WriteRateRequirementInMBps": 0.00,
                "NumberOfDataPointsAnalyzed": 114.00
              }
            ],
            "NumberOfDataPointsAnalyzed": 20.00
          },
          {
            "CpuRequirementInCores": 0.00,
            "DataIOPSRequirement": 0.00,
            "LogIOPSRequirement": 0.00,
            "IOLatencyRequirementInMs": NaN,
            "IOThroughputRequirementInMBps": 0.00,
            "DataFileIOThroughputRequirementInMBps": 0.00,
            "LogFileIOThroughputRequirementInMBps": 0.00,
            "LogWriteRateInMBPerSecRequirement": 0.00,
            "DataStorageRequirementInMB": 2985.00,
            "LogStorageRequirementInMB": 161.75,
            "DatabaseName": "JIRAIssueTracking_Prod",
            "MemoryRequirementInMB": 0.52,
            "CpuRequirementInPercentageOfTotalInstance": 0.00,
            "FileLevelRequirements": [
              {
                "FileName": "E:\\SQLData\\JIRA_719_IssueTracking.mdf",
                "FileType": "Rows",
                "SizeInMB": 2985.00,
                "ReadLatencyInMs": 0.00,
                "WriteLatencyInMs": 0.00,
                "IOPSRequirement": 0.00,
                "IOThroughputRequirementInMBps": 0.00,
                "WriteRateRequirementInMBps": 0.00,
                "NumberOfDataPointsAnalyzed": 114.00
              },
              {
                "FileName": "E:\\SQLLogs\\JIRA_719_IssueTracking_log.ldf",
                "FileType": "Log",
                "SizeInMB": 161.75,
                "ReadLatencyInMs": 0.00,
                "WriteLatencyInMs": 0.00,
                "IOPSRequirement": 0.00,
                "IOThroughputRequirementInMBps": 0.00,
                "WriteRateRequirementInMBps": 0.00,
                "NumberOfDataPointsAnalyzed": 114.00
              }
            ],
            "NumberOfDataPointsAnalyzed": 20.00
          },
          {
            "CpuRequirementInCores": 0.00,
            "DataIOPSRequirement": 0.00,
            "LogIOPSRequirement": 0.00,
            "IOLatencyRequirementInMs": NaN,
            "IOThroughputRequirementInMBps": 0.00,
            "DataFileIOThroughputRequirementInMBps": 0.00,
            "LogFileIOThroughputRequirementInMBps": 0.00,
            "LogWriteRateInMBPerSecRequirement": 0.00,
            "DataStorageRequirementInMB": 13177.00,
            "LogStorageRequirementInMB": 258.00,
            "DatabaseName": "SHIP_DFT_ATTACHMENT",
            "MemoryRequirementInMB": 0.42,
            "CpuRequirementInPercentageOfTotalInstance": 0.00,
            "FileLevelRequirements": [
              {
                "FileName": "E:\\SQLData\\SHIP_DFT_ATTACHMENT.mdf",
                "FileType": "Rows",
                "SizeInMB": 13177.00,
                "ReadLatencyInMs": 0.00,
                "WriteLatencyInMs": 0.00,
                "IOPSRequirement": 0.00,
                "IOThroughputRequirementInMBps": 0.00,
                "WriteRateRequirementInMBps": 0.00,
                "NumberOfDataPointsAnalyzed": 114.00
              },
              {
                "FileName": "E:\\SQLLogs\\SHIP_DFT_ATTACHMENT.LDF",
                "FileType": "Log",
                "SizeInMB": 258.00,
                "ReadLatencyInMs": 0.00,
                "WriteLatencyInMs": 0.00,
                "IOPSRequirement": 0.00,
                "IOThroughputRequirementInMBps": 0.00,
                "WriteRateRequirementInMBps": 0.00,
                "NumberOfDataPointsAnalyzed": 114.00
              }
            ],
            "NumberOfDataPointsAnalyzed": 20.00
          },
          {
            "CpuRequirementInCores": 0.00,
            "DataIOPSRequirement": 0.00,
            "LogIOPSRequirement": 0.00,
            "IOLatencyRequirementInMs": NaN,
            "IOThroughputRequirementInMBps": 0.00,
            "DataFileIOThroughputRequirementInMBps": 0.00,
            "LogFileIOThroughputRequirementInMBps": 0.00,
            "LogWriteRateInMBPerSecRequirement": 0.00,
            "DataStorageRequirementInMB": 100.00,
            "LogStorageRequirementInMB": 100.00,
            "DatabaseName": "RenewalTracker_Restored",
            "MemoryRequirementInMB": 0.36,
            "CpuRequirementInPercentageOfTotalInstance": 0.00,
            "FileLevelRequirements": [
              {
                "FileName": "E:\\SQLData\\RenewalTracker_Restored.mdf",
                "FileType": "Rows",
                "SizeInMB": 100.00,
                "ReadLatencyInMs": 0.00,
                "WriteLatencyInMs": 0.00,
                "IOPSRequirement": 0.00,
                "IOThroughputRequirementInMBps": 0.00,
                "WriteRateRequirementInMBps": 0.00,
                "NumberOfDataPointsAnalyzed": 114.00
              },
              {
                "FileName": "E:\\SQLLogs\\RenewalTracker_Restored_log.ldf",
                "FileType": "Log",
                "SizeInMB": 100.00,
                "ReadLatencyInMs": 0.00,
                "WriteLatencyInMs": 0.00,
                "IOPSRequirement": 0.00,
                "IOThroughputRequirementInMBps": 0.00,
                "WriteRateRequirementInMBps": 0.00,
                "NumberOfDataPointsAnalyzed": 114.00
              }
            ],
            "NumberOfDataPointsAnalyzed": 20.00
          },
          {
            "CpuRequirementInCores": 0.00,
            "DataIOPSRequirement": 0.00,
            "LogIOPSRequirement": 0.00,
            "IOLatencyRequirementInMs": NaN,
            "IOThroughputRequirementInMBps": 0.00,
            "DataFileIOThroughputRequirementInMBps": 0.00,
            "LogFileIOThroughputRequirementInMBps": 0.00,
            "LogWriteRateInMBPerSecRequirement": 0.00,
            "DataStorageRequirementInMB": 760.00,
            "LogStorageRequirementInMB": 373.00,
            "DatabaseName": "GAWF",
            "MemoryRequirementInMB": 0.78,
            "CpuRequirementInPercentageOfTotalInstance": 0.00,
            "FileLevelRequirements": [
              {
                "FileName": "E:\\SQLData\\GAWF.mdf",
                "FileType": "Rows",
                "SizeInMB": 760.00,
                "ReadLatencyInMs": 0.00,
                "WriteLatencyInMs": 0.00,
                "IOPSRequirement": 0.00,
                "IOThroughputRequirementInMBps": 0.00,
                "WriteRateRequirementInMBps": 0.00,
                "NumberOfDataPointsAnalyzed": 114.00
              },
              {
                "FileName": "E:\\SQLLogs\\GAWF_log.ldf",
                "FileType": "Log",
                "SizeInMB": 373.00,
                "ReadLatencyInMs": 0.00,
                "WriteLatencyInMs": 0.00,
                "IOPSRequirement": 0.00,
                "IOThroughputRequirementInMBps": 0.00,
                "WriteRateRequirementInMBps": 0.00,
                "NumberOfDataPointsAnalyzed": 114.00
              }
            ],
            "NumberOfDataPointsAnalyzed": 39.00
          },
          {
            "CpuRequirementInCores": 0.07,
            "DataIOPSRequirement": 0.00,
            "LogIOPSRequirement": 0.60,
            "IOLatencyRequirementInMs": NaN,
            "IOThroughputRequirementInMBps": 0.01,
            "DataFileIOThroughputRequirementInMBps": 0.00,
            "LogFileIOThroughputRequirementInMBps": 0.01,
            "LogWriteRateInMBPerSecRequirement": 0.01,
            "DataStorageRequirementInMB": 283.00,
            "LogStorageRequirementInMB": 3541.00,
            "DatabaseName": "GADATA",
            "MemoryRequirementInMB": 45.59,
            "CpuRequirementInPercentageOfTotalInstance": 72.88,
            "FileLevelRequirements": [
              {
                "FileName": "E:\\SQLData\\GADATA.mdf",
                "FileType": "Rows",
                "SizeInMB": 283.00,
                "ReadLatencyInMs": 0.00,
                "WriteLatencyInMs": 0.00,
                "IOPSRequirement": 0.00,
                "IOThroughputRequirementInMBps": 0.00,
                "WriteRateRequirementInMBps": 0.00,
                "NumberOfDataPointsAnalyzed": 114.00
              },
              {
                "FileName": "E:\\SQLLogs\\GADATA_log.ldf",
                "FileType": "Log",
                "SizeInMB": 3541.00,
                "ReadLatencyInMs": 0.00,
                "WriteLatencyInMs": 18.75,
                "IOPSRequirement": 0.60,
                "IOThroughputRequirementInMBps": 0.01,
                "WriteRateRequirementInMBps": 0.01,
                "NumberOfDataPointsAnalyzed": 114.00
              }
            ],
            "NumberOfDataPointsAnalyzed": 39.00
          },
          {
            "CpuRequirementInCores": 0.00,
            "DataIOPSRequirement": 0.00,
            "LogIOPSRequirement": 0.00,
            "IOLatencyRequirementInMs": NaN,
            "IOThroughputRequirementInMBps": 0.00,
            "DataFileIOThroughputRequirementInMBps": 0.00,
            "LogFileIOThroughputRequirementInMBps": 0.00,
            "LogWriteRateInMBPerSecRequirement": 0.00,
            "DataStorageRequirementInMB": 100.00,
            "LogStorageRequirementInMB": 100.00,
            "DatabaseName": "ACH_AUDITDB",
            "MemoryRequirementInMB": 0.21,
            "CpuRequirementInPercentageOfTotalInstance": 0.00,
            "FileLevelRequirements": [
              {
                "FileName": "E:\\SQLData\\ACH_VALIDATION.mdf",
                "FileType": "Rows",
                "SizeInMB": 100.00,
                "ReadLatencyInMs": 0.00,
                "WriteLatencyInMs": 0.00,
                "IOPSRequirement": 0.00,
                "IOThroughputRequirementInMBps": 0.00,
                "WriteRateRequirementInMBps": 0.00,
                "NumberOfDataPointsAnalyzed": 114.00
              },
              {
                "FileName": "E:\\SQLLogs\\ACH_VALIDATION_log.ldf",
                "FileType": "Log",
                "SizeInMB": 100.00,
                "ReadLatencyInMs": 0.00,
                "WriteLatencyInMs": 0.00,
                "IOPSRequirement": 0.00,
                "IOThroughputRequirementInMBps": 0.00,
                "WriteRateRequirementInMBps": 0.00,
                "NumberOfDataPointsAnalyzed": 114.00
              }
            ],
            "NumberOfDataPointsAnalyzed": 39.00
          },
          {
            "CpuRequirementInCores": 0.00,
            "DataIOPSRequirement": 0.00,
            "LogIOPSRequirement": 0.00,
            "IOLatencyRequirementInMs": NaN,
            "IOThroughputRequirementInMBps": 0.00,
            "DataFileIOThroughputRequirementInMBps": 0.00,
            "LogFileIOThroughputRequirementInMBps": 0.00,
            "LogWriteRateInMBPerSecRequirement": 0.00,
            "DataStorageRequirementInMB": 3260.00,
            "LogStorageRequirementInMB": 167.00,
            "DatabaseName": "JIRASTAGE_Prod",
            "MemoryRequirementInMB": 0.18,
            "CpuRequirementInPercentageOfTotalInstance": 0.00,
            "FileLevelRequirements": [
              {
                "FileName": "E:\\SQLData\\JIRASTAGE_Prod.mdf",
                "FileType": "Rows",
                "SizeInMB": 3260.00,
                "ReadLatencyInMs": 0.00,
                "WriteLatencyInMs": 0.00,
                "IOPSRequirement": 0.00,
                "IOThroughputRequirementInMBps": 0.00,
                "WriteRateRequirementInMBps": 0.00,
                "NumberOfDataPointsAnalyzed": 114.00
              },
              {
                "FileName": "E:\\SQLLogs\\JIRASTAGE_Prod_log.ldf",
                "FileType": "Log",
                "SizeInMB": 167.00,
                "ReadLatencyInMs": 0.00,
                "WriteLatencyInMs": 0.00,
                "IOPSRequirement": 0.00,
                "IOThroughputRequirementInMBps": 0.00,
                "WriteRateRequirementInMBps": 0.00,
                "NumberOfDataPointsAnalyzed": 114.00
              }
            ],
            "NumberOfDataPointsAnalyzed": 20.00
          },
          {
            "CpuRequirementInCores": 0.00,
            "DataIOPSRequirement": 0.00,
            "LogIOPSRequirement": 0.00,
            "IOLatencyRequirementInMs": NaN,
            "IOThroughputRequirementInMBps": 0.00,
            "DataFileIOThroughputRequirementInMBps": 0.00,
            "LogFileIOThroughputRequirementInMBps": 0.00,
            "LogWriteRateInMBPerSecRequirement": 0.00,
            "DataStorageRequirementInMB": 100.00,
            "LogStorageRequirementInMB": 100.00,
            "DatabaseName": "PayFileValidation",
            "MemoryRequirementInMB": 0.73,
            "CpuRequirementInPercentageOfTotalInstance": 0.00,
            "FileLevelRequirements": [
              {
                "FileName": "E:\\SQLData\\PayFileValidation.mdf",
                "FileType": "Rows",
                "SizeInMB": 100.00,
                "ReadLatencyInMs": 0.00,
                "WriteLatencyInMs": 0.00,
                "IOPSRequirement": 0.00,
                "IOThroughputRequirementInMBps": 0.00,
                "WriteRateRequirementInMBps": 0.00,
                "NumberOfDataPointsAnalyzed": 114.00
              },
              {
                "FileName": "E:\\SQLLogs\\PayFileValidation_log.ldf",
                "FileType": "Log",
                "SizeInMB": 100.00,
                "ReadLatencyInMs": 0.00,
                "WriteLatencyInMs": 0.00,
                "IOPSRequirement": 0.00,
                "IOThroughputRequirementInMBps": 0.00,
                "WriteRateRequirementInMBps": 0.00,
                "NumberOfDataPointsAnalyzed": 114.00
              }
            ],
            "NumberOfDataPointsAnalyzed": 39.00
          }
        ],
        "NumberOfDataPointsAnalyzed": 60.00
      },
      "Recommendations": [
        {
          "RecommendedSku": {
            "Platform": "SQL Server on Azure VM",
            "VirtualMachineFamily": "standardDASv4Family",
            "VirtualMachineSize": "D2as_v4",
            "SizeInVCores": 2,
            "DataDisks": [
              {
                "Type": "PremiumSSD",
                "Size": "P3",
                "Caching": "ReadOnly"
              },
              {
                "Type": "PremiumSSD",
                "Size": "P3",
                "Caching": "ReadOnly"
              },
              {
                "Type": "PremiumSSD",
                "Size": "P3",
                "Caching": "ReadOnly"
              }
            ],
            "LogDisks": [
              {
                "Type": "PremiumSSD",
                "Size": "P6",
                "Caching": "None"
              }
            ],
            "TempDbDisks": []
          },
          "Justifications": [
            "According to the performance data collected, we estimate that your instance has a compute requirement of 0.09 vCores. Based on other factors, including memory, storage, and IO, this is the smallest compute sizing that will satisfy all of your requirements.",
            "We recommend placing tempdb on the local ephemeral SSD. This Virtual Machine size supports temporary local storage of up to 16.00 GB, which is large enough to host your 0.04 GB tempdb.",
            "This instance requires 1.51 GB of memory, which can be satisfied by this SKU's maximum of 8.00 GB.",
            "This Virtual Machine size's Memory-to-vCore ratio of 4.0 is greater than or equal to the recommended value of 4.0.",
            "This instance's IOPS requirement of 4.25 is within this Virtual Machine size's uncached IOPS limit of 3200.",
            "This instance's IO throughput requirement of 0.06 MBps is within this Virtual Machine size's uncached limit of 48.00 MBps.",
            "We recommend provisioning dedicated disks for Data storage. This instance's Data storage requirement of 45.68 GB and 0.16 IOPS requirement will fit on 3 P3 disk(s), which can hold 16 GB each.",
            "We recommend provisioning dedicated disks for Log storage. This instance's Log storage requirement of 62.27 GB and 4.09 IOPS requirement will fit on 1 P6 disk(s), which can hold 64 GB each."
          ]
        }
      ]
    }
  ],
  "TimeCreated": "2022-12-01T18:01:48.7764488Z"
}