{
  "Servers": [
    {
      "ServerName": "FUZIONSSIS01-DE",
      "TargetPlatform": "Any",
      "Requirements": {
        "CpuRequirementInCores": 0.00,
        "DataStorageRequirementInMB": 6098.00,
        "LogStorageRequirementInMB": 6848.00,
        "MemoryRequirementInMB": 45.24,
        "DataIOPSRequirement": 0.00,
        "LogIOPSRequirement": 0.04,
        "IOLatencyRequirementInMs": NaN,
        "IOThroughputRequirementInMBps": 0.00,
        "DataIOThroughputRequirementInMBps": 0.00,
        "LogIOThroughputRequirementInMBps": 0.00,
        "TempDBSizeInMB": 4352.00,
        "DataPointsStartTime": "0001-01-01T00:00:00",
        "DataPointsEndTime": "9999-12-31T23:59:00",
        "AggregationTargetPercentile": 95,
        "PerfDataCollectionIntervalInSeconds": 30,
        "SqlServerHostRequirements": {
          "HostNICCount": 1
        },
        "DatabaseLevelRequirements": [
          {
            "CpuRequirementInCores": 0.00,
            "DataIOPSRequirement": 0.00,
            "LogIOPSRequirement": 0.03,
            "IOLatencyRequirementInMs": NaN,
            "IOThroughputRequirementInMBps": 0.00,
            "DataFileIOThroughputRequirementInMBps": 0.00,
            "LogFileIOThroughputRequirementInMBps": 0.00,
            "LogWriteRateInMBPerSecRequirement": 0.00,
            "DataStorageRequirementInMB": 2088.00,
            "LogStorageRequirementInMB": 1030.13,
            "DatabaseName": "SSISDB",
            "MemoryRequirementInMB": 22.52,
            "CpuRequirementInPercentageOfTotalInstance": 40.09,
            "FileLevelRequirements": [
              {
                "FileName": "E:\\Program Files\\Microsoft SQL Server\\MSSQL14.MSSQLSERVER\\MSSQL\\DATA\\SSISDB.mdf",
                "FileType": "Rows",
                "SizeInMB": 2088.00,
                "ReadLatencyInMs": 0.00,
                "WriteLatencyInMs": 0.00,
                "IOPSRequirement": 0.00,
                "IOThroughputRequirementInMBps": 0.00,
                "WriteRateRequirementInMBps": 0.00,
                "NumberOfDataPointsAnalyzed": 1956.00
              },
              {
                "FileName": "E:\\Program Files\\Microsoft SQL Server\\MSSQL14.MSSQLSERVER\\MSSQL\\DATA\\SSISDB.ldf",
                "FileType": "Log",
                "SizeInMB": 1030.13,
                "ReadLatencyInMs": 0.00,
                "WriteLatencyInMs": 4.92,
                "IOPSRequirement": 0.03,
                "IOThroughputRequirementInMBps": 0.00,
                "WriteRateRequirementInMBps": 0.00,
                "NumberOfDataPointsAnalyzed": 1956.00
              }
            ],
            "NumberOfDataPointsAnalyzed": 691.00
          },
          {
            "CpuRequirementInCores": 0.00,
            "DataIOPSRequirement": 0.00,
            "LogIOPSRequirement": 0.00,
            "IOLatencyRequirementInMs": NaN,
            "IOThroughputRequirementInMBps": 0.00,
            "DataFileIOThroughputRequirementInMBps": 0.00,
            "LogFileIOThroughputRequirementInMBps": 0.00,
            "LogWriteRateInMBPerSecRequirement": 0.00,
            "DataStorageRequirementInMB": 100.00,
            "LogStorageRequirementInMB": 50.00,
            "DatabaseName": "ReportServer",
            "MemoryRequirementInMB": 4.34,
            "CpuRequirementInPercentageOfTotalInstance": 100.00,
            "FileLevelRequirements": [
              {
                "FileName": "E:\\Program Files\\Microsoft SQL Server\\MSSQL14.MSSQLSERVER\\MSSQL\\DATA\\ReportServer.mdf",
                "FileType": "Rows",
                "SizeInMB": 100.00,
                "ReadLatencyInMs": 0.00,
                "WriteLatencyInMs": 0.00,
                "IOPSRequirement": 0.00,
                "IOThroughputRequirementInMBps": 0.00,
                "WriteRateRequirementInMBps": 0.00,
                "NumberOfDataPointsAnalyzed": 1956.00
              },
              {
                "FileName": "E:\\Program Files\\Microsoft SQL Server\\MSSQL14.MSSQLSERVER\\MSSQL\\DATA\\ReportServer_log.ldf",
                "FileType": "Log",
                "SizeInMB": 50.00,
                "ReadLatencyInMs": 0.00,
                "WriteLatencyInMs": 0.27,
                "IOPSRequirement": 0.00,
                "IOThroughputRequirementInMBps": 0.00,
                "WriteRateRequirementInMBps": 0.00,
                "NumberOfDataPointsAnalyzed": 1956.00
              }
            ],
            "NumberOfDataPointsAnalyzed": 691.00
          },
          {
            "CpuRequirementInCores": 0.00,
            "DataIOPSRequirement": 0.00,
            "LogIOPSRequirement": 0.00,
            "IOLatencyRequirementInMs": NaN,
            "IOThroughputRequirementInMBps": 0.00,
            "DataFileIOThroughputRequirementInMBps": 0.00,
            "LogFileIOThroughputRequirementInMBps": 0.00,
            "LogWriteRateInMBPerSecRequirement": 0.00,
            "DataStorageRequirementInMB": 100.00,
            "LogStorageRequirementInMB": 50.00,
            "DatabaseName": "ReportServerTempDB",
            "MemoryRequirementInMB": 2.63,
            "CpuRequirementInPercentageOfTotalInstance": 0.00,
            "FileLevelRequirements": [
              {
                "FileName": "E:\\Program Files\\Microsoft SQL Server\\MSSQL14.MSSQLSERVER\\MSSQL\\DATA\\ReportServerTempDB.mdf",
                "FileType": "Rows",
                "SizeInMB": 100.00,
                "ReadLatencyInMs": 0.00,
                "WriteLatencyInMs": 0.00,
                "IOPSRequirement": 0.00,
                "IOThroughputRequirementInMBps": 0.00,
                "WriteRateRequirementInMBps": 0.00,
                "NumberOfDataPointsAnalyzed": 1956.00
              },
              {
                "FileName": "E:\\Program Files\\Microsoft SQL Server\\MSSQL14.MSSQLSERVER\\MSSQL\\DATA\\ReportServerTempDB_log.ldf",
                "FileType": "Log",
                "SizeInMB": 50.00,
                "ReadLatencyInMs": 0.00,
                "WriteLatencyInMs": 0.00,
                "IOPSRequirement": 0.00,
                "IOThroughputRequirementInMBps": 0.00,
                "WriteRateRequirementInMBps": 0.00,
                "NumberOfDataPointsAnalyzed": 1956.00
              }
            ],
            "NumberOfDataPointsAnalyzed": 691.00
          },
          {
            "CpuRequirementInCores": 0.00,
            "DataIOPSRequirement": 0.00,
            "LogIOPSRequirement": 0.00,
            "IOLatencyRequirementInMs": NaN,
            "IOThroughputRequirementInMBps": 0.00,
            "DataFileIOThroughputRequirementInMBps": 0.00,
            "LogFileIOThroughputRequirementInMBps": 0.00,
            "LogWriteRateInMBPerSecRequirement": 0.00,
            "DataStorageRequirementInMB": 100.00,
            "LogStorageRequirementInMB": 50.00,
            "DatabaseName": "FileWatcher",
            "MemoryRequirementInMB": 2.23,
            "CpuRequirementInPercentageOfTotalInstance": 0.00,
            "FileLevelRequirements": [
              {
                "FileName": "E:\\Program Files\\Microsoft SQL Server\\MSSQL14.MSSQLSERVER\\MSSQL\\DATA\\FileWatcher.mdf",
                "FileType": "Rows",
                "SizeInMB": 100.00,
                "ReadLatencyInMs": 0.00,
                "WriteLatencyInMs": 0.00,
                "IOPSRequirement": 0.00,
                "IOThroughputRequirementInMBps": 0.00,
                "WriteRateRequirementInMBps": 0.00,
                "NumberOfDataPointsAnalyzed": 1956.00
              },
              {
                "FileName": "E:\\Program Files\\Microsoft SQL Server\\MSSQL14.MSSQLSERVER\\MSSQL\\DATA\\FileWatcher_log.ldf",
                "FileType": "Log",
                "SizeInMB": 50.00,
                "ReadLatencyInMs": 0.00,
                "WriteLatencyInMs": 0.00,
                "IOPSRequirement": 0.00,
                "IOThroughputRequirementInMBps": 0.00,
                "WriteRateRequirementInMBps": 0.00,
                "NumberOfDataPointsAnalyzed": 1956.00
              }
            ],
            "NumberOfDataPointsAnalyzed": 691.00
          },
          {
            "CpuRequirementInCores": 0.00,
            "DataIOPSRequirement": 0.00,
            "LogIOPSRequirement": 0.00,
            "IOLatencyRequirementInMs": NaN,
            "IOThroughputRequirementInMBps": 0.00,
            "DataFileIOThroughputRequirementInMBps": 0.00,
            "LogFileIOThroughputRequirementInMBps": 0.00,
            "LogWriteRateInMBPerSecRequirement": 0.00,
            "DataStorageRequirementInMB": 3710.00,
            "LogStorageRequirementInMB": 5667.88,
            "DatabaseName": "Confluence",
            "MemoryRequirementInMB": 13.52,
            "CpuRequirementInPercentageOfTotalInstance": 0.00,
            "FileLevelRequirements": [
              {
                "FileName": "E:\\Program Files\\Microsoft SQL Server\\MSSQL14.MSSQLSERVER\\MSSQL\\DATA\\Confluence.mdf",
                "FileType": "Rows",
                "SizeInMB": 3710.00,
                "ReadLatencyInMs": 0.00,
                "WriteLatencyInMs": 0.00,
                "IOPSRequirement": 0.00,
                "IOThroughputRequirementInMBps": 0.00,
                "WriteRateRequirementInMBps": 0.00,
                "NumberOfDataPointsAnalyzed": 1956.00
              },
              {
                "FileName": "E:\\Program Files\\Microsoft SQL Server\\MSSQL14.MSSQLSERVER\\MSSQL\\DATA\\Confluence_log.ldf",
                "FileType": "Log",
                "SizeInMB": 5667.88,
                "ReadLatencyInMs": 0.00,
                "WriteLatencyInMs": 0.00,
                "IOPSRequirement": 0.00,
                "IOThroughputRequirementInMBps": 0.00,
                "WriteRateRequirementInMBps": 0.00,
                "NumberOfDataPointsAnalyzed": 1956.00
              }
            ],
            "NumberOfDataPointsAnalyzed": 691.00
          }
        ],
        "NumberOfDataPointsAnalyzed": 1095.00
      },
      "Recommendations": [
        {
          "RecommendedSku": {
            "Platform": "SQL Server on Azure VM",
            "VirtualMachineFamily": "standardDASv4Family",
            "VirtualMachineSize": "D2as_v4",
            "SizeInVCores": 2,
            "DataDisks": [
              {
                "Type": "PremiumSSD",
                "Size": "P2",
                "Caching": "ReadOnly"
              }
            ],
            "LogDisks": [
              {
                "Type": "PremiumSSD",
                "Size": "P2",
                "Caching": "None"
              }
            ],
            "TempDbDisks": []
          },
          "Justifications": [
            "According to the performance data collected, we estimate that your instance has a compute requirement of 0.00 vCores. Based on other factors, including memory, storage, and IO, this is the smallest compute sizing that will satisfy all of your requirements.",
            "We recommend placing tempdb on the local ephemeral SSD. This Virtual Machine size supports temporary local storage of up to 16.00 GB, which is large enough to host your 4.25 GB tempdb.",
            "This instance requires 0.04 GB of memory, which can be satisfied by this SKU's maximum of 8.00 GB.",
            "This Virtual Machine size's Memory-to-vCore ratio of 4.0 is greater than or equal to the recommended value of 4.0.",
            "This instance's IOPS requirement of 0.04 is within this Virtual Machine size's uncached IOPS limit of 3200.",
            "This instance's IO throughput requirement of 0.00 MBps is within this Virtual Machine size's uncached limit of 48.00 MBps.",
            "We recommend provisioning dedicated disks for Data storage. This instance's Data storage requirement of 5.96 GB and 0.00 IOPS requirement will fit on 1 P2 disk(s), which can hold 8 GB each.",
            "We recommend provisioning dedicated disks for Log storage. This instance's Log storage requirement of 6.69 GB and 0.04 IOPS requirement will fit on 1 P2 disk(s), which can hold 8 GB each."
          ]
        }
      ]
    }
  ],
  "TimeCreated": "2022-12-01T02:27:24.543832Z"
}