{
	"action": "PerfDataCollection",
	"perfQueryIntervalInSec": 60,
	"staticQueryIntervalInSec": 60,
	"sqlConnectionStrings": [
	"Data Source=FUZIONSQL02;Initial Catalog=master;Integrated Security=True;",
	"Data Source=fuzionsql03;Initial Catalog=master;Integrated Security=True;",
	"Data Source=SSIS01-P;Initial Catalog=master;Integrated Security=True;",
	"Data Source=FUZIONSQL02-DEV;Initial Catalog=master;Integrated Security=True;"
	],
	"numberOfIterations": 1440,
  	"outputFolder": "C:\\SQLAssessment\\PerformanceData\\output24"
}

