ServerName,DatabaseName,DatabaseFileName,FileType,TimeDataCollected,CounterName,AggregatorType,Value
FUZIONSSIS01-DE,Confluence,,,2022-12-01 16:47:58,DCS,Mean,13.280001
FUZIONSSIS01-DE,Confluence,,,2022-12-01 16:47:58,DCS,Occurence,20
FUZIONSSIS01-DE,Confluence,,,2022-12-01 16:47:58,DCS,Variance,9.094947E-13
FUZIONSSIS01-DE,Confluence,,,2022-12-01 16:47:58,DCS,Max,13.28
FUZIONSSIS01-DE,Confluence,,,2022-12-01 16:47:58,DCP,Mean,0
FUZIONSSIS01-DE,Confluence,,,2022-12-01 16:47:58,DCP,Occurence,19
FUZIONSSIS01-DE,Confluence,,,2022-12-01 16:47:58,DCP,Variance,0
FUZIONSSIS01-DE,Confluence,,,2022-12-01 16:47:58,DCP,Max,0
FUZIONSSIS01-DE,SSISDB,,,2022-12-01 16:47:58,DCS,Mean,7.1400003
FUZIONSSIS01-DE,SSISDB,,,2022-12-01 16:47:58,DCS,Occurence,20
FUZIONSSIS01-DE,SSISDB,,,2022-12-01 16:47:58,DCS,Variance,2.2737368E-13
FUZIONSSIS01-DE,SSISDB,,,2022-12-01 16:47:58,DCS,Max,7.14
FUZIONSSIS01-DE,SSISDB,,,2022-12-01 16:47:58,DCP,Mean,10.877193
FUZIONSSIS01-DE,SSISDB,,,2022-12-01 16:47:58,DCP,Occurence,19
FUZIONSSIS01-DE,SSISDB,,,2022-12-01 16:47:58,DCP,Variance,280.2247
FUZIONSSIS01-DE,SSISDB,,,2022-12-01 16:47:58,DCP,Max,50
FUZIONSSIS01-DE,ReportServer,,,2022-12-01 16:47:58,DCS,Mean,3.86
FUZIONSSIS01-DE,ReportServer,,,2022-12-01 16:47:58,DCS,Occurence,20
FUZIONSSIS01-DE,ReportServer,,,2022-12-01 16:47:58,DCS,Variance,0
FUZIONSSIS01-DE,ReportServer,,,2022-12-01 16:47:58,DCS,Max,3.86
FUZIONSSIS01-DE,ReportServer,,,2022-12-01 16:47:58,DCP,Mean,89.12281
FUZIONSSIS01-DE,ReportServer,,,2022-12-01 16:47:58,DCP,Occurence,19
FUZIONSSIS01-DE,ReportServer,,,2022-12-01 16:47:58,DCP,Variance,280.22464
FUZIONSSIS01-DE,ReportServer,,,2022-12-01 16:47:58,DCP,Max,100
FUZIONSSIS01-DE,ReportServerTempDB,,,2022-12-01 16:47:58,DCS,Mean,2.38
FUZIONSSIS01-DE,ReportServerTempDB,,,2022-12-01 16:47:58,DCS,Occurence,20
FUZIONSSIS01-DE,ReportServerTempDB,,,2022-12-01 16:47:58,DCS,Variance,0
FUZIONSSIS01-DE,ReportServerTempDB,,,2022-12-01 16:47:58,DCS,Max,2.38
FUZIONSSIS01-DE,ReportServerTempDB,,,2022-12-01 16:47:58,DCP,Mean,0
FUZIONSSIS01-DE,ReportServerTempDB,,,2022-12-01 16:47:58,DCP,Occurence,19
FUZIONSSIS01-DE,ReportServerTempDB,,,2022-12-01 16:47:58,DCP,Variance,0
FUZIONSSIS01-DE,ReportServerTempDB,,,2022-12-01 16:47:58,DCP,Max,0
FUZIONSSIS01-DE,FileWatcher,,,2022-12-01 16:47:58,DCS,Mean,2.2
FUZIONSSIS01-DE,FileWatcher,,,2022-12-01 16:47:58,DCS,Occurence,20
FUZIONSSIS01-DE,FileWatcher,,,2022-12-01 16:47:58,DCS,Variance,0
FUZIONSSIS01-DE,FileWatcher,,,2022-12-01 16:47:58,DCS,Max,2.2
FUZIONSSIS01-DE,FileWatcher,,,2022-12-01 16:47:58,DCP,Mean,0
FUZIONSSIS01-DE,FileWatcher,,,2022-12-01 16:47:58,DCP,Occurence,19
FUZIONSSIS01-DE,FileWatcher,,,2022-12-01 16:47:58,DCP,Variance,0
FUZIONSSIS01-DE,FileWatcher,,,2022-12-01 16:47:58,DCP,Max,0
FUZIONSSIS01-DE,SSISDB,E:\Program Files\Microsoft SQL Server\MSSQL14.MSSQLSERVER\MSSQL\DATA\SSISDB.mdf,ROWS,2022-12-01 16:47:58,FRM,Mean,0
FUZIONSSIS01-DE,SSISDB,E:\Program Files\Microsoft SQL Server\MSSQL14.MSSQLSERVER\MSSQL\DATA\SSISDB.mdf,ROWS,2022-12-01 16:47:58,FRM,Occurence,19
FUZIONSSIS01-DE,SSISDB,E:\Program Files\Microsoft SQL Server\MSSQL14.MSSQLSERVER\MSSQL\DATA\SSISDB.mdf,ROWS,2022-12-01 16:47:58,FRM,Variance,0
FUZIONSSIS01-DE,SSISDB,E:\Program Files\Microsoft SQL Server\MSSQL14.MSSQLSERVER\MSSQL\DATA\SSISDB.mdf,ROWS,2022-12-01 16:47:58,FRM,Max,0
FUZIONSSIS01-DE,SSISDB,E:\Program Files\Microsoft SQL Server\MSSQL14.MSSQLSERVER\MSSQL\DATA\SSISDB.mdf,ROWS,2022-12-01 16:47:58,FWM,Mean,0
FUZIONSSIS01-DE,SSISDB,E:\Program Files\Microsoft SQL Server\MSSQL14.MSSQLSERVER\MSSQL\DATA\SSISDB.mdf,ROWS,2022-12-01 16:47:58,FWM,Occurence,19
FUZIONSSIS01-DE,SSISDB,E:\Program Files\Microsoft SQL Server\MSSQL14.MSSQLSERVER\MSSQL\DATA\SSISDB.mdf,ROWS,2022-12-01 16:47:58,FWM,Variance,0
FUZIONSSIS01-DE,SSISDB,E:\Program Files\Microsoft SQL Server\MSSQL14.MSSQLSERVER\MSSQL\DATA\SSISDB.mdf,ROWS,2022-12-01 16:47:58,FWM,Max,0
FUZIONSSIS01-DE,SSISDB,E:\Program Files\Microsoft SQL Server\MSSQL14.MSSQLSERVER\MSSQL\DATA\SSISDB.mdf,ROWS,2022-12-01 16:47:58,FNW,Mean,0
FUZIONSSIS01-DE,SSISDB,E:\Program Files\Microsoft SQL Server\MSSQL14.MSSQLSERVER\MSSQL\DATA\SSISDB.mdf,ROWS,2022-12-01 16:47:58,FNW,Occurence,19
FUZIONSSIS01-DE,SSISDB,E:\Program Files\Microsoft SQL Server\MSSQL14.MSSQLSERVER\MSSQL\DATA\SSISDB.mdf,ROWS,2022-12-01 16:47:58,FNW,Variance,0
FUZIONSSIS01-DE,SSISDB,E:\Program Files\Microsoft SQL Server\MSSQL14.MSSQLSERVER\MSSQL\DATA\SSISDB.mdf,ROWS,2022-12-01 16:47:58,FNW,Max,0
FUZIONSSIS01-DE,SSISDB,E:\Program Files\Microsoft SQL Server\MSSQL14.MSSQLSERVER\MSSQL\DATA\SSISDB.mdf,ROWS,2022-12-01 16:47:58,FNR,Mean,0
FUZIONSSIS01-DE,SSISDB,E:\Program Files\Microsoft SQL Server\MSSQL14.MSSQLSERVER\MSSQL\DATA\SSISDB.mdf,ROWS,2022-12-01 16:47:58,FNR,Occurence,19
FUZIONSSIS01-DE,SSISDB,E:\Program Files\Microsoft SQL Server\MSSQL14.MSSQLSERVER\MSSQL\DATA\SSISDB.mdf,ROWS,2022-12-01 16:47:58,FNR,Variance,0
FUZIONSSIS01-DE,SSISDB,E:\Program Files\Microsoft SQL Server\MSSQL14.MSSQLSERVER\MSSQL\DATA\SSISDB.mdf,ROWS,2022-12-01 16:47:58,FNR,Max,0
FUZIONSSIS01-DE,SSISDB,E:\Program Files\Microsoft SQL Server\MSSQL14.MSSQLSERVER\MSSQL\DATA\SSISDB.mdf,ROWS,2022-12-01 16:47:58,FRL,Mean,0
FUZIONSSIS01-DE,SSISDB,E:\Program Files\Microsoft SQL Server\MSSQL14.MSSQLSERVER\MSSQL\DATA\SSISDB.mdf,ROWS,2022-12-01 16:47:58,FRL,Occurence,19
FUZIONSSIS01-DE,SSISDB,E:\Program Files\Microsoft SQL Server\MSSQL14.MSSQLSERVER\MSSQL\DATA\SSISDB.mdf,ROWS,2022-12-01 16:47:58,FRL,Variance,0
FUZIONSSIS01-DE,SSISDB,E:\Program Files\Microsoft SQL Server\MSSQL14.MSSQLSERVER\MSSQL\DATA\SSISDB.mdf,ROWS,2022-12-01 16:47:58,FRL,Max,0
FUZIONSSIS01-DE,SSISDB,E:\Program Files\Microsoft SQL Server\MSSQL14.MSSQLSERVER\MSSQL\DATA\SSISDB.mdf,ROWS,2022-12-01 16:47:58,FWL,Mean,0
FUZIONSSIS01-DE,SSISDB,E:\Program Files\Microsoft SQL Server\MSSQL14.MSSQLSERVER\MSSQL\DATA\SSISDB.mdf,ROWS,2022-12-01 16:47:58,FWL,Occurence,19
FUZIONSSIS01-DE,SSISDB,E:\Program Files\Microsoft SQL Server\MSSQL14.MSSQLSERVER\MSSQL\DATA\SSISDB.mdf,ROWS,2022-12-01 16:47:58,FWL,Variance,0
FUZIONSSIS01-DE,SSISDB,E:\Program Files\Microsoft SQL Server\MSSQL14.MSSQLSERVER\MSSQL\DATA\SSISDB.mdf,ROWS,2022-12-01 16:47:58,FWL,Max,0
FUZIONSSIS01-DE,SSISDB,E:\Program Files\Microsoft SQL Server\MSSQL14.MSSQLSERVER\MSSQL\DATA\SSISDB.ldf,LOG,2022-12-01 16:47:58,FRM,Mean,0
FUZIONSSIS01-DE,SSISDB,E:\Program Files\Microsoft SQL Server\MSSQL14.MSSQLSERVER\MSSQL\DATA\SSISDB.ldf,LOG,2022-12-01 16:47:58,FRM,Occurence,19
FUZIONSSIS01-DE,SSISDB,E:\Program Files\Microsoft SQL Server\MSSQL14.MSSQLSERVER\MSSQL\DATA\SSISDB.ldf,LOG,2022-12-01 16:47:58,FRM,Variance,0
FUZIONSSIS01-DE,SSISDB,E:\Program Files\Microsoft SQL Server\MSSQL14.MSSQLSERVER\MSSQL\DATA\SSISDB.ldf,LOG,2022-12-01 16:47:58,FRM,Max,0
FUZIONSSIS01-DE,SSISDB,E:\Program Files\Microsoft SQL Server\MSSQL14.MSSQLSERVER\MSSQL\DATA\SSISDB.ldf,LOG,2022-12-01 16:47:58,FWM,Mean,0.05263158
FUZIONSSIS01-DE,SSISDB,E:\Program Files\Microsoft SQL Server\MSSQL14.MSSQLSERVER\MSSQL\DATA\SSISDB.ldf,LOG,2022-12-01 16:47:58,FWM,Occurence,19
FUZIONSSIS01-DE,SSISDB,E:\Program Files\Microsoft SQL Server\MSSQL14.MSSQLSERVER\MSSQL\DATA\SSISDB.ldf,LOG,2022-12-01 16:47:58,FWM,Variance,0.0498615
FUZIONSSIS01-DE,SSISDB,E:\Program Files\Microsoft SQL Server\MSSQL14.MSSQLSERVER\MSSQL\DATA\SSISDB.ldf,LOG,2022-12-01 16:47:58,FWM,Max,1
FUZIONSSIS01-DE,SSISDB,E:\Program Files\Microsoft SQL Server\MSSQL14.MSSQLSERVER\MSSQL\DATA\SSISDB.ldf,LOG,2022-12-01 16:47:58,FNW,Mean,1.4736842
FUZIONSSIS01-DE,SSISDB,E:\Program Files\Microsoft SQL Server\MSSQL14.MSSQLSERVER\MSSQL\DATA\SSISDB.ldf,LOG,2022-12-01 16:47:58,FNW,Occurence,19
FUZIONSSIS01-DE,SSISDB,E:\Program Files\Microsoft SQL Server\MSSQL14.MSSQLSERVER\MSSQL\DATA\SSISDB.ldf,LOG,2022-12-01 16:47:58,FNW,Variance,0.24930748
FUZIONSSIS01-DE,SSISDB,E:\Program Files\Microsoft SQL Server\MSSQL14.MSSQLSERVER\MSSQL\DATA\SSISDB.ldf,LOG,2022-12-01 16:47:58,FNW,Max,2
FUZIONSSIS01-DE,SSISDB,E:\Program Files\Microsoft SQL Server\MSSQL14.MSSQLSERVER\MSSQL\DATA\SSISDB.ldf,LOG,2022-12-01 16:47:58,FNR,Mean,0
FUZIONSSIS01-DE,SSISDB,E:\Program Files\Microsoft SQL Server\MSSQL14.MSSQLSERVER\MSSQL\DATA\SSISDB.ldf,LOG,2022-12-01 16:47:58,FNR,Occurence,19
FUZIONSSIS01-DE,SSISDB,E:\Program Files\Microsoft SQL Server\MSSQL14.MSSQLSERVER\MSSQL\DATA\SSISDB.ldf,LOG,2022-12-01 16:47:58,FNR,Variance,0
FUZIONSSIS01-DE,SSISDB,E:\Program Files\Microsoft SQL Server\MSSQL14.MSSQLSERVER\MSSQL\DATA\SSISDB.ldf,LOG,2022-12-01 16:47:58,FNR,Max,0
FUZIONSSIS01-DE,SSISDB,E:\Program Files\Microsoft SQL Server\MSSQL14.MSSQLSERVER\MSSQL\DATA\SSISDB.ldf,LOG,2022-12-01 16:47:58,FRL,Mean,0
FUZIONSSIS01-DE,SSISDB,E:\Program Files\Microsoft SQL Server\MSSQL14.MSSQLSERVER\MSSQL\DATA\SSISDB.ldf,LOG,2022-12-01 16:47:58,FRL,Occurence,19
FUZIONSSIS01-DE,SSISDB,E:\Program Files\Microsoft SQL Server\MSSQL14.MSSQLSERVER\MSSQL\DATA\SSISDB.ldf,LOG,2022-12-01 16:47:58,FRL,Variance,0
FUZIONSSIS01-DE,SSISDB,E:\Program Files\Microsoft SQL Server\MSSQL14.MSSQLSERVER\MSSQL\DATA\SSISDB.ldf,LOG,2022-12-01 16:47:58,FRL,Max,0
FUZIONSSIS01-DE,SSISDB,E:\Program Files\Microsoft SQL Server\MSSQL14.MSSQLSERVER\MSSQL\DATA\SSISDB.ldf,LOG,2022-12-01 16:47:58,FWL,Mean,3.8947368
FUZIONSSIS01-DE,SSISDB,E:\Program Files\Microsoft SQL Server\MSSQL14.MSSQLSERVER\MSSQL\DATA\SSISDB.ldf,LOG,2022-12-01 16:47:58,FWL,Occurence,19
FUZIONSSIS01-DE,SSISDB,E:\Program Files\Microsoft SQL Server\MSSQL14.MSSQLSERVER\MSSQL\DATA\SSISDB.ldf,LOG,2022-12-01 16:47:58,FWL,Variance,4.4889193
FUZIONSSIS01-DE,SSISDB,E:\Program Files\Microsoft SQL Server\MSSQL14.MSSQLSERVER\MSSQL\DATA\SSISDB.ldf,LOG,2022-12-01 16:47:58,FWL,Max,12
FUZIONSSIS01-DE,ReportServer,E:\Program Files\Microsoft SQL Server\MSSQL14.MSSQLSERVER\MSSQL\DATA\ReportServer.mdf,ROWS,2022-12-01 16:47:58,FRM,Mean,0
FUZIONSSIS01-DE,ReportServer,E:\Program Files\Microsoft SQL Server\MSSQL14.MSSQLSERVER\MSSQL\DATA\ReportServer.mdf,ROWS,2022-12-01 16:47:58,FRM,Occurence,19
FUZIONSSIS01-DE,ReportServer,E:\Program Files\Microsoft SQL Server\MSSQL14.MSSQLSERVER\MSSQL\DATA\ReportServer.mdf,ROWS,2022-12-01 16:47:58,FRM,Variance,0
FUZIONSSIS01-DE,ReportServer,E:\Program Files\Microsoft SQL Server\MSSQL14.MSSQLSERVER\MSSQL\DATA\ReportServer.mdf,ROWS,2022-12-01 16:47:58,FRM,Max,0
FUZIONSSIS01-DE,ReportServer,E:\Program Files\Microsoft SQL Server\MSSQL14.MSSQLSERVER\MSSQL\DATA\ReportServer.mdf,ROWS,2022-12-01 16:47:58,FWM,Mean,0
FUZIONSSIS01-DE,ReportServer,E:\Program Files\Microsoft SQL Server\MSSQL14.MSSQLSERVER\MSSQL\DATA\ReportServer.mdf,ROWS,2022-12-01 16:47:58,FWM,Occurence,19
FUZIONSSIS01-DE,ReportServer,E:\Program Files\Microsoft SQL Server\MSSQL14.MSSQLSERVER\MSSQL\DATA\ReportServer.mdf,ROWS,2022-12-01 16:47:58,FWM,Variance,0
FUZIONSSIS01-DE,ReportServer,E:\Program Files\Microsoft SQL Server\MSSQL14.MSSQLSERVER\MSSQL\DATA\ReportServer.mdf,ROWS,2022-12-01 16:47:58,FWM,Max,0
FUZIONSSIS01-DE,ReportServer,E:\Program Files\Microsoft SQL Server\MSSQL14.MSSQLSERVER\MSSQL\DATA\ReportServer.mdf,ROWS,2022-12-01 16:47:58,FNW,Mean,0
FUZIONSSIS01-DE,ReportServer,E:\Program Files\Microsoft SQL Server\MSSQL14.MSSQLSERVER\MSSQL\DATA\ReportServer.mdf,ROWS,2022-12-01 16:47:58,FNW,Occurence,19
FUZIONSSIS01-DE,ReportServer,E:\Program Files\Microsoft SQL Server\MSSQL14.MSSQLSERVER\MSSQL\DATA\ReportServer.mdf,ROWS,2022-12-01 16:47:58,FNW,Variance,0
FUZIONSSIS01-DE,ReportServer,E:\Program Files\Microsoft SQL Server\MSSQL14.MSSQLSERVER\MSSQL\DATA\ReportServer.mdf,ROWS,2022-12-01 16:47:58,FNW,Max,0
FUZIONSSIS01-DE,ReportServer,E:\Program Files\Microsoft SQL Server\MSSQL14.MSSQLSERVER\MSSQL\DATA\ReportServer.mdf,ROWS,2022-12-01 16:47:58,FNR,Mean,0
FUZIONSSIS01-DE,ReportServer,E:\Program Files\Microsoft SQL Server\MSSQL14.MSSQLSERVER\MSSQL\DATA\ReportServer.mdf,ROWS,2022-12-01 16:47:58,FNR,Occurence,19
FUZIONSSIS01-DE,ReportServer,E:\Program Files\Microsoft SQL Server\MSSQL14.MSSQLSERVER\MSSQL\DATA\ReportServer.mdf,ROWS,2022-12-01 16:47:58,FNR,Variance,0
FUZIONSSIS01-DE,ReportServer,E:\Program Files\Microsoft SQL Server\MSSQL14.MSSQLSERVER\MSSQL\DATA\ReportServer.mdf,ROWS,2022-12-01 16:47:58,FNR,Max,0
FUZIONSSIS01-DE,ReportServer,E:\Program Files\Microsoft SQL Server\MSSQL14.MSSQLSERVER\MSSQL\DATA\ReportServer.mdf,ROWS,2022-12-01 16:47:58,FRL,Mean,0
FUZIONSSIS01-DE,ReportServer,E:\Program Files\Microsoft SQL Server\MSSQL14.MSSQLSERVER\MSSQL\DATA\ReportServer.mdf,ROWS,2022-12-01 16:47:58,FRL,Occurence,19
FUZIONSSIS01-DE,ReportServer,E:\Program Files\Microsoft SQL Server\MSSQL14.MSSQLSERVER\MSSQL\DATA\ReportServer.mdf,ROWS,2022-12-01 16:47:58,FRL,Variance,0
FUZIONSSIS01-DE,ReportServer,E:\Program Files\Microsoft SQL Server\MSSQL14.MSSQLSERVER\MSSQL\DATA\ReportServer.mdf,ROWS,2022-12-01 16:47:58,FRL,Max,0
FUZIONSSIS01-DE,ReportServer,E:\Program Files\Microsoft SQL Server\MSSQL14.MSSQLSERVER\MSSQL\DATA\ReportServer.mdf,ROWS,2022-12-01 16:47:58,FWL,Mean,0
FUZIONSSIS01-DE,ReportServer,E:\Program Files\Microsoft SQL Server\MSSQL14.MSSQLSERVER\MSSQL\DATA\ReportServer.mdf,ROWS,2022-12-01 16:47:58,FWL,Occurence,19
FUZIONSSIS01-DE,ReportServer,E:\Program Files\Microsoft SQL Server\MSSQL14.MSSQLSERVER\MSSQL\DATA\ReportServer.mdf,ROWS,2022-12-01 16:47:58,FWL,Variance,0
FUZIONSSIS01-DE,ReportServer,E:\Program Files\Microsoft SQL Server\MSSQL14.MSSQLSERVER\MSSQL\DATA\ReportServer.mdf,ROWS,2022-12-01 16:47:58,FWL,Max,0
FUZIONSSIS01-DE,ReportServer,E:\Program Files\Microsoft SQL Server\MSSQL14.MSSQLSERVER\MSSQL\DATA\ReportServer_log.ldf,LOG,2022-12-01 16:47:58,FRM,Mean,0
FUZIONSSIS01-DE,ReportServer,E:\Program Files\Microsoft SQL Server\MSSQL14.MSSQLSERVER\MSSQL\DATA\ReportServer_log.ldf,LOG,2022-12-01 16:47:58,FRM,Occurence,19
FUZIONSSIS01-DE,ReportServer,E:\Program Files\Microsoft SQL Server\MSSQL14.MSSQLSERVER\MSSQL\DATA\ReportServer_log.ldf,LOG,2022-12-01 16:47:58,FRM,Variance,0
FUZIONSSIS01-DE,ReportServer,E:\Program Files\Microsoft SQL Server\MSSQL14.MSSQLSERVER\MSSQL\DATA\ReportServer_log.ldf,LOG,2022-12-01 16:47:58,FRM,Max,0
FUZIONSSIS01-DE,ReportServer,E:\Program Files\Microsoft SQL Server\MSSQL14.MSSQLSERVER\MSSQL\DATA\ReportServer_log.ldf,LOG,2022-12-01 16:47:58,FWM,Mean,0
FUZIONSSIS01-DE,ReportServer,E:\Program Files\Microsoft SQL Server\MSSQL14.MSSQLSERVER\MSSQL\DATA\ReportServer_log.ldf,LOG,2022-12-01 16:47:58,FWM,Occurence,19
FUZIONSSIS01-DE,ReportServer,E:\Program Files\Microsoft SQL Server\MSSQL14.MSSQLSERVER\MSSQL\DATA\ReportServer_log.ldf,LOG,2022-12-01 16:47:58,FWM,Variance,0
FUZIONSSIS01-DE,ReportServer,E:\Program Files\Microsoft SQL Server\MSSQL14.MSSQLSERVER\MSSQL\DATA\ReportServer_log.ldf,LOG,2022-12-01 16:47:58,FWM,Max,0
FUZIONSSIS01-DE,ReportServer,E:\Program Files\Microsoft SQL Server\MSSQL14.MSSQLSERVER\MSSQL\DATA\ReportServer_log.ldf,LOG,2022-12-01 16:47:58,FNW,Mean,0
FUZIONSSIS01-DE,ReportServer,E:\Program Files\Microsoft SQL Server\MSSQL14.MSSQLSERVER\MSSQL\DATA\ReportServer_log.ldf,LOG,2022-12-01 16:47:58,FNW,Occurence,19
FUZIONSSIS01-DE,ReportServer,E:\Program Files\Microsoft SQL Server\MSSQL14.MSSQLSERVER\MSSQL\DATA\ReportServer_log.ldf,LOG,2022-12-01 16:47:58,FNW,Variance,0
FUZIONSSIS01-DE,ReportServer,E:\Program Files\Microsoft SQL Server\MSSQL14.MSSQLSERVER\MSSQL\DATA\ReportServer_log.ldf,LOG,2022-12-01 16:47:58,FNW,Max,0
FUZIONSSIS01-DE,ReportServer,E:\Program Files\Microsoft SQL Server\MSSQL14.MSSQLSERVER\MSSQL\DATA\ReportServer_log.ldf,LOG,2022-12-01 16:47:58,FNR,Mean,0
FUZIONSSIS01-DE,ReportServer,E:\Program Files\Microsoft SQL Server\MSSQL14.MSSQLSERVER\MSSQL\DATA\ReportServer_log.ldf,LOG,2022-12-01 16:47:58,FNR,Occurence,19
FUZIONSSIS01-DE,ReportServer,E:\Program Files\Microsoft SQL Server\MSSQL14.MSSQLSERVER\MSSQL\DATA\ReportServer_log.ldf,LOG,2022-12-01 16:47:58,FNR,Variance,0
FUZIONSSIS01-DE,ReportServer,E:\Program Files\Microsoft SQL Server\MSSQL14.MSSQLSERVER\MSSQL\DATA\ReportServer_log.ldf,LOG,2022-12-01 16:47:58,FNR,Max,0
FUZIONSSIS01-DE,ReportServer,E:\Program Files\Microsoft SQL Server\MSSQL14.MSSQLSERVER\MSSQL\DATA\ReportServer_log.ldf,LOG,2022-12-01 16:47:58,FRL,Mean,0
FUZIONSSIS01-DE,ReportServer,E:\Program Files\Microsoft SQL Server\MSSQL14.MSSQLSERVER\MSSQL\DATA\ReportServer_log.ldf,LOG,2022-12-01 16:47:58,FRL,Occurence,19
FUZIONSSIS01-DE,ReportServer,E:\Program Files\Microsoft SQL Server\MSSQL14.MSSQLSERVER\MSSQL\DATA\ReportServer_log.ldf,LOG,2022-12-01 16:47:58,FRL,Variance,0
FUZIONSSIS01-DE,ReportServer,E:\Program Files\Microsoft SQL Server\MSSQL14.MSSQLSERVER\MSSQL\DATA\ReportServer_log.ldf,LOG,2022-12-01 16:47:58,FRL,Max,0
FUZIONSSIS01-DE,ReportServer,E:\Program Files\Microsoft SQL Server\MSSQL14.MSSQLSERVER\MSSQL\DATA\ReportServer_log.ldf,LOG,2022-12-01 16:47:58,FWL,Mean,0
FUZIONSSIS01-DE,ReportServer,E:\Program Files\Microsoft SQL Server\MSSQL14.MSSQLSERVER\MSSQL\DATA\ReportServer_log.ldf,LOG,2022-12-01 16:47:58,FWL,Occurence,19
FUZIONSSIS01-DE,ReportServer,E:\Program Files\Microsoft SQL Server\MSSQL14.MSSQLSERVER\MSSQL\DATA\ReportServer_log.ldf,LOG,2022-12-01 16:47:58,FWL,Variance,0
FUZIONSSIS01-DE,ReportServer,E:\Program Files\Microsoft SQL Server\MSSQL14.MSSQLSERVER\MSSQL\DATA\ReportServer_log.ldf,LOG,2022-12-01 16:47:58,FWL,Max,0
FUZIONSSIS01-DE,ReportServerTempDB,E:\Program Files\Microsoft SQL Server\MSSQL14.MSSQLSERVER\MSSQL\DATA\ReportServerTempDB.mdf,ROWS,2022-12-01 16:47:58,FRM,Mean,0
FUZIONSSIS01-DE,ReportServerTempDB,E:\Program Files\Microsoft SQL Server\MSSQL14.MSSQLSERVER\MSSQL\DATA\ReportServerTempDB.mdf,ROWS,2022-12-01 16:47:58,FRM,Occurence,19
FUZIONSSIS01-DE,ReportServerTempDB,E:\Program Files\Microsoft SQL Server\MSSQL14.MSSQLSERVER\MSSQL\DATA\ReportServerTempDB.mdf,ROWS,2022-12-01 16:47:58,FRM,Variance,0
FUZIONSSIS01-DE,ReportServerTempDB,E:\Program Files\Microsoft SQL Server\MSSQL14.MSSQLSERVER\MSSQL\DATA\ReportServerTempDB.mdf,ROWS,2022-12-01 16:47:58,FRM,Max,0
FUZIONSSIS01-DE,ReportServerTempDB,E:\Program Files\Microsoft SQL Server\MSSQL14.MSSQLSERVER\MSSQL\DATA\ReportServerTempDB.mdf,ROWS,2022-12-01 16:47:58,FWM,Mean,0
FUZIONSSIS01-DE,ReportServerTempDB,E:\Program Files\Microsoft SQL Server\MSSQL14.MSSQLSERVER\MSSQL\DATA\ReportServerTempDB.mdf,ROWS,2022-12-01 16:47:58,FWM,Occurence,19
FUZIONSSIS01-DE,ReportServerTempDB,E:\Program Files\Microsoft SQL Server\MSSQL14.MSSQLSERVER\MSSQL\DATA\ReportServerTempDB.mdf,ROWS,2022-12-01 16:47:58,FWM,Variance,0
FUZIONSSIS01-DE,ReportServerTempDB,E:\Program Files\Microsoft SQL Server\MSSQL14.MSSQLSERVER\MSSQL\DATA\ReportServerTempDB.mdf,ROWS,2022-12-01 16:47:58,FWM,Max,0
FUZIONSSIS01-DE,ReportServerTempDB,E:\Program Files\Microsoft SQL Server\MSSQL14.MSSQLSERVER\MSSQL\DATA\ReportServerTempDB.mdf,ROWS,2022-12-01 16:47:58,FNW,Mean,0
FUZIONSSIS01-DE,ReportServerTempDB,E:\Program Files\Microsoft SQL Server\MSSQL14.MSSQLSERVER\MSSQL\DATA\ReportServerTempDB.mdf,ROWS,2022-12-01 16:47:58,FNW,Occurence,19
FUZIONSSIS01-DE,ReportServerTempDB,E:\Program Files\Microsoft SQL Server\MSSQL14.MSSQLSERVER\MSSQL\DATA\ReportServerTempDB.mdf,ROWS,2022-12-01 16:47:58,FNW,Variance,0
FUZIONSSIS01-DE,ReportServerTempDB,E:\Program Files\Microsoft SQL Server\MSSQL14.MSSQLSERVER\MSSQL\DATA\ReportServerTempDB.mdf,ROWS,2022-12-01 16:47:58,FNW,Max,0
FUZIONSSIS01-DE,ReportServerTempDB,E:\Program Files\Microsoft SQL Server\MSSQL14.MSSQLSERVER\MSSQL\DATA\ReportServerTempDB.mdf,ROWS,2022-12-01 16:47:58,FNR,Mean,0
FUZIONSSIS01-DE,ReportServerTempDB,E:\Program Files\Microsoft SQL Server\MSSQL14.MSSQLSERVER\MSSQL\DATA\ReportServerTempDB.mdf,ROWS,2022-12-01 16:47:58,FNR,Occurence,19
FUZIONSSIS01-DE,ReportServerTempDB,E:\Program Files\Microsoft SQL Server\MSSQL14.MSSQLSERVER\MSSQL\DATA\ReportServerTempDB.mdf,ROWS,2022-12-01 16:47:58,FNR,Variance,0
FUZIONSSIS01-DE,ReportServerTempDB,E:\Program Files\Microsoft SQL Server\MSSQL14.MSSQLSERVER\MSSQL\DATA\ReportServerTempDB.mdf,ROWS,2022-12-01 16:47:58,FNR,Max,0
FUZIONSSIS01-DE,ReportServerTempDB,E:\Program Files\Microsoft SQL Server\MSSQL14.MSSQLSERVER\MSSQL\DATA\ReportServerTempDB.mdf,ROWS,2022-12-01 16:47:58,FRL,Mean,0
FUZIONSSIS01-DE,ReportServerTempDB,E:\Program Files\Microsoft SQL Server\MSSQL14.MSSQLSERVER\MSSQL\DATA\ReportServerTempDB.mdf,ROWS,2022-12-01 16:47:58,FRL,Occurence,19
FUZIONSSIS01-DE,ReportServerTempDB,E:\Program Files\Microsoft SQL Server\MSSQL14.MSSQLSERVER\MSSQL\DATA\ReportServerTempDB.mdf,ROWS,2022-12-01 16:47:58,FRL,Variance,0
FUZIONSSIS01-DE,ReportServerTempDB,E:\Program Files\Microsoft SQL Server\MSSQL14.MSSQLSERVER\MSSQL\DATA\ReportServerTempDB.mdf,ROWS,2022-12-01 16:47:58,FRL,Max,0
FUZIONSSIS01-DE,ReportServerTempDB,E:\Program Files\Microsoft SQL Server\MSSQL14.MSSQLSERVER\MSSQL\DATA\ReportServerTempDB.mdf,ROWS,2022-12-01 16:47:58,FWL,Mean,0
FUZIONSSIS01-DE,ReportServerTempDB,E:\Program Files\Microsoft SQL Server\MSSQL14.MSSQLSERVER\MSSQL\DATA\ReportServerTempDB.mdf,ROWS,2022-12-01 16:47:58,FWL,Occurence,19
FUZIONSSIS01-DE,ReportServerTempDB,E:\Program Files\Microsoft SQL Server\MSSQL14.MSSQLSERVER\MSSQL\DATA\ReportServerTempDB.mdf,ROWS,2022-12-01 16:47:58,FWL,Variance,0
FUZIONSSIS01-DE,ReportServerTempDB,E:\Program Files\Microsoft SQL Server\MSSQL14.MSSQLSERVER\MSSQL\DATA\ReportServerTempDB.mdf,ROWS,2022-12-01 16:47:58,FWL,Max,0
FUZIONSSIS01-DE,ReportServerTempDB,E:\Program Files\Microsoft SQL Server\MSSQL14.MSSQLSERVER\MSSQL\DATA\ReportServerTempDB_log.ldf,LOG,2022-12-01 16:47:58,FRM,Mean,0
FUZIONSSIS01-DE,ReportServerTempDB,E:\Program Files\Microsoft SQL Server\MSSQL14.MSSQLSERVER\MSSQL\DATA\ReportServerTempDB_log.ldf,LOG,2022-12-01 16:47:58,FRM,Occurence,19
FUZIONSSIS01-DE,ReportServerTempDB,E:\Program Files\Microsoft SQL Server\MSSQL14.MSSQLSERVER\MSSQL\DATA\ReportServerTempDB_log.ldf,LOG,2022-12-01 16:47:58,FRM,Variance,0
FUZIONSSIS01-DE,ReportServerTempDB,E:\Program Files\Microsoft SQL Server\MSSQL14.MSSQLSERVER\MSSQL\DATA\ReportServerTempDB_log.ldf,LOG,2022-12-01 16:47:58,FRM,Max,0
FUZIONSSIS01-DE,ReportServerTempDB,E:\Program Files\Microsoft SQL Server\MSSQL14.MSSQLSERVER\MSSQL\DATA\ReportServerTempDB_log.ldf,LOG,2022-12-01 16:47:58,FWM,Mean,0
FUZIONSSIS01-DE,ReportServerTempDB,E:\Program Files\Microsoft SQL Server\MSSQL14.MSSQLSERVER\MSSQL\DATA\ReportServerTempDB_log.ldf,LOG,2022-12-01 16:47:58,FWM,Occurence,19
FUZIONSSIS01-DE,ReportServerTempDB,E:\Program Files\Microsoft SQL Server\MSSQL14.MSSQLSERVER\MSSQL\DATA\ReportServerTempDB_log.ldf,LOG,2022-12-01 16:47:58,FWM,Variance,0
FUZIONSSIS01-DE,ReportServerTempDB,E:\Program Files\Microsoft SQL Server\MSSQL14.MSSQLSERVER\MSSQL\DATA\ReportServerTempDB_log.ldf,LOG,2022-12-01 16:47:58,FWM,Max,0
FUZIONSSIS01-DE,ReportServerTempDB,E:\Program Files\Microsoft SQL Server\MSSQL14.MSSQLSERVER\MSSQL\DATA\ReportServerTempDB_log.ldf,LOG,2022-12-01 16:47:58,FNW,Mean,0
FUZIONSSIS01-DE,ReportServerTempDB,E:\Program Files\Microsoft SQL Server\MSSQL14.MSSQLSERVER\MSSQL\DATA\ReportServerTempDB_log.ldf,LOG,2022-12-01 16:47:58,FNW,Occurence,19
FUZIONSSIS01-DE,ReportServerTempDB,E:\Program Files\Microsoft SQL Server\MSSQL14.MSSQLSERVER\MSSQL\DATA\ReportServerTempDB_log.ldf,LOG,2022-12-01 16:47:58,FNW,Variance,0
FUZIONSSIS01-DE,ReportServerTempDB,E:\Program Files\Microsoft SQL Server\MSSQL14.MSSQLSERVER\MSSQL\DATA\ReportServerTempDB_log.ldf,LOG,2022-12-01 16:47:58,FNW,Max,0
FUZIONSSIS01-DE,ReportServerTempDB,E:\Program Files\Microsoft SQL Server\MSSQL14.MSSQLSERVER\MSSQL\DATA\ReportServerTempDB_log.ldf,LOG,2022-12-01 16:47:58,FNR,Mean,0
FUZIONSSIS01-DE,ReportServerTempDB,E:\Program Files\Microsoft SQL Server\MSSQL14.MSSQLSERVER\MSSQL\DATA\ReportServerTempDB_log.ldf,LOG,2022-12-01 16:47:58,FNR,Occurence,19
FUZIONSSIS01-DE,ReportServerTempDB,E:\Program Files\Microsoft SQL Server\MSSQL14.MSSQLSERVER\MSSQL\DATA\ReportServerTempDB_log.ldf,LOG,2022-12-01 16:47:58,FNR,Variance,0
FUZIONSSIS01-DE,ReportServerTempDB,E:\Program Files\Microsoft SQL Server\MSSQL14.MSSQLSERVER\MSSQL\DATA\ReportServerTempDB_log.ldf,LOG,2022-12-01 16:47:58,FNR,Max,0
FUZIONSSIS01-DE,ReportServerTempDB,E:\Program Files\Microsoft SQL Server\MSSQL14.MSSQLSERVER\MSSQL\DATA\ReportServerTempDB_log.ldf,LOG,2022-12-01 16:47:58,FRL,Mean,0
FUZIONSSIS01-DE,ReportServerTempDB,E:\Program Files\Microsoft SQL Server\MSSQL14.MSSQLSERVER\MSSQL\DATA\ReportServerTempDB_log.ldf,LOG,2022-12-01 16:47:58,FRL,Occurence,19
FUZIONSSIS01-DE,ReportServerTempDB,E:\Program Files\Microsoft SQL Server\MSSQL14.MSSQLSERVER\MSSQL\DATA\ReportServerTempDB_log.ldf,LOG,2022-12-01 16:47:58,FRL,Variance,0
FUZIONSSIS01-DE,ReportServerTempDB,E:\Program Files\Microsoft SQL Server\MSSQL14.MSSQLSERVER\MSSQL\DATA\ReportServerTempDB_log.ldf,LOG,2022-12-01 16:47:58,FRL,Max,0
FUZIONSSIS01-DE,ReportServerTempDB,E:\Program Files\Microsoft SQL Server\MSSQL14.MSSQLSERVER\MSSQL\DATA\ReportServerTempDB_log.ldf,LOG,2022-12-01 16:47:58,FWL,Mean,0
FUZIONSSIS01-DE,ReportServerTempDB,E:\Program Files\Microsoft SQL Server\MSSQL14.MSSQLSERVER\MSSQL\DATA\ReportServerTempDB_log.ldf,LOG,2022-12-01 16:47:58,FWL,Occurence,19
FUZIONSSIS01-DE,ReportServerTempDB,E:\Program Files\Microsoft SQL Server\MSSQL14.MSSQLSERVER\MSSQL\DATA\ReportServerTempDB_log.ldf,LOG,2022-12-01 16:47:58,FWL,Variance,0
FUZIONSSIS01-DE,ReportServerTempDB,E:\Program Files\Microsoft SQL Server\MSSQL14.MSSQLSERVER\MSSQL\DATA\ReportServerTempDB_log.ldf,LOG,2022-12-01 16:47:58,FWL,Max,0
FUZIONSSIS01-DE,FileWatcher,E:\Program Files\Microsoft SQL Server\MSSQL14.MSSQLSERVER\MSSQL\DATA\FileWatcher.mdf,ROWS,2022-12-01 16:47:58,FRM,Mean,0
FUZIONSSIS01-DE,FileWatcher,E:\Program Files\Microsoft SQL Server\MSSQL14.MSSQLSERVER\MSSQL\DATA\FileWatcher.mdf,ROWS,2022-12-01 16:47:58,FRM,Occurence,19
FUZIONSSIS01-DE,FileWatcher,E:\Program Files\Microsoft SQL Server\MSSQL14.MSSQLSERVER\MSSQL\DATA\FileWatcher.mdf,ROWS,2022-12-01 16:47:58,FRM,Variance,0
FUZIONSSIS01-DE,FileWatcher,E:\Program Files\Microsoft SQL Server\MSSQL14.MSSQLSERVER\MSSQL\DATA\FileWatcher.mdf,ROWS,2022-12-01 16:47:58,FRM,Max,0
FUZIONSSIS01-DE,FileWatcher,E:\Program Files\Microsoft SQL Server\MSSQL14.MSSQLSERVER\MSSQL\DATA\FileWatcher.mdf,ROWS,2022-12-01 16:47:58,FWM,Mean,0
FUZIONSSIS01-DE,FileWatcher,E:\Program Files\Microsoft SQL Server\MSSQL14.MSSQLSERVER\MSSQL\DATA\FileWatcher.mdf,ROWS,2022-12-01 16:47:58,FWM,Occurence,19
FUZIONSSIS01-DE,FileWatcher,E:\Program Files\Microsoft SQL Server\MSSQL14.MSSQLSERVER\MSSQL\DATA\FileWatcher.mdf,ROWS,2022-12-01 16:47:58,FWM,Variance,0
FUZIONSSIS01-DE,FileWatcher,E:\Program Files\Microsoft SQL Server\MSSQL14.MSSQLSERVER\MSSQL\DATA\FileWatcher.mdf,ROWS,2022-12-01 16:47:58,FWM,Max,0
FUZIONSSIS01-DE,FileWatcher,E:\Program Files\Microsoft SQL Server\MSSQL14.MSSQLSERVER\MSSQL\DATA\FileWatcher.mdf,ROWS,2022-12-01 16:47:58,FNW,Mean,0
FUZIONSSIS01-DE,FileWatcher,E:\Program Files\Microsoft SQL Server\MSSQL14.MSSQLSERVER\MSSQL\DATA\FileWatcher.mdf,ROWS,2022-12-01 16:47:58,FNW,Occurence,19
FUZIONSSIS01-DE,FileWatcher,E:\Program Files\Microsoft SQL Server\MSSQL14.MSSQLSERVER\MSSQL\DATA\FileWatcher.mdf,ROWS,2022-12-01 16:47:58,FNW,Variance,0
FUZIONSSIS01-DE,FileWatcher,E:\Program Files\Microsoft SQL Server\MSSQL14.MSSQLSERVER\MSSQL\DATA\FileWatcher.mdf,ROWS,2022-12-01 16:47:58,FNW,Max,0
FUZIONSSIS01-DE,FileWatcher,E:\Program Files\Microsoft SQL Server\MSSQL14.MSSQLSERVER\MSSQL\DATA\FileWatcher.mdf,ROWS,2022-12-01 16:47:58,FNR,Mean,0
FUZIONSSIS01-DE,FileWatcher,E:\Program Files\Microsoft SQL Server\MSSQL14.MSSQLSERVER\MSSQL\DATA\FileWatcher.mdf,ROWS,2022-12-01 16:47:58,FNR,Occurence,19
FUZIONSSIS01-DE,FileWatcher,E:\Program Files\Microsoft SQL Server\MSSQL14.MSSQLSERVER\MSSQL\DATA\FileWatcher.mdf,ROWS,2022-12-01 16:47:58,FNR,Variance,0
FUZIONSSIS01-DE,FileWatcher,E:\Program Files\Microsoft SQL Server\MSSQL14.MSSQLSERVER\MSSQL\DATA\FileWatcher.mdf,ROWS,2022-12-01 16:47:58,FNR,Max,0
FUZIONSSIS01-DE,FileWatcher,E:\Program Files\Microsoft SQL Server\MSSQL14.MSSQLSERVER\MSSQL\DATA\FileWatcher.mdf,ROWS,2022-12-01 16:47:58,FRL,Mean,0
FUZIONSSIS01-DE,FileWatcher,E:\Program Files\Microsoft SQL Server\MSSQL14.MSSQLSERVER\MSSQL\DATA\FileWatcher.mdf,ROWS,2022-12-01 16:47:58,FRL,Occurence,19
FUZIONSSIS01-DE,FileWatcher,E:\Program Files\Microsoft SQL Server\MSSQL14.MSSQLSERVER\MSSQL\DATA\FileWatcher.mdf,ROWS,2022-12-01 16:47:58,FRL,Variance,0
FUZIONSSIS01-DE,FileWatcher,E:\Program Files\Microsoft SQL Server\MSSQL14.MSSQLSERVER\MSSQL\DATA\FileWatcher.mdf,ROWS,2022-12-01 16:47:58,FRL,Max,0
FUZIONSSIS01-DE,FileWatcher,E:\Program Files\Microsoft SQL Server\MSSQL14.MSSQLSERVER\MSSQL\DATA\FileWatcher.mdf,ROWS,2022-12-01 16:47:58,FWL,Mean,0
FUZIONSSIS01-DE,FileWatcher,E:\Program Files\Microsoft SQL Server\MSSQL14.MSSQLSERVER\MSSQL\DATA\FileWatcher.mdf,ROWS,2022-12-01 16:47:58,FWL,Occurence,19
FUZIONSSIS01-DE,FileWatcher,E:\Program Files\Microsoft SQL Server\MSSQL14.MSSQLSERVER\MSSQL\DATA\FileWatcher.mdf,ROWS,2022-12-01 16:47:58,FWL,Variance,0
FUZIONSSIS01-DE,FileWatcher,E:\Program Files\Microsoft SQL Server\MSSQL14.MSSQLSERVER\MSSQL\DATA\FileWatcher.mdf,ROWS,2022-12-01 16:47:58,FWL,Max,0
FUZIONSSIS01-DE,FileWatcher,E:\Program Files\Microsoft SQL Server\MSSQL14.MSSQLSERVER\MSSQL\DATA\FileWatcher_log.ldf,LOG,2022-12-01 16:47:58,FRM,Mean,0
FUZIONSSIS01-DE,FileWatcher,E:\Program Files\Microsoft SQL Server\MSSQL14.MSSQLSERVER\MSSQL\DATA\FileWatcher_log.ldf,LOG,2022-12-01 16:47:58,FRM,Occurence,19
FUZIONSSIS01-DE,FileWatcher,E:\Program Files\Microsoft SQL Server\MSSQL14.MSSQLSERVER\MSSQL\DATA\FileWatcher_log.ldf,LOG,2022-12-01 16:47:58,FRM,Variance,0
FUZIONSSIS01-DE,FileWatcher,E:\Program Files\Microsoft SQL Server\MSSQL14.MSSQLSERVER\MSSQL\DATA\FileWatcher_log.ldf,LOG,2022-12-01 16:47:58,FRM,Max,0
FUZIONSSIS01-DE,FileWatcher,E:\Program Files\Microsoft SQL Server\MSSQL14.MSSQLSERVER\MSSQL\DATA\FileWatcher_log.ldf,LOG,2022-12-01 16:47:58,FWM,Mean,0
FUZIONSSIS01-DE,FileWatcher,E:\Program Files\Microsoft SQL Server\MSSQL14.MSSQLSERVER\MSSQL\DATA\FileWatcher_log.ldf,LOG,2022-12-01 16:47:58,FWM,Occurence,19
FUZIONSSIS01-DE,FileWatcher,E:\Program Files\Microsoft SQL Server\MSSQL14.MSSQLSERVER\MSSQL\DATA\FileWatcher_log.ldf,LOG,2022-12-01 16:47:58,FWM,Variance,0
FUZIONSSIS01-DE,FileWatcher,E:\Program Files\Microsoft SQL Server\MSSQL14.MSSQLSERVER\MSSQL\DATA\FileWatcher_log.ldf,LOG,2022-12-01 16:47:58,FWM,Max,0
FUZIONSSIS01-DE,FileWatcher,E:\Program Files\Microsoft SQL Server\MSSQL14.MSSQLSERVER\MSSQL\DATA\FileWatcher_log.ldf,LOG,2022-12-01 16:47:58,FNW,Mean,0
FUZIONSSIS01-DE,FileWatcher,E:\Program Files\Microsoft SQL Server\MSSQL14.MSSQLSERVER\MSSQL\DATA\FileWatcher_log.ldf,LOG,2022-12-01 16:47:58,FNW,Occurence,19
FUZIONSSIS01-DE,FileWatcher,E:\Program Files\Microsoft SQL Server\MSSQL14.MSSQLSERVER\MSSQL\DATA\FileWatcher_log.ldf,LOG,2022-12-01 16:47:58,FNW,Variance,0
FUZIONSSIS01-DE,FileWatcher,E:\Program Files\Microsoft SQL Server\MSSQL14.MSSQLSERVER\MSSQL\DATA\FileWatcher_log.ldf,LOG,2022-12-01 16:47:58,FNW,Max,0
FUZIONSSIS01-DE,FileWatcher,E:\Program Files\Microsoft SQL Server\MSSQL14.MSSQLSERVER\MSSQL\DATA\FileWatcher_log.ldf,LOG,2022-12-01 16:47:58,FNR,Mean,0
FUZIONSSIS01-DE,FileWatcher,E:\Program Files\Microsoft SQL Server\MSSQL14.MSSQLSERVER\MSSQL\DATA\FileWatcher_log.ldf,LOG,2022-12-01 16:47:58,FNR,Occurence,19
FUZIONSSIS01-DE,FileWatcher,E:\Program Files\Microsoft SQL Server\MSSQL14.MSSQLSERVER\MSSQL\DATA\FileWatcher_log.ldf,LOG,2022-12-01 16:47:58,FNR,Variance,0
FUZIONSSIS01-DE,FileWatcher,E:\Program Files\Microsoft SQL Server\MSSQL14.MSSQLSERVER\MSSQL\DATA\FileWatcher_log.ldf,LOG,2022-12-01 16:47:58,FNR,Max,0
FUZIONSSIS01-DE,FileWatcher,E:\Program Files\Microsoft SQL Server\MSSQL14.MSSQLSERVER\MSSQL\DATA\FileWatcher_log.ldf,LOG,2022-12-01 16:47:58,FRL,Mean,0
FUZIONSSIS01-DE,FileWatcher,E:\Program Files\Microsoft SQL Server\MSSQL14.MSSQLSERVER\MSSQL\DATA\FileWatcher_log.ldf,LOG,2022-12-01 16:47:58,FRL,Occurence,19
FUZIONSSIS01-DE,FileWatcher,E:\Program Files\Microsoft SQL Server\MSSQL14.MSSQLSERVER\MSSQL\DATA\FileWatcher_log.ldf,LOG,2022-12-01 16:47:58,FRL,Variance,0
FUZIONSSIS01-DE,FileWatcher,E:\Program Files\Microsoft SQL Server\MSSQL14.MSSQLSERVER\MSSQL\DATA\FileWatcher_log.ldf,LOG,2022-12-01 16:47:58,FRL,Max,0
FUZIONSSIS01-DE,FileWatcher,E:\Program Files\Microsoft SQL Server\MSSQL14.MSSQLSERVER\MSSQL\DATA\FileWatcher_log.ldf,LOG,2022-12-01 16:47:58,FWL,Mean,0
FUZIONSSIS01-DE,FileWatcher,E:\Program Files\Microsoft SQL Server\MSSQL14.MSSQLSERVER\MSSQL\DATA\FileWatcher_log.ldf,LOG,2022-12-01 16:47:58,FWL,Occurence,19
FUZIONSSIS01-DE,FileWatcher,E:\Program Files\Microsoft SQL Server\MSSQL14.MSSQLSERVER\MSSQL\DATA\FileWatcher_log.ldf,LOG,2022-12-01 16:47:58,FWL,Variance,0
FUZIONSSIS01-DE,FileWatcher,E:\Program Files\Microsoft SQL Server\MSSQL14.MSSQLSERVER\MSSQL\DATA\FileWatcher_log.ldf,LOG,2022-12-01 16:47:58,FWL,Max,0
FUZIONSSIS01-DE,Confluence,E:\Program Files\Microsoft SQL Server\MSSQL14.MSSQLSERVER\MSSQL\DATA\Confluence.mdf,ROWS,2022-12-01 16:47:58,FRM,Mean,0
FUZIONSSIS01-DE,Confluence,E:\Program Files\Microsoft SQL Server\MSSQL14.MSSQLSERVER\MSSQL\DATA\Confluence.mdf,ROWS,2022-12-01 16:47:58,FRM,Occurence,19
FUZIONSSIS01-DE,Confluence,E:\Program Files\Microsoft SQL Server\MSSQL14.MSSQLSERVER\MSSQL\DATA\Confluence.mdf,ROWS,2022-12-01 16:47:58,FRM,Variance,0
FUZIONSSIS01-DE,Confluence,E:\Program Files\Microsoft SQL Server\MSSQL14.MSSQLSERVER\MSSQL\DATA\Confluence.mdf,ROWS,2022-12-01 16:47:58,FRM,Max,0
FUZIONSSIS01-DE,Confluence,E:\Program Files\Microsoft SQL Server\MSSQL14.MSSQLSERVER\MSSQL\DATA\Confluence.mdf,ROWS,2022-12-01 16:47:58,FWM,Mean,0
FUZIONSSIS01-DE,Confluence,E:\Program Files\Microsoft SQL Server\MSSQL14.MSSQLSERVER\MSSQL\DATA\Confluence.mdf,ROWS,2022-12-01 16:47:58,FWM,Occurence,19
FUZIONSSIS01-DE,Confluence,E:\Program Files\Microsoft SQL Server\MSSQL14.MSSQLSERVER\MSSQL\DATA\Confluence.mdf,ROWS,2022-12-01 16:47:58,FWM,Variance,0
FUZIONSSIS01-DE,Confluence,E:\Program Files\Microsoft SQL Server\MSSQL14.MSSQLSERVER\MSSQL\DATA\Confluence.mdf,ROWS,2022-12-01 16:47:58,FWM,Max,0
FUZIONSSIS01-DE,Confluence,E:\Program Files\Microsoft SQL Server\MSSQL14.MSSQLSERVER\MSSQL\DATA\Confluence.mdf,ROWS,2022-12-01 16:47:58,FNW,Mean,0
FUZIONSSIS01-DE,Confluence,E:\Program Files\Microsoft SQL Server\MSSQL14.MSSQLSERVER\MSSQL\DATA\Confluence.mdf,ROWS,2022-12-01 16:47:58,FNW,Occurence,19
FUZIONSSIS01-DE,Confluence,E:\Program Files\Microsoft SQL Server\MSSQL14.MSSQLSERVER\MSSQL\DATA\Confluence.mdf,ROWS,2022-12-01 16:47:58,FNW,Variance,0
FUZIONSSIS01-DE,Confluence,E:\Program Files\Microsoft SQL Server\MSSQL14.MSSQLSERVER\MSSQL\DATA\Confluence.mdf,ROWS,2022-12-01 16:47:58,FNW,Max,0
FUZIONSSIS01-DE,Confluence,E:\Program Files\Microsoft SQL Server\MSSQL14.MSSQLSERVER\MSSQL\DATA\Confluence.mdf,ROWS,2022-12-01 16:47:58,FNR,Mean,0
FUZIONSSIS01-DE,Confluence,E:\Program Files\Microsoft SQL Server\MSSQL14.MSSQLSERVER\MSSQL\DATA\Confluence.mdf,ROWS,2022-12-01 16:47:58,FNR,Occurence,19
FUZIONSSIS01-DE,Confluence,E:\Program Files\Microsoft SQL Server\MSSQL14.MSSQLSERVER\MSSQL\DATA\Confluence.mdf,ROWS,2022-12-01 16:47:58,FNR,Variance,0
FUZIONSSIS01-DE,Confluence,E:\Program Files\Microsoft SQL Server\MSSQL14.MSSQLSERVER\MSSQL\DATA\Confluence.mdf,ROWS,2022-12-01 16:47:58,FNR,Max,0
FUZIONSSIS01-DE,Confluence,E:\Program Files\Microsoft SQL Server\MSSQL14.MSSQLSERVER\MSSQL\DATA\Confluence.mdf,ROWS,2022-12-01 16:47:58,FRL,Mean,0
FUZIONSSIS01-DE,Confluence,E:\Program Files\Microsoft SQL Server\MSSQL14.MSSQLSERVER\MSSQL\DATA\Confluence.mdf,ROWS,2022-12-01 16:47:58,FRL,Occurence,19
FUZIONSSIS01-DE,Confluence,E:\Program Files\Microsoft SQL Server\MSSQL14.MSSQLSERVER\MSSQL\DATA\Confluence.mdf,ROWS,2022-12-01 16:47:58,FRL,Variance,0
FUZIONSSIS01-DE,Confluence,E:\Program Files\Microsoft SQL Server\MSSQL14.MSSQLSERVER\MSSQL\DATA\Confluence.mdf,ROWS,2022-12-01 16:47:58,FRL,Max,0
FUZIONSSIS01-DE,Confluence,E:\Program Files\Microsoft SQL Server\MSSQL14.MSSQLSERVER\MSSQL\DATA\Confluence.mdf,ROWS,2022-12-01 16:47:58,FWL,Mean,0
FUZIONSSIS01-DE,Confluence,E:\Program Files\Microsoft SQL Server\MSSQL14.MSSQLSERVER\MSSQL\DATA\Confluence.mdf,ROWS,2022-12-01 16:47:58,FWL,Occurence,19
FUZIONSSIS01-DE,Confluence,E:\Program Files\Microsoft SQL Server\MSSQL14.MSSQLSERVER\MSSQL\DATA\Confluence.mdf,ROWS,2022-12-01 16:47:58,FWL,Variance,0
FUZIONSSIS01-DE,Confluence,E:\Program Files\Microsoft SQL Server\MSSQL14.MSSQLSERVER\MSSQL\DATA\Confluence.mdf,ROWS,2022-12-01 16:47:58,FWL,Max,0
FUZIONSSIS01-DE,Confluence,E:\Program Files\Microsoft SQL Server\MSSQL14.MSSQLSERVER\MSSQL\DATA\Confluence_log.ldf,LOG,2022-12-01 16:47:58,FRM,Mean,0
FUZIONSSIS01-DE,Confluence,E:\Program Files\Microsoft SQL Server\MSSQL14.MSSQLSERVER\MSSQL\DATA\Confluence_log.ldf,LOG,2022-12-01 16:47:58,FRM,Occurence,19
FUZIONSSIS01-DE,Confluence,E:\Program Files\Microsoft SQL Server\MSSQL14.MSSQLSERVER\MSSQL\DATA\Confluence_log.ldf,LOG,2022-12-01 16:47:58,FRM,Variance,0
FUZIONSSIS01-DE,Confluence,E:\Program Files\Microsoft SQL Server\MSSQL14.MSSQLSERVER\MSSQL\DATA\Confluence_log.ldf,LOG,2022-12-01 16:47:58,FRM,Max,0
FUZIONSSIS01-DE,Confluence,E:\Program Files\Microsoft SQL Server\MSSQL14.MSSQLSERVER\MSSQL\DATA\Confluence_log.ldf,LOG,2022-12-01 16:47:58,FWM,Mean,0
FUZIONSSIS01-DE,Confluence,E:\Program Files\Microsoft SQL Server\MSSQL14.MSSQLSERVER\MSSQL\DATA\Confluence_log.ldf,LOG,2022-12-01 16:47:58,FWM,Occurence,19
FUZIONSSIS01-DE,Confluence,E:\Program Files\Microsoft SQL Server\MSSQL14.MSSQLSERVER\MSSQL\DATA\Confluence_log.ldf,LOG,2022-12-01 16:47:58,FWM,Variance,0
FUZIONSSIS01-DE,Confluence,E:\Program Files\Microsoft SQL Server\MSSQL14.MSSQLSERVER\MSSQL\DATA\Confluence_log.ldf,LOG,2022-12-01 16:47:58,FWM,Max,0
FUZIONSSIS01-DE,Confluence,E:\Program Files\Microsoft SQL Server\MSSQL14.MSSQLSERVER\MSSQL\DATA\Confluence_log.ldf,LOG,2022-12-01 16:47:58,FNW,Mean,0
FUZIONSSIS01-DE,Confluence,E:\Program Files\Microsoft SQL Server\MSSQL14.MSSQLSERVER\MSSQL\DATA\Confluence_log.ldf,LOG,2022-12-01 16:47:58,FNW,Occurence,19
FUZIONSSIS01-DE,Confluence,E:\Program Files\Microsoft SQL Server\MSSQL14.MSSQLSERVER\MSSQL\DATA\Confluence_log.ldf,LOG,2022-12-01 16:47:58,FNW,Variance,0
FUZIONSSIS01-DE,Confluence,E:\Program Files\Microsoft SQL Server\MSSQL14.MSSQLSERVER\MSSQL\DATA\Confluence_log.ldf,LOG,2022-12-01 16:47:58,FNW,Max,0
FUZIONSSIS01-DE,Confluence,E:\Program Files\Microsoft SQL Server\MSSQL14.MSSQLSERVER\MSSQL\DATA\Confluence_log.ldf,LOG,2022-12-01 16:47:58,FNR,Mean,0
FUZIONSSIS01-DE,Confluence,E:\Program Files\Microsoft SQL Server\MSSQL14.MSSQLSERVER\MSSQL\DATA\Confluence_log.ldf,LOG,2022-12-01 16:47:58,FNR,Occurence,19
FUZIONSSIS01-DE,Confluence,E:\Program Files\Microsoft SQL Server\MSSQL14.MSSQLSERVER\MSSQL\DATA\Confluence_log.ldf,LOG,2022-12-01 16:47:58,FNR,Variance,0
FUZIONSSIS01-DE,Confluence,E:\Program Files\Microsoft SQL Server\MSSQL14.MSSQLSERVER\MSSQL\DATA\Confluence_log.ldf,LOG,2022-12-01 16:47:58,FNR,Max,0
FUZIONSSIS01-DE,Confluence,E:\Program Files\Microsoft SQL Server\MSSQL14.MSSQLSERVER\MSSQL\DATA\Confluence_log.ldf,LOG,2022-12-01 16:47:58,FRL,Mean,0
FUZIONSSIS01-DE,Confluence,E:\Program Files\Microsoft SQL Server\MSSQL14.MSSQLSERVER\MSSQL\DATA\Confluence_log.ldf,LOG,2022-12-01 16:47:58,FRL,Occurence,19
FUZIONSSIS01-DE,Confluence,E:\Program Files\Microsoft SQL Server\MSSQL14.MSSQLSERVER\MSSQL\DATA\Confluence_log.ldf,LOG,2022-12-01 16:47:58,FRL,Variance,0
FUZIONSSIS01-DE,Confluence,E:\Program Files\Microsoft SQL Server\MSSQL14.MSSQLSERVER\MSSQL\DATA\Confluence_log.ldf,LOG,2022-12-01 16:47:58,FRL,Max,0
FUZIONSSIS01-DE,Confluence,E:\Program Files\Microsoft SQL Server\MSSQL14.MSSQLSERVER\MSSQL\DATA\Confluence_log.ldf,LOG,2022-12-01 16:47:58,FWL,Mean,0
FUZIONSSIS01-DE,Confluence,E:\Program Files\Microsoft SQL Server\MSSQL14.MSSQLSERVER\MSSQL\DATA\Confluence_log.ldf,LOG,2022-12-01 16:47:58,FWL,Occurence,19
FUZIONSSIS01-DE,Confluence,E:\Program Files\Microsoft SQL Server\MSSQL14.MSSQLSERVER\MSSQL\DATA\Confluence_log.ldf,LOG,2022-12-01 16:47:58,FWL,Variance,0
FUZIONSSIS01-DE,Confluence,E:\Program Files\Microsoft SQL Server\MSSQL14.MSSQLSERVER\MSSQL\DATA\Confluence_log.ldf,LOG,2022-12-01 16:47:58,FWL,Max,0
FUZIONSSIS01-DE,,,,2022-12-01 16:47:58,IM,Mean,627
FUZIONSSIS01-DE,,,,2022-12-01 16:47:58,IM,Occurence,20
FUZIONSSIS01-DE,,,,2022-12-01 16:47:58,IM,Variance,0
FUZIONSSIS01-DE,,,,2022-12-01 16:47:58,IM,Max,627
FUZIONSSIS01-DE,,,,2022-12-01 16:47:58,IMP,Mean,100
FUZIONSSIS01-DE,,,,2022-12-01 16:47:58,IMP,Occurence,20
FUZIONSSIS01-DE,,,,2022-12-01 16:47:58,IMP,Variance,0
FUZIONSSIS01-DE,,,,2022-12-01 16:47:58,IMP,Max,100
FUZIONSSIS01-DE,,,,2022-12-01 16:47:58,ICP,Mean,0
FUZIONSSIS01-DE,,,,2022-12-01 16:47:58,ICP,Occurence,20
FUZIONSSIS01-DE,,,,2022-12-01 16:47:58,ICP,Variance,0
FUZIONSSIS01-DE,,,,2022-12-01 16:47:58,ICP,Max,0
