{
  "Servers": [
    {
      "ServerName": "FUZIONSQL03",
      "TargetPlatform": "AzureSqlVirtualMachine",
      "Requirements": {
        "CpuRequirementInCores": 0.20,
        "DataStorageRequirementInMB": 46777.81,
        "LogStorageRequirementInMB": 63766.75,
        "MemoryRequirementInMB": 1936.54,
        "DataIOPSRequirement": 125.86,
        "LogIOPSRequirement": 14.30,
        "IOLatencyRequirementInMs": 34.10,
        "IOThroughputRequirementInMBps": 48.90,
        "TempDBSizeInMB": 40.00,
        "DataPointsStartTime": "0001-01-01T00:00:00",
        "DataPointsEndTime": "9999-12-31T23:59:00",
        "AggregationTargetPercentile": 95,
        "PerfDataCollectionIntervalInSeconds": 30,
        "SqlServerHostRequirements": {
          "HostNICCount": 1
        },
        "DatabaseLevelRequirements": [
          {
            "CpuRequirementInCores": 0.00,
            "DataIOPSRequirement": 1.92,
            "LogIOPSRequirement": 0.02,
            "IOLatencyRequirementInMs": 15.19,
            "IOThroughputRequirementInMBps": 1.64,
            "DataStorageRequirementInMB": 1124.00,
            "LogStorageRequirementInMB": 1124.00,
            "DatabaseName": "QADEV",
            "MemoryRequirementInMB": 1.44,
            "CpuRequirementInPercentageOfTotalInstance": 0.51,
            "FileLevelRequirements": [
              {
                "FileName": "E:\\SQLData\\QADEV.mdf",
                "FileType": "Rows",
                "SizeInMB": 1124.00,
                "ReadLatencyInMs": 15.32,
                "WriteLatencyInMs": 1.16,
                "IOPSRequirement": 1.92,
                "IOThroughputRequirementInMBps": 1.64,
                "NumberOfDataPointsAnalyzed": 17496.00
              },
              {
                "FileName": "E:\\SQLLogs\\QADEV_log.ldf",
                "FileType": "Log",
                "SizeInMB": 1124.00,
                "ReadLatencyInMs": 1.06,
                "WriteLatencyInMs": 0.41,
                "IOPSRequirement": 0.02,
                "IOThroughputRequirementInMBps": 0.00,
                "NumberOfDataPointsAnalyzed": 17496.00
              }
            ],
            "NumberOfDataPointsAnalyzed": 5224.00
          },
          {
            "CpuRequirementInCores": 0.00,
            "DataIOPSRequirement": 0.23,
            "LogIOPSRequirement": 0.03,
            "IOLatencyRequirementInMs": 8.28,
            "IOThroughputRequirementInMBps": 0.01,
            "DataStorageRequirementInMB": 5.00,
            "LogStorageRequirementInMB": 2.50,
            "DatabaseName": "TimeTracking_old",
            "MemoryRequirementInMB": 1.65,
            "CpuRequirementInPercentageOfTotalInstance": 1.04,
            "FileLevelRequirements": [
              {
                "FileName": "E:\\SqlData\\TimeTracking_old.mdf",
                "FileType": "Rows",
                "SizeInMB": 5.00,
                "ReadLatencyInMs": 8.95,
                "WriteLatencyInMs": 0.47,
                "IOPSRequirement": 0.23,
                "IOThroughputRequirementInMBps": 0.01,
                "NumberOfDataPointsAnalyzed": 17496.00
              },
              {
                "FileName": "E:\\SQLLogs\\TimeTracking_old_log.ldf",
                "FileType": "Log",
                "SizeInMB": 2.50,
                "ReadLatencyInMs": 0.40,
                "WriteLatencyInMs": 0.36,
                "IOPSRequirement": 0.03,
                "IOThroughputRequirementInMBps": 0.00,
                "NumberOfDataPointsAnalyzed": 17496.00
              }
            ],
            "NumberOfDataPointsAnalyzed": 5223.00
          },
          {
            "CpuRequirementInCores": 0.00,
            "DataIOPSRequirement": 15.57,
            "LogIOPSRequirement": 0.02,
            "IOLatencyRequirementInMs": 8.28,
            "IOThroughputRequirementInMBps": 4.92,
            "DataStorageRequirementInMB": 3383.00,
            "LogStorageRequirementInMB": 11.00,
            "DatabaseName": "JIRAIssueTracking_Test",
            "MemoryRequirementInMB": 5.85,
            "CpuRequirementInPercentageOfTotalInstance": 0.75,
            "FileLevelRequirements": [
              {
                "FileName": "E:\\SQLData\\JIRA_719_IssueTrackingDev.mdf",
                "FileType": "Rows",
                "SizeInMB": 3383.00,
                "ReadLatencyInMs": 8.29,
                "WriteLatencyInMs": 0.52,
                "IOPSRequirement": 15.57,
                "IOThroughputRequirementInMBps": 4.92,
                "NumberOfDataPointsAnalyzed": 17496.00
              },
              {
                "FileName": "E:\\SQLLogs\\JIRA_719_IssueTrackingDev_log.ldf",
                "FileType": "Log",
                "SizeInMB": 11.00,
                "ReadLatencyInMs": 0.44,
                "WriteLatencyInMs": 0.46,
                "IOPSRequirement": 0.02,
                "IOThroughputRequirementInMBps": 0.00,
                "NumberOfDataPointsAnalyzed": 17496.00
              }
            ],
            "NumberOfDataPointsAnalyzed": 5224.00
          },
          {
            "CpuRequirementInCores": 0.00,
            "DataIOPSRequirement": 3.95,
            "LogIOPSRequirement": 0.02,
            "IOLatencyRequirementInMs": 25.23,
            "IOThroughputRequirementInMBps": 0.65,
            "DataStorageRequirementInMB": 3260.00,
            "LogStorageRequirementInMB": 147.00,
            "DatabaseName": "JIRASTAGE_DEV",
            "MemoryRequirementInMB": 5.60,
            "CpuRequirementInPercentageOfTotalInstance": 0.65,
            "FileLevelRequirements": [
              {
                "FileName": "E:\\SQLData\\JIRASTAGE.mdf",
                "FileType": "Rows",
                "SizeInMB": 3260.00,
                "ReadLatencyInMs": 25.35,
                "WriteLatencyInMs": 0.40,
                "IOPSRequirement": 3.95,
                "IOThroughputRequirementInMBps": 0.65,
                "NumberOfDataPointsAnalyzed": 17496.00
              },
              {
                "FileName": "E:\\SQLLogs\\JIRASTAGE_log.ldf",
                "FileType": "Log",
                "SizeInMB": 147.00,
                "ReadLatencyInMs": 0.71,
                "WriteLatencyInMs": 0.46,
                "IOPSRequirement": 0.02,
                "IOThroughputRequirementInMBps": 0.00,
                "NumberOfDataPointsAnalyzed": 17496.00
              }
            ],
            "NumberOfDataPointsAnalyzed": 5224.00
          },
          {
            "CpuRequirementInCores": 0.00,
            "DataIOPSRequirement": 0.29,
            "LogIOPSRequirement": 0.03,
            "IOLatencyRequirementInMs": 6.22,
            "IOThroughputRequirementInMBps": 0.15,
            "DataStorageRequirementInMB": 75.00,
            "LogStorageRequirementInMB": 3.38,
            "DatabaseName": "MFT_Reporting",
            "MemoryRequirementInMB": 1.69,
            "CpuRequirementInPercentageOfTotalInstance": 0.96,
            "FileLevelRequirements": [
              {
                "FileName": "E:\\SQLData\\MFT_Reporting.mdf",
                "FileType": "Rows",
                "SizeInMB": 75.00,
                "ReadLatencyInMs": 6.61,
                "WriteLatencyInMs": 0.44,
                "IOPSRequirement": 0.29,
                "IOThroughputRequirementInMBps": 0.15,
                "NumberOfDataPointsAnalyzed": 17496.00
              },
              {
                "FileName": "E:\\SQLLogs\\MFT_Reporting_log.ldf",
                "FileType": "Log",
                "SizeInMB": 3.38,
                "ReadLatencyInMs": 0.79,
                "WriteLatencyInMs": 0.40,
                "IOPSRequirement": 0.03,
                "IOThroughputRequirementInMBps": 0.00,
                "NumberOfDataPointsAnalyzed": 17496.00
              }
            ],
            "NumberOfDataPointsAnalyzed": 5224.00
          },
          {
            "CpuRequirementInCores": 0.00,
            "DataIOPSRequirement": 0.15,
            "LogIOPSRequirement": 0.03,
            "IOLatencyRequirementInMs": 8.42,
            "IOThroughputRequirementInMBps": 0.01,
            "DataStorageRequirementInMB": 916.00,
            "LogStorageRequirementInMB": 3738.81,
            "DatabaseName": "TestAutomation",
            "MemoryRequirementInMB": 1.49,
            "CpuRequirementInPercentageOfTotalInstance": 0.72,
            "FileLevelRequirements": [
              {
                "FileName": "E:\\SQLData\\QA_TestDB.mdf",
                "FileType": "Rows",
                "SizeInMB": 916.00,
                "ReadLatencyInMs": 9.51,
                "WriteLatencyInMs": 0.48,
                "IOPSRequirement": 0.15,
                "IOThroughputRequirementInMBps": 0.01,
                "NumberOfDataPointsAnalyzed": 17496.00
              },
              {
                "FileName": "E:\\SQLLogs\\QA_TestDB_log.ldf",
                "FileType": "Log",
                "SizeInMB": 3738.81,
                "ReadLatencyInMs": 0.45,
                "WriteLatencyInMs": 0.52,
                "IOPSRequirement": 0.03,
                "IOThroughputRequirementInMBps": 0.00,
                "NumberOfDataPointsAnalyzed": 17496.00
              }
            ],
            "NumberOfDataPointsAnalyzed": 5225.00
          },
          {
            "CpuRequirementInCores": 0.01,
            "DataIOPSRequirement": 0.15,
            "LogIOPSRequirement": 0.14,
            "IOLatencyRequirementInMs": 6.11,
            "IOThroughputRequirementInMBps": 0.01,
            "DataStorageRequirementInMB": 30.00,
            "LogStorageRequirementInMB": 100.00,
            "DatabaseName": "SERFF",
            "MemoryRequirementInMB": 2.33,
            "CpuRequirementInPercentageOfTotalInstance": 4.05,
            "FileLevelRequirements": [
              {
                "FileName": "E:\\SQLData\\RateSheet.mdf",
                "FileType": "Rows",
                "SizeInMB": 30.00,
                "ReadLatencyInMs": 8.29,
                "WriteLatencyInMs": 0.56,
                "IOPSRequirement": 0.15,
                "IOThroughputRequirementInMBps": 0.01,
                "NumberOfDataPointsAnalyzed": 17496.00
              },
              {
                "FileName": "E:\\SQLLogs\\RateSheet_log.ldf",
                "FileType": "Log",
                "SizeInMB": 100.00,
                "ReadLatencyInMs": 1.12,
                "WriteLatencyInMs": 9.64,
                "IOPSRequirement": 0.14,
                "IOThroughputRequirementInMBps": 0.00,
                "NumberOfDataPointsAnalyzed": 17496.00
              }
            ],
            "NumberOfDataPointsAnalyzed": 5791.00
          },
          {
            "CpuRequirementInCores": 0.04,
            "DataIOPSRequirement": 7.84,
            "LogIOPSRequirement": 1.14,
            "IOLatencyRequirementInMs": 9.51,
            "IOThroughputRequirementInMBps": 1.82,
            "DataStorageRequirementInMB": 3994.00,
            "LogStorageRequirementInMB": 2147.00,
            "DatabaseName": "FZNJiraNonOps",
            "MemoryRequirementInMB": 15.78,
            "CpuRequirementInPercentageOfTotalInstance": 20.05,
            "FileLevelRequirements": [
              {
                "FileName": "E:\\SQLData\\FZNJiraNonOps.mdf",
                "FileType": "Rows",
                "SizeInMB": 3994.00,
                "ReadLatencyInMs": 9.87,
                "WriteLatencyInMs": 0.91,
                "IOPSRequirement": 7.84,
                "IOThroughputRequirementInMBps": 1.80,
                "NumberOfDataPointsAnalyzed": 17496.00
              },
              {
                "FileName": "E:\\SQLLogs\\FZNJiraNonOps_log.ldf",
                "FileType": "Log",
                "SizeInMB": 2147.00,
                "ReadLatencyInMs": 2.18,
                "WriteLatencyInMs": 27.18,
                "IOPSRequirement": 1.14,
                "IOThroughputRequirementInMBps": 0.02,
                "NumberOfDataPointsAnalyzed": 17496.00
              }
            ],
            "NumberOfDataPointsAnalyzed": 5811.00
          },
          {
            "CpuRequirementInCores": 0.00,
            "DataIOPSRequirement": 0.17,
            "LogIOPSRequirement": 0.03,
            "IOLatencyRequirementInMs": 19.46,
            "IOThroughputRequirementInMBps": 0.01,
            "DataStorageRequirementInMB": 4.00,
            "LogStorageRequirementInMB": 1.75,
            "DatabaseName": "VendorScoreCard",
            "MemoryRequirementInMB": 1.38,
            "CpuRequirementInPercentageOfTotalInstance": 0.28,
            "FileLevelRequirements": [
              {
                "FileName": "E:\\SQLData\\VendorScoreCard.mdf",
                "FileType": "Rows",
                "SizeInMB": 4.00,
                "ReadLatencyInMs": 21.70,
                "WriteLatencyInMs": 0.54,
                "IOPSRequirement": 0.17,
                "IOThroughputRequirementInMBps": 0.01,
                "NumberOfDataPointsAnalyzed": 17496.00
              },
              {
                "FileName": "E:\\SQLLogs\\VendorScoreCard_log.ldf",
                "FileType": "Log",
                "SizeInMB": 1.75,
                "ReadLatencyInMs": 0.35,
                "WriteLatencyInMs": 0.45,
                "IOPSRequirement": 0.03,
                "IOThroughputRequirementInMBps": 0.00,
                "NumberOfDataPointsAnalyzed": 17496.00
              }
            ],
            "NumberOfDataPointsAnalyzed": 5223.00
          },
          {
            "CpuRequirementInCores": 0.13,
            "DataIOPSRequirement": 20.62,
            "LogIOPSRequirement": 4.81,
            "IOLatencyRequirementInMs": 63.72,
            "IOThroughputRequirementInMBps": 7.52,
            "DataStorageRequirementInMB": 5460.00,
            "LogStorageRequirementInMB": 5667.88,
            "DatabaseName": "Confluence",
            "MemoryRequirementInMB": 459.89,
            "CpuRequirementInPercentageOfTotalInstance": 63.68,
            "FileLevelRequirements": [
              {
                "FileName": "E:\\SQLData\\Confluence.mdf",
                "FileType": "Rows",
                "SizeInMB": 5460.00,
                "ReadLatencyInMs": 33.02,
                "WriteLatencyInMs": 153.65,
                "IOPSRequirement": 20.62,
                "IOThroughputRequirementInMBps": 7.35,
                "NumberOfDataPointsAnalyzed": 17496.00
              },
              {
                "FileName": "E:\\SQLLogs\\Confluence_log.ldf",
                "FileType": "Log",
                "SizeInMB": 5667.88,
                "ReadLatencyInMs": 12.54,
                "WriteLatencyInMs": 24.84,
                "IOPSRequirement": 4.81,
                "IOThroughputRequirementInMBps": 0.17,
                "NumberOfDataPointsAnalyzed": 17496.00
              }
            ],
            "NumberOfDataPointsAnalyzed": 5813.00
          },
          {
            "CpuRequirementInCores": 0.06,
            "DataIOPSRequirement": 31.64,
            "LogIOPSRequirement": 1.45,
            "IOLatencyRequirementInMs": 22.73,
            "IOThroughputRequirementInMBps": 8.18,
            "DataStorageRequirementInMB": 4790.00,
            "LogStorageRequirementInMB": 44734.50,
            "DatabaseName": "FZNJiraOps",
            "MemoryRequirementInMB": 343.39,
            "CpuRequirementInPercentageOfTotalInstance": 30.02,
            "FileLevelRequirements": [
              {
                "FileName": "E:\\SQLData\\FZNJiraOps.mdf",
                "FileType": "Rows",
                "SizeInMB": 4790.00,
                "ReadLatencyInMs": 23.20,
                "WriteLatencyInMs": 4.65,
                "IOPSRequirement": 31.64,
                "IOThroughputRequirementInMBps": 8.16,
                "NumberOfDataPointsAnalyzed": 17496.00
              },
              {
                "FileName": "E:\\SQLLogs\\FZNJiraOps_log.ldf",
                "FileType": "Log",
                "SizeInMB": 44734.50,
                "ReadLatencyInMs": 4.36,
                "WriteLatencyInMs": 25.19,
                "IOPSRequirement": 1.45,
                "IOThroughputRequirementInMBps": 0.02,
                "NumberOfDataPointsAnalyzed": 17496.00
              }
            ],
            "NumberOfDataPointsAnalyzed": 5809.00
          },
          {
            "CpuRequirementInCores": 0.00,
            "DataIOPSRequirement": 0.20,
            "LogIOPSRequirement": 0.03,
            "IOLatencyRequirementInMs": 5.65,
            "IOThroughputRequirementInMBps": 0.04,
            "DataStorageRequirementInMB": 21.00,
            "LogStorageRequirementInMB": 2.75,
            "DatabaseName": "TimeTracking",
            "MemoryRequirementInMB": 1.91,
            "CpuRequirementInPercentageOfTotalInstance": 0.58,
            "FileLevelRequirements": [
              {
                "FileName": "E:\\SQLData\\TimeTracking.mdf",
                "FileType": "Rows",
                "SizeInMB": 21.00,
                "ReadLatencyInMs": 6.13,
                "WriteLatencyInMs": 0.73,
                "IOPSRequirement": 0.20,
                "IOThroughputRequirementInMBps": 0.04,
                "NumberOfDataPointsAnalyzed": 17496.00
              },
              {
                "FileName": "E:\\SQLLogs\\TimeTracking_log.ldf",
                "FileType": "Log",
                "SizeInMB": 2.75,
                "ReadLatencyInMs": 1.46,
                "WriteLatencyInMs": 0.72,
                "IOPSRequirement": 0.03,
                "IOThroughputRequirementInMBps": 0.00,
                "NumberOfDataPointsAnalyzed": 17496.00
              }
            ],
            "NumberOfDataPointsAnalyzed": 5223.00
          },
          {
            "CpuRequirementInCores": 0.00,
            "DataIOPSRequirement": 0.12,
            "LogIOPSRequirement": 0.02,
            "IOLatencyRequirementInMs": 4.10,
            "IOThroughputRequirementInMBps": 0.01,
            "DataStorageRequirementInMB": 100.00,
            "LogStorageRequirementInMB": 100.00,
            "DatabaseName": "RenewalTracker",
            "MemoryRequirementInMB": 1.26,
            "CpuRequirementInPercentageOfTotalInstance": 1.84,
            "FileLevelRequirements": [
              {
                "FileName": "E:\\SQLData\\RenewalTracker.mdf",
                "FileType": "Rows",
                "SizeInMB": 100.00,
                "ReadLatencyInMs": 4.84,
                "WriteLatencyInMs": 0.75,
                "IOPSRequirement": 0.12,
                "IOThroughputRequirementInMBps": 0.01,
                "NumberOfDataPointsAnalyzed": 17496.00
              },
              {
                "FileName": "E:\\SQLLogs\\RenewalTracker_log.ldf",
                "FileType": "Log",
                "SizeInMB": 100.00,
                "ReadLatencyInMs": 1.07,
                "WriteLatencyInMs": 0.45,
                "IOPSRequirement": 0.02,
                "IOThroughputRequirementInMBps": 0.00,
                "NumberOfDataPointsAnalyzed": 17496.00
              }
            ],
            "NumberOfDataPointsAnalyzed": 5224.00
          },
          {
            "CpuRequirementInCores": 0.00,
            "DataIOPSRequirement": 0.00,
            "LogIOPSRequirement": 0.04,
            "IOLatencyRequirementInMs": NaN,
            "IOThroughputRequirementInMBps": 0.03,
            "DataStorageRequirementInMB": 51.00,
            "LogStorageRequirementInMB": 38.38,
            "DatabaseName": "COV",
            "MemoryRequirementInMB": 0.18,
            "CpuRequirementInPercentageOfTotalInstance": 0.00,
            "FileLevelRequirements": [
              {
                "FileName": "E:\\SQLData\\Cov.mdf",
                "FileType": "Rows",
                "SizeInMB": 51.00,
                "ReadLatencyInMs": 0.00,
                "WriteLatencyInMs": 0.00,
                "IOPSRequirement": 0.00,
                "IOThroughputRequirementInMBps": 0.00,
                "NumberOfDataPointsAnalyzed": 138.00
              },
              {
                "FileName": "E:\\SQLLogs\\Cov_log.LDF",
                "FileType": "Log",
                "SizeInMB": 38.38,
                "ReadLatencyInMs": 0.00,
                "WriteLatencyInMs": 87.54,
                "IOPSRequirement": 0.04,
                "IOThroughputRequirementInMBps": 0.03,
                "NumberOfDataPointsAnalyzed": 138.00
              }
            ],
            "NumberOfDataPointsAnalyzed": 269.00
          },
          {
            "CpuRequirementInCores": 0.00,
            "DataIOPSRequirement": 0.00,
            "LogIOPSRequirement": 0.04,
            "IOLatencyRequirementInMs": NaN,
            "IOThroughputRequirementInMBps": 0.00,
            "DataStorageRequirementInMB": 8.00,
            "LogStorageRequirementInMB": 8.00,
            "DatabaseName": "SHIPHJ",
            "MemoryRequirementInMB": 0.21,
            "CpuRequirementInPercentageOfTotalInstance": 0.00,
            "FileLevelRequirements": [
              {
                "FileName": "E:\\SQLData\\SHIPHJ.mdf",
                "FileType": "Rows",
                "SizeInMB": 8.00,
                "ReadLatencyInMs": 0.00,
                "WriteLatencyInMs": 0.00,
                "IOPSRequirement": 0.00,
                "IOThroughputRequirementInMBps": 0.00,
                "NumberOfDataPointsAnalyzed": 156.00
              },
              {
                "FileName": "E:\\SQLLogs\\SHIPHJ_log.ldf",
                "FileType": "Log",
                "SizeInMB": 8.00,
                "ReadLatencyInMs": 0.00,
                "WriteLatencyInMs": 8.57,
                "IOPSRequirement": 0.04,
                "IOThroughputRequirementInMBps": 0.00,
                "NumberOfDataPointsAnalyzed": 156.00
              }
            ],
            "NumberOfDataPointsAnalyzed": 161.00
          },
          {
            "CpuRequirementInCores": 0.00,
            "DataIOPSRequirement": 1.98,
            "LogIOPSRequirement": 0.02,
            "IOLatencyRequirementInMs": 9.78,
            "IOThroughputRequirementInMBps": 1.28,
            "DataStorageRequirementInMB": 647.00,
            "LogStorageRequirementInMB": 285.06,
            "DatabaseName": "Pro1099CS",
            "MemoryRequirementInMB": 9.51,
            "CpuRequirementInPercentageOfTotalInstance": 1.14,
            "FileLevelRequirements": [
              {
                "FileName": "E:\\SQLData\\Pro1099CS.mdf",
                "FileType": "Rows",
                "SizeInMB": 647.00,
                "ReadLatencyInMs": 9.86,
                "WriteLatencyInMs": 0.49,
                "IOPSRequirement": 1.98,
                "IOThroughputRequirementInMBps": 1.28,
                "NumberOfDataPointsAnalyzed": 17496.00
              },
              {
                "FileName": "E:\\SQLLogs\\Pro1099CS.ldf",
                "FileType": "Log",
                "SizeInMB": 285.06,
                "ReadLatencyInMs": 1.27,
                "WriteLatencyInMs": 0.44,
                "IOPSRequirement": 0.02,
                "IOThroughputRequirementInMBps": 0.00,
                "NumberOfDataPointsAnalyzed": 17496.00
              }
            ],
            "NumberOfDataPointsAnalyzed": 5224.00
          },
          {
            "CpuRequirementInCores": 0.00,
            "DataIOPSRequirement": 0.69,
            "LogIOPSRequirement": 0.02,
            "IOLatencyRequirementInMs": 7.61,
            "IOThroughputRequirementInMBps": 0.27,
            "DataStorageRequirementInMB": 131.44,
            "LogStorageRequirementInMB": 46.50,
            "DatabaseName": "Tracker_Data",
            "MemoryRequirementInMB": 5.11,
            "CpuRequirementInPercentageOfTotalInstance": 0.42,
            "FileLevelRequirements": [
              {
                "FileName": "E:\\SQLData\\Tracker_Data.mdf",
                "FileType": "Rows",
                "SizeInMB": 131.44,
                "ReadLatencyInMs": 7.78,
                "WriteLatencyInMs": 1.11,
                "IOPSRequirement": 0.69,
                "IOThroughputRequirementInMBps": 0.27,
                "NumberOfDataPointsAnalyzed": 17496.00
              },
              {
                "FileName": "E:\\SQLLogs\\Tracker_Data_log.ldf",
                "FileType": "Log",
                "SizeInMB": 46.50,
                "ReadLatencyInMs": 1.59,
                "WriteLatencyInMs": 0.88,
                "IOPSRequirement": 0.02,
                "IOThroughputRequirementInMBps": 0.00,
                "NumberOfDataPointsAnalyzed": 17496.00
              }
            ],
            "NumberOfDataPointsAnalyzed": 5224.00
          },
          {
            "CpuRequirementInCores": 0.00,
            "DataIOPSRequirement": 0.26,
            "LogIOPSRequirement": 0.03,
            "IOLatencyRequirementInMs": 8.03,
            "IOThroughputRequirementInMBps": 0.08,
            "DataStorageRequirementInMB": 38.81,
            "LogStorageRequirementInMB": 31.69,
            "DatabaseName": "Tracker_SysAdmin",
            "MemoryRequirementInMB": 2.20,
            "CpuRequirementInPercentageOfTotalInstance": 0.74,
            "FileLevelRequirements": [
              {
                "FileName": "E:\\SQLData\\Tracker_SysAdmin.mdf",
                "FileType": "Rows",
                "SizeInMB": 38.81,
                "ReadLatencyInMs": 8.59,
                "WriteLatencyInMs": 0.59,
                "IOPSRequirement": 0.26,
                "IOThroughputRequirementInMBps": 0.08,
                "NumberOfDataPointsAnalyzed": 17496.00
              },
              {
                "FileName": "E:\\SQLLogs\\Tracker_SysAdmin_log.ldf",
                "FileType": "Log",
                "SizeInMB": 31.69,
                "ReadLatencyInMs": 0.41,
                "WriteLatencyInMs": 0.63,
                "IOPSRequirement": 0.03,
                "IOThroughputRequirementInMBps": 0.00,
                "NumberOfDataPointsAnalyzed": 17496.00
              }
            ],
            "NumberOfDataPointsAnalyzed": 5224.00
          },
          {
            "CpuRequirementInCores": 0.00,
            "DataIOPSRequirement": 7.44,
            "LogIOPSRequirement": 0.02,
            "IOLatencyRequirementInMs": 6.61,
            "IOThroughputRequirementInMBps": 2.84,
            "DataStorageRequirementInMB": 1788.25,
            "LogStorageRequirementInMB": 648.06,
            "DatabaseName": "WebSearch4",
            "MemoryRequirementInMB": 2.27,
            "CpuRequirementInPercentageOfTotalInstance": 1.00,
            "FileLevelRequirements": [
              {
                "FileName": "E:\\SQLData\\WebSearch4.mdf",
                "FileType": "Rows",
                "SizeInMB": 1788.25,
                "ReadLatencyInMs": 6.63,
                "WriteLatencyInMs": 0.67,
                "IOPSRequirement": 7.44,
                "IOThroughputRequirementInMBps": 2.84,
                "NumberOfDataPointsAnalyzed": 17496.00
              },
              {
                "FileName": "E:\\SQLLogs\\WebSearch4_log.LDF",
                "FileType": "Log",
                "SizeInMB": 648.06,
                "ReadLatencyInMs": 0.61,
                "WriteLatencyInMs": 0.57,
                "IOPSRequirement": 0.02,
                "IOThroughputRequirementInMBps": 0.00,
                "NumberOfDataPointsAnalyzed": 17496.00
              }
            ],
            "NumberOfDataPointsAnalyzed": 5224.00
          },
          {
            "CpuRequirementInCores": 0.00,
            "DataIOPSRequirement": 0.37,
            "LogIOPSRequirement": 0.02,
            "IOLatencyRequirementInMs": 4.99,
            "IOThroughputRequirementInMBps": 0.04,
            "DataStorageRequirementInMB": 27.13,
            "LogStorageRequirementInMB": 5.75,
            "DatabaseName": "DLO",
            "MemoryRequirementInMB": 3.93,
            "CpuRequirementInPercentageOfTotalInstance": 1.00,
            "FileLevelRequirements": [
              {
                "FileName": "E:\\SQLData\\DLO.mdf",
                "FileType": "Rows",
                "SizeInMB": 27.13,
                "ReadLatencyInMs": 5.21,
                "WriteLatencyInMs": 0.57,
                "IOPSRequirement": 0.37,
                "IOThroughputRequirementInMBps": 0.04,
                "NumberOfDataPointsAnalyzed": 17496.00
              },
              {
                "FileName": "E:\\SQLLogs\\DLO_log.LDF",
                "FileType": "Log",
                "SizeInMB": 5.75,
                "ReadLatencyInMs": 1.08,
                "WriteLatencyInMs": 0.52,
                "IOPSRequirement": 0.02,
                "IOThroughputRequirementInMBps": 0.00,
                "NumberOfDataPointsAnalyzed": 17496.00
              }
            ],
            "NumberOfDataPointsAnalyzed": 5223.00
          },
          {
            "CpuRequirementInCores": 0.00,
            "DataIOPSRequirement": 0.67,
            "LogIOPSRequirement": 0.03,
            "IOLatencyRequirementInMs": 10.54,
            "IOThroughputRequirementInMBps": 0.33,
            "DataStorageRequirementInMB": 159.19,
            "LogStorageRequirementInMB": 122.00,
            "DatabaseName": "SHIP_DFT",
            "MemoryRequirementInMB": 5.78,
            "CpuRequirementInPercentageOfTotalInstance": 0.91,
            "FileLevelRequirements": [
              {
                "FileName": "E:\\SQLData\\SHIP_DFT.mdf",
                "FileType": "Rows",
                "SizeInMB": 159.19,
                "ReadLatencyInMs": 10.82,
                "WriteLatencyInMs": 0.47,
                "IOPSRequirement": 0.67,
                "IOThroughputRequirementInMBps": 0.33,
                "NumberOfDataPointsAnalyzed": 17496.00
              },
              {
                "FileName": "E:\\SQLLogs\\SHIP_DFT_1.LDF",
                "FileType": "Log",
                "SizeInMB": 122.00,
                "ReadLatencyInMs": 1.20,
                "WriteLatencyInMs": 0.84,
                "IOPSRequirement": 0.03,
                "IOThroughputRequirementInMBps": 0.00,
                "NumberOfDataPointsAnalyzed": 17496.00
              }
            ],
            "NumberOfDataPointsAnalyzed": 5224.00
          },
          {
            "CpuRequirementInCores": 0.00,
            "DataIOPSRequirement": 5.34,
            "LogIOPSRequirement": 0.02,
            "IOLatencyRequirementInMs": 10.80,
            "IOThroughputRequirementInMBps": 5.01,
            "DataStorageRequirementInMB": 2985.00,
            "LogStorageRequirementInMB": 161.75,
            "DatabaseName": "JIRAIssueTracking_Prod",
            "MemoryRequirementInMB": 6.11,
            "CpuRequirementInPercentageOfTotalInstance": 0.66,
            "FileLevelRequirements": [
              {
                "FileName": "E:\\SQLData\\JIRA_719_IssueTracking.mdf",
                "FileType": "Rows",
                "SizeInMB": 2985.00,
                "ReadLatencyInMs": 10.83,
                "WriteLatencyInMs": 0.48,
                "IOPSRequirement": 5.34,
                "IOThroughputRequirementInMBps": 5.01,
                "NumberOfDataPointsAnalyzed": 17496.00
              },
              {
                "FileName": "E:\\SQLLogs\\JIRA_719_IssueTracking_log.ldf",
                "FileType": "Log",
                "SizeInMB": 161.75,
                "ReadLatencyInMs": 1.49,
                "WriteLatencyInMs": 0.46,
                "IOPSRequirement": 0.02,
                "IOThroughputRequirementInMBps": 0.00,
                "NumberOfDataPointsAnalyzed": 17496.00
              }
            ],
            "NumberOfDataPointsAnalyzed": 5224.00
          },
          {
            "CpuRequirementInCores": 0.00,
            "DataIOPSRequirement": 9.37,
            "LogIOPSRequirement": 0.02,
            "IOLatencyRequirementInMs": 40.40,
            "IOThroughputRequirementInMBps": 9.35,
            "DataStorageRequirementInMB": 13177.00,
            "LogStorageRequirementInMB": 258.00,
            "DatabaseName": "SHIP_DFT_ATTACHMENT",
            "MemoryRequirementInMB": 1.30,
            "CpuRequirementInPercentageOfTotalInstance": 0.36,
            "FileLevelRequirements": [
              {
                "FileName": "E:\\SQLData\\SHIP_DFT_ATTACHMENT.mdf",
                "FileType": "Rows",
                "SizeInMB": 13177.00,
                "ReadLatencyInMs": 40.47,
                "WriteLatencyInMs": 0.76,
                "IOPSRequirement": 9.37,
                "IOThroughputRequirementInMBps": 9.34,
                "NumberOfDataPointsAnalyzed": 17496.00
              },
              {
                "FileName": "E:\\SQLLogs\\SHIP_DFT_ATTACHMENT.LDF",
                "FileType": "Log",
                "SizeInMB": 258.00,
                "ReadLatencyInMs": 2.14,
                "WriteLatencyInMs": 0.68,
                "IOPSRequirement": 0.02,
                "IOThroughputRequirementInMBps": 0.00,
                "NumberOfDataPointsAnalyzed": 17496.00
              }
            ],
            "NumberOfDataPointsAnalyzed": 5225.00
          },
          {
            "CpuRequirementInCores": 0.00,
            "DataIOPSRequirement": 0.12,
            "LogIOPSRequirement": 0.03,
            "IOLatencyRequirementInMs": 13.78,
            "IOThroughputRequirementInMBps": 0.01,
            "DataStorageRequirementInMB": 100.00,
            "LogStorageRequirementInMB": 100.00,
            "DatabaseName": "RenewalTracker_Restored",
            "MemoryRequirementInMB": 1.21,
            "CpuRequirementInPercentageOfTotalInstance": 1.75,
            "FileLevelRequirements": [
              {
                "FileName": "E:\\SQLData\\RenewalTracker_Restored.mdf",
                "FileType": "Rows",
                "SizeInMB": 100.00,
                "ReadLatencyInMs": 16.29,
                "WriteLatencyInMs": 0.48,
                "IOPSRequirement": 0.12,
                "IOThroughputRequirementInMBps": 0.01,
                "NumberOfDataPointsAnalyzed": 17496.00
              },
              {
                "FileName": "E:\\SQLLogs\\RenewalTracker_Restored_log.ldf",
                "FileType": "Log",
                "SizeInMB": 100.00,
                "ReadLatencyInMs": 0.57,
                "WriteLatencyInMs": 0.37,
                "IOPSRequirement": 0.03,
                "IOThroughputRequirementInMBps": 0.00,
                "NumberOfDataPointsAnalyzed": 17496.00
              }
            ],
            "NumberOfDataPointsAnalyzed": 5224.00
          },
          {
            "CpuRequirementInCores": 0.02,
            "DataIOPSRequirement": 1.57,
            "LogIOPSRequirement": 0.10,
            "IOLatencyRequirementInMs": 18.28,
            "IOThroughputRequirementInMBps": 1.50,
            "DataStorageRequirementInMB": 760.00,
            "LogStorageRequirementInMB": 373.00,
            "DatabaseName": "GAWF",
            "MemoryRequirementInMB": 2.46,
            "CpuRequirementInPercentageOfTotalInstance": 8.86,
            "FileLevelRequirements": [
              {
                "FileName": "E:\\SQLData\\GAWF.mdf",
                "FileType": "Rows",
                "SizeInMB": 760.00,
                "ReadLatencyInMs": 18.63,
                "WriteLatencyInMs": 0.81,
                "IOPSRequirement": 1.57,
                "IOThroughputRequirementInMBps": 1.50,
                "NumberOfDataPointsAnalyzed": 17496.00
              },
              {
                "FileName": "E:\\SQLLogs\\GAWF_log.ldf",
                "FileType": "Log",
                "SizeInMB": 373.00,
                "ReadLatencyInMs": 2.55,
                "WriteLatencyInMs": 5.22,
                "IOPSRequirement": 0.10,
                "IOThroughputRequirementInMBps": 0.00,
                "NumberOfDataPointsAnalyzed": 17496.00
              }
            ],
            "NumberOfDataPointsAnalyzed": 5768.00
          },
          {
            "CpuRequirementInCores": 0.15,
            "DataIOPSRequirement": 0.96,
            "LogIOPSRequirement": 1.18,
            "IOLatencyRequirementInMs": 11.88,
            "IOThroughputRequirementInMBps": 0.17,
            "DataStorageRequirementInMB": 283.00,
            "LogStorageRequirementInMB": 3541.00,
            "DatabaseName": "GADATA",
            "MemoryRequirementInMB": 55.49,
            "CpuRequirementInPercentageOfTotalInstance": 72.77,
            "FileLevelRequirements": [
              {
                "FileName": "E:\\SQLData\\GADATA.mdf",
                "FileType": "Rows",
                "SizeInMB": 283.00,
                "ReadLatencyInMs": 17.68,
                "WriteLatencyInMs": 1.06,
                "IOPSRequirement": 0.96,
                "IOThroughputRequirementInMBps": 0.15,
                "NumberOfDataPointsAnalyzed": 17496.00
              },
              {
                "FileName": "E:\\SQLLogs\\GADATA_log.ldf",
                "FileType": "Log",
                "SizeInMB": 3541.00,
                "ReadLatencyInMs": 1.81,
                "WriteLatencyInMs": 25.87,
                "IOPSRequirement": 1.18,
                "IOThroughputRequirementInMBps": 0.02,
                "NumberOfDataPointsAnalyzed": 17496.00
              }
            ],
            "NumberOfDataPointsAnalyzed": 5812.00
          },
          {
            "CpuRequirementInCores": 0.00,
            "DataIOPSRequirement": 0.12,
            "LogIOPSRequirement": 0.03,
            "IOLatencyRequirementInMs": 9.89,
            "IOThroughputRequirementInMBps": 0.01,
            "DataStorageRequirementInMB": 100.00,
            "LogStorageRequirementInMB": 100.00,
            "DatabaseName": "ACH_AUDITDB",
            "MemoryRequirementInMB": 1.30,
            "CpuRequirementInPercentageOfTotalInstance": 0.99,
            "FileLevelRequirements": [
              {
                "FileName": "E:\\SQLData\\ACH_VALIDATION.mdf",
                "FileType": "Rows",
                "SizeInMB": 100.00,
                "ReadLatencyInMs": 11.62,
                "WriteLatencyInMs": 0.45,
                "IOPSRequirement": 0.12,
                "IOThroughputRequirementInMBps": 0.01,
                "NumberOfDataPointsAnalyzed": 17496.00
              },
              {
                "FileName": "E:\\SQLLogs\\ACH_VALIDATION_log.ldf",
                "FileType": "Log",
                "SizeInMB": 100.00,
                "ReadLatencyInMs": 0.41,
                "WriteLatencyInMs": 0.42,
                "IOPSRequirement": 0.03,
                "IOThroughputRequirementInMBps": 0.00,
                "NumberOfDataPointsAnalyzed": 17496.00
              }
            ],
            "NumberOfDataPointsAnalyzed": 5224.00
          },
          {
            "CpuRequirementInCores": 0.01,
            "DataIOPSRequirement": 14.03,
            "LogIOPSRequirement": 4.90,
            "IOLatencyRequirementInMs": 96.33,
            "IOThroughputRequirementInMBps": 3.01,
            "DataStorageRequirementInMB": 3260.00,
            "LogStorageRequirementInMB": 167.00,
            "DatabaseName": "JIRASTAGE_Prod",
            "MemoryRequirementInMB": 994.70,
            "CpuRequirementInPercentageOfTotalInstance": 6.78,
            "FileLevelRequirements": [
              {
                "FileName": "E:\\SQLData\\JIRASTAGE_Prod.mdf",
                "FileType": "Rows",
                "SizeInMB": 3260.00,
                "ReadLatencyInMs": 13.73,
                "WriteLatencyInMs": 157.35,
                "IOPSRequirement": 14.03,
                "IOThroughputRequirementInMBps": 2.81,
                "NumberOfDataPointsAnalyzed": 17496.00
              },
              {
                "FileName": "E:\\SQLLogs\\JIRASTAGE_Prod_log.ldf",
                "FileType": "Log",
                "SizeInMB": 167.00,
                "ReadLatencyInMs": 1.11,
                "WriteLatencyInMs": 1.21,
                "IOPSRequirement": 4.90,
                "IOThroughputRequirementInMBps": 0.20,
                "NumberOfDataPointsAnalyzed": 17496.00
              }
            ],
            "NumberOfDataPointsAnalyzed": 5814.00
          },
          {
            "CpuRequirementInCores": 0.00,
            "DataIOPSRequirement": 0.10,
            "LogIOPSRequirement": 0.03,
            "IOLatencyRequirementInMs": 8.25,
            "IOThroughputRequirementInMBps": 0.01,
            "DataStorageRequirementInMB": 100.00,
            "LogStorageRequirementInMB": 100.00,
            "DatabaseName": "PayFileValidation",
            "MemoryRequirementInMB": 1.13,
            "CpuRequirementInPercentageOfTotalInstance": 0.35,
            "FileLevelRequirements": [
              {
                "FileName": "E:\\SQLData\\PayFileValidation.mdf",
                "FileType": "Rows",
                "SizeInMB": 100.00,
                "ReadLatencyInMs": 10.00,
                "WriteLatencyInMs": 0.39,
                "IOPSRequirement": 0.10,
                "IOThroughputRequirementInMBps": 0.01,
                "NumberOfDataPointsAnalyzed": 17496.00
              },
              {
                "FileName": "E:\\SQLLogs\\PayFileValidation_log.ldf",
                "FileType": "Log",
                "SizeInMB": 100.00,
                "ReadLatencyInMs": 0.39,
                "WriteLatencyInMs": 0.39,
                "IOPSRequirement": 0.03,
                "IOThroughputRequirementInMBps": 0.00,
                "NumberOfDataPointsAnalyzed": 17496.00
              }
            ],
            "NumberOfDataPointsAnalyzed": 5224.00
          }
        ],
        "NumberOfDataPointsAnalyzed": 8757.00
      },
      "Recommendations": [
        {
          "RecommendedSku": {
            "Platform": "SQL Server on Azure VM",
            "VirtualMachineFamily": "standardEADSv5Family",
            "VirtualMachineSize": "E2ads_v5",
            "SizeInVCores": 2,
            "DataDisks": [
              {
                "Type": "PremiumSSD",
                "Size": "P30",
                "Caching": "ReadOnly"
              }
            ],
            "LogDisks": [
              {
                "Type": "PremiumSSD",
                "Size": "P30",
                "Caching": "None"
              }
            ],
            "TempDbDisks": []
          },
          "Justifications": [
            "This recommended configuration follows Microsoft's best practices for SQL Server on Azure VMs. To learn more, visit https://aka.ms/sqliaasperf.",
            "According to the performance data collected, we estimate that your instance has a compute requirement of 0.20 vCores. Based on other factors, including memory, storage, and IO, this is the smallest compute sizing that will satisfy all of your requirements.",
            "We recommend placing tempdb on the local ephemeral SSD. This Virtual Machine size supports temporary local storage of up to 75.00 GB, which is large enough to host your 0.04 GB tempdb.",
            "This instance requires 1.89 GB of memory, which can be satisfied by this SKU's maximum of 16.00 GB.",
            "This Virtual Machine size's Memory-to-vCore ratio of 8.0 is greater than or equal to the recommended value of 8.0.",
            "This instance's IOPS requirement of 140.16 is within this Virtual Machine size's uncached IOPS limit of 3750.",
            "This instance's IO throughput requirement of 48.90 MBps is within this Virtual Machine size's uncached limit of 82.00 MBps.",
            "Note: this storage layout supports a combined 5000 uncached IOPS, which exceeds the Virtual Machine's limit of 3750 uncached IOPS.",
            "We recommend provisioning dedicated disks for Data storage. This instance's Data storage requirement of 45.68 GB will fit on 1 P30 disk(s), which can hold 1024 GB each.",
            "We recommend provisioning dedicated disks for Log storage. This instance's Log storage requirement of 62.27 GB will fit on 1 P30 disk(s), which can hold 1024 GB each."
          ]
        }
      ]
    }
  ],
  "TimeCreated": "2022-12-05T16:11:27.2180807Z"
}