"Data Migration Assistant - Assessment Report:"
"The analysis of your source SQL Server databases is complete. Based on your source server and which target server you plan to migrate, the below list can contain compatibility issues, breaking changes, behavior changes and deprecated features. While these issues may not prevent you from migrating to the target SQL Server platform, some of the breaking changes and deprecated features may disrupt your applications. We recommend addressing these compatibility issues before moving your database to production. 
We also analyzed the databases and tables in your source server to provide a report on new SQL Server feature recommendations that might be applicable to your database environment. Implementing the below suggested recommendations would enhance your SQL Server experience and may also bring potential cost-savings and better performance."
"Source: SQL Server"
"Target: SQL Server 2019 on Windows"
"Duration: 0h 0m 22s"

"Assessment Execution Summary - Databases"
"Server Name","Server Version","Database Name","Status","Description"
"SSIS01-P","SQL Server 2017","FileWatcher","Success","Assessment was successfully completed: 0 issues and 0 recommendations"
"SSIS01-P","SQL Server 2017","ReportServer","Success","Assessment was successfully completed: 64 issues and 0 recommendations"
"SSIS01-P","SQL Server 2017","ReportServerTempDB","Success","Assessment was successfully completed: 24 issues and 0 recommendations"

"Assessment Execution Summary - Server Instances"
"Server Name","Server Version","Status","Description"
"Feature parity advisor not selected, so no server instance analysis was performed."

"Database Compatibility Issues"
"Server Name","Server Version","Database Name","Issue","Source Compatibility Level","Impact","Target Compatibility Level","Compatibility Category","Recommendation","More Info","Impacted Object Type","Impacted Object","Impacted Object Details"
"SSIS01-P","SQL Server 2017","ReportServer","Deprecated data types TEXT, IMAGE or NTEXT","140","These data types are checked as deprecated. In some cases, using TEXT, IMAGE or NTEXT might harm performance.","140","Information","Deprecated data types are marked to be discontinued on next versions of SQL Server, should use new data types such as: (varchar(max), nvarchar(max), varbinary(max) and etc.)","ntext, text, and image (Transact-SQL) (https://go.microsoft.com/fwlink/?LinkId=798558)","Column","dbo.Batch.Content","Object dbo.Batch.Content uses deprecated data type TEXT, IMAGE or NTEXT which will be discontinued for future versions of SQL Server. For more details, please see: Line 9, Column 5."
"SSIS01-P","SQL Server 2017","ReportServer","Deprecated data types TEXT, IMAGE or NTEXT","140","These data types are checked as deprecated. In some cases, using TEXT, IMAGE or NTEXT might harm performance.","140","Information","Deprecated data types are marked to be discontinued on next versions of SQL Server, should use new data types such as: (varchar(max), nvarchar(max), varbinary(max) and etc.)","ntext, text, and image (Transact-SQL) (https://go.microsoft.com/fwlink/?LinkId=798558)","Column","dbo.Batch.Properties","Object dbo.Batch.Properties uses deprecated data type TEXT, IMAGE or NTEXT which will be discontinued for future versions of SQL Server. For more details, please see: Line 10, Column 5."
"SSIS01-P","SQL Server 2017","ReportServer","Deprecated data types TEXT, IMAGE or NTEXT","140","These data types are checked as deprecated. In some cases, using TEXT, IMAGE or NTEXT might harm performance.","140","Information","Deprecated data types are marked to be discontinued on next versions of SQL Server, should use new data types such as: (varchar(max), nvarchar(max), varbinary(max) and etc.)","ntext, text, and image (Transact-SQL) (https://go.microsoft.com/fwlink/?LinkId=798558)","Column","dbo.Catalog.Parameter","Object dbo.Catalog.Parameter uses deprecated data type TEXT, IMAGE or NTEXT which will be discontinued for future versions of SQL Server. For more details, please see: Line 20, Column 5."
"SSIS01-P","SQL Server 2017","ReportServer","Deprecated data types TEXT, IMAGE or NTEXT","140","These data types are checked as deprecated. In some cases, using TEXT, IMAGE or NTEXT might harm performance.","140","Information","Deprecated data types are marked to be discontinued on next versions of SQL Server, should use new data types such as: (varchar(max), nvarchar(max), varbinary(max) and etc.)","ntext, text, and image (Transact-SQL) (https://go.microsoft.com/fwlink/?LinkId=798558)","Column","dbo.Catalog.Property","Object dbo.Catalog.Property uses deprecated data type TEXT, IMAGE or NTEXT which will be discontinued for future versions of SQL Server. For more details, please see: Line 11, Column 5."
"SSIS01-P","SQL Server 2017","ReportServer","Deprecated data types TEXT, IMAGE or NTEXT","140","These data types are checked as deprecated. In some cases, using TEXT, IMAGE or NTEXT might harm performance.","140","Information","Deprecated data types are marked to be discontinued on next versions of SQL Server, should use new data types such as: (varchar(max), nvarchar(max), varbinary(max) and etc.)","ntext, text, and image (Transact-SQL) (https://go.microsoft.com/fwlink/?LinkId=798558)","Column","dbo.ChunkData.Content","Object dbo.ChunkData.Content uses deprecated data type TEXT, IMAGE or NTEXT which will be discontinued for future versions of SQL Server. For more details, please see: Line 9, Column 5."
"SSIS01-P","SQL Server 2017","ReportServer","Deprecated data types TEXT, IMAGE or NTEXT","140","These data types are checked as deprecated. In some cases, using TEXT, IMAGE or NTEXT might harm performance.","140","Information","Deprecated data types are marked to be discontinued on next versions of SQL Server, should use new data types such as: (varchar(max), nvarchar(max), varbinary(max) and etc.)","ntext, text, and image (Transact-SQL) (https://go.microsoft.com/fwlink/?LinkId=798558)","Column","dbo.ConfigurationInfo.Value","Object dbo.ConfigurationInfo.Value uses deprecated data type TEXT, IMAGE or NTEXT which will be discontinued for future versions of SQL Server. For more details, please see: Line 4, Column 5."
"SSIS01-P","SQL Server 2017","ReportServer","Deprecated data types TEXT, IMAGE or NTEXT","140","These data types are checked as deprecated. In some cases, using TEXT, IMAGE or NTEXT might harm performance.","140","Information","Deprecated data types are marked to be discontinued on next versions of SQL Server, should use new data types such as: (varchar(max), nvarchar(max), varbinary(max) and etc.)","ntext, text, and image (Transact-SQL) (https://go.microsoft.com/fwlink/?LinkId=798558)","Column","dbo.DataSource.ConnectionString","Object dbo.DataSource.ConnectionString uses deprecated data type TEXT, IMAGE or NTEXT which will be discontinued for future versions of SQL Server. For more details, please see: Line 10, Column 5."
"SSIS01-P","SQL Server 2017","ReportServer","Deprecated data types TEXT, IMAGE or NTEXT","140","These data types are checked as deprecated. In some cases, using TEXT, IMAGE or NTEXT might harm performance.","140","Information","Deprecated data types are marked to be discontinued on next versions of SQL Server, should use new data types such as: (varchar(max), nvarchar(max), varbinary(max) and etc.)","ntext, text, and image (Transact-SQL) (https://go.microsoft.com/fwlink/?LinkId=798558)","Column","dbo.DataSource.OriginalConnectionString","Object dbo.DataSource.OriginalConnectionString uses deprecated data type TEXT, IMAGE or NTEXT which will be discontinued for future versions of SQL Server. For more details, please see: Line 11, Column 5."
"SSIS01-P","SQL Server 2017","ReportServer","Deprecated data types TEXT, IMAGE or NTEXT","140","These data types are checked as deprecated. In some cases, using TEXT, IMAGE or NTEXT might harm performance.","140","Information","Deprecated data types are marked to be discontinued on next versions of SQL Server, should use new data types such as: (varchar(max), nvarchar(max), varbinary(max) and etc.)","ntext, text, and image (Transact-SQL) (https://go.microsoft.com/fwlink/?LinkId=798558)","Column","dbo.DataSource.Password","Object dbo.DataSource.Password uses deprecated data type TEXT, IMAGE or NTEXT which will be discontinued for future versions of SQL Server. For more details, please see: Line 14, Column 5."
"SSIS01-P","SQL Server 2017","ReportServer","Deprecated data types TEXT, IMAGE or NTEXT","140","These data types are checked as deprecated. In some cases, using TEXT, IMAGE or NTEXT might harm performance.","140","Information","Deprecated data types are marked to be discontinued on next versions of SQL Server, should use new data types such as: (varchar(max), nvarchar(max), varbinary(max) and etc.)","ntext, text, and image (Transact-SQL) (https://go.microsoft.com/fwlink/?LinkId=798558)","Column","dbo.DataSource.Prompt","Object dbo.DataSource.Prompt uses deprecated data type TEXT, IMAGE or NTEXT which will be discontinued for future versions of SQL Server. For more details, please see: Line 9, Column 5."
"SSIS01-P","SQL Server 2017","ReportServer","Deprecated data types TEXT, IMAGE or NTEXT","140","These data types are checked as deprecated. In some cases, using TEXT, IMAGE or NTEXT might harm performance.","140","Information","Deprecated data types are marked to be discontinued on next versions of SQL Server, should use new data types such as: (varchar(max), nvarchar(max), varbinary(max) and etc.)","ntext, text, and image (Transact-SQL) (https://go.microsoft.com/fwlink/?LinkId=798558)","Column","dbo.DataSource.UserName","Object dbo.DataSource.UserName uses deprecated data type TEXT, IMAGE or NTEXT which will be discontinued for future versions of SQL Server. For more details, please see: Line 13, Column 5."
"SSIS01-P","SQL Server 2017","ReportServer","Deprecated data types TEXT, IMAGE or NTEXT","140","These data types are checked as deprecated. In some cases, using TEXT, IMAGE or NTEXT might harm performance.","140","Information","Deprecated data types are marked to be discontinued on next versions of SQL Server, should use new data types such as: (varchar(max), nvarchar(max), varbinary(max) and etc.)","ntext, text, and image (Transact-SQL) (https://go.microsoft.com/fwlink/?LinkId=798558)","Column","dbo.ExecutionLogStorage.Parameters","Object dbo.ExecutionLogStorage.Parameters uses deprecated data type TEXT, IMAGE or NTEXT which will be discontinued for future versions of SQL Server. For more details, please see: Line 9, Column 5."
"SSIS01-P","SQL Server 2017","ReportServer","Deprecated data types TEXT, IMAGE or NTEXT","140","These data types are checked as deprecated. In some cases, using TEXT, IMAGE or NTEXT might harm performance.","140","Information","Deprecated data types are marked to be discontinued on next versions of SQL Server, should use new data types such as: (varchar(max), nvarchar(max), varbinary(max) and etc.)","ntext, text, and image (Transact-SQL) (https://go.microsoft.com/fwlink/?LinkId=798558)","Column","dbo.Keys.PublicKey","Object dbo.Keys.PublicKey uses deprecated data type TEXT, IMAGE or NTEXT which will be discontinued for future versions of SQL Server. For more details, please see: Line 6, Column 5."
"SSIS01-P","SQL Server 2017","ReportServer","Deprecated data types TEXT, IMAGE or NTEXT","140","These data types are checked as deprecated. In some cases, using TEXT, IMAGE or NTEXT might harm performance.","140","Information","Deprecated data types are marked to be discontinued on next versions of SQL Server, should use new data types such as: (varchar(max), nvarchar(max), varbinary(max) and etc.)","ntext, text, and image (Transact-SQL) (https://go.microsoft.com/fwlink/?LinkId=798558)","Column","dbo.Keys.SymmetricKey","Object dbo.Keys.SymmetricKey uses deprecated data type TEXT, IMAGE or NTEXT which will be discontinued for future versions of SQL Server. For more details, please see: Line 7, Column 5."
"SSIS01-P","SQL Server 2017","ReportServer","Deprecated data types TEXT, IMAGE or NTEXT","140","These data types are checked as deprecated. In some cases, using TEXT, IMAGE or NTEXT might harm performance.","140","Information","Deprecated data types are marked to be discontinued on next versions of SQL Server, should use new data types such as: (varchar(max), nvarchar(max), varbinary(max) and etc.)","ntext, text, and image (Transact-SQL) (https://go.microsoft.com/fwlink/?LinkId=798558)","Column","dbo.ModelPerspective.PerspectiveDescription","Object dbo.ModelPerspective.PerspectiveDescription uses deprecated data type TEXT, IMAGE or NTEXT which will be discontinued for future versions of SQL Server. For more details, please see: Line 6, Column 5."
"SSIS01-P","SQL Server 2017","ReportServer","Deprecated data types TEXT, IMAGE or NTEXT","140","These data types are checked as deprecated. In some cases, using TEXT, IMAGE or NTEXT might harm performance.","140","Information","Deprecated data types are marked to be discontinued on next versions of SQL Server, should use new data types such as: (varchar(max), nvarchar(max), varbinary(max) and etc.)","ntext, text, and image (Transact-SQL) (https://go.microsoft.com/fwlink/?LinkId=798558)","Column","dbo.ModelPerspective.PerspectiveID","Object dbo.ModelPerspective.PerspectiveID uses deprecated data type TEXT, IMAGE or NTEXT which will be discontinued for future versions of SQL Server. For more details, please see: Line 4, Column 5."
"SSIS01-P","SQL Server 2017","ReportServer","Deprecated data types TEXT, IMAGE or NTEXT","140","These data types are checked as deprecated. In some cases, using TEXT, IMAGE or NTEXT might harm performance.","140","Information","Deprecated data types are marked to be discontinued on next versions of SQL Server, should use new data types such as: (varchar(max), nvarchar(max), varbinary(max) and etc.)","ntext, text, and image (Transact-SQL) (https://go.microsoft.com/fwlink/?LinkId=798558)","Column","dbo.ModelPerspective.PerspectiveName","Object dbo.ModelPerspective.PerspectiveName uses deprecated data type TEXT, IMAGE or NTEXT which will be discontinued for future versions of SQL Server. For more details, please see: Line 5, Column 5."
"SSIS01-P","SQL Server 2017","ReportServer","Deprecated data types TEXT, IMAGE or NTEXT","140","These data types are checked as deprecated. In some cases, using TEXT, IMAGE or NTEXT might harm performance.","140","Information","Deprecated data types are marked to be discontinued on next versions of SQL Server, should use new data types such as: (varchar(max), nvarchar(max), varbinary(max) and etc.)","ntext, text, and image (Transact-SQL) (https://go.microsoft.com/fwlink/?LinkId=798558)","Column","dbo.Notifications.ExtensionSettings","Object dbo.Notifications.ExtensionSettings uses deprecated data type TEXT, IMAGE or NTEXT which will be discontinued for future versions of SQL Server. For more details, please see: Line 7, Column 5."
"SSIS01-P","SQL Server 2017","ReportServer","Deprecated data types TEXT, IMAGE or NTEXT","140","These data types are checked as deprecated. In some cases, using TEXT, IMAGE or NTEXT might harm performance.","140","Information","Deprecated data types are marked to be discontinued on next versions of SQL Server, should use new data types such as: (varchar(max), nvarchar(max), varbinary(max) and etc.)","ntext, text, and image (Transact-SQL) (https://go.microsoft.com/fwlink/?LinkId=798558)","Column","dbo.Notifications.Parameters","Object dbo.Notifications.Parameters uses deprecated data type TEXT, IMAGE or NTEXT which will be discontinued for future versions of SQL Server. For more details, please see: Line 9, Column 5."
"SSIS01-P","SQL Server 2017","ReportServer","Deprecated data types TEXT, IMAGE or NTEXT","140","These data types are checked as deprecated. In some cases, using TEXT, IMAGE or NTEXT might harm performance.","140","Information","Deprecated data types are marked to be discontinued on next versions of SQL Server, should use new data types such as: (varchar(max), nvarchar(max), varbinary(max) and etc.)","ntext, text, and image (Transact-SQL) (https://go.microsoft.com/fwlink/?LinkId=798558)","Column","dbo.RunningJobs.Description","Object dbo.RunningJobs.Description uses deprecated data type TEXT, IMAGE or NTEXT which will be discontinued for future versions of SQL Server. For more details, please see: Line 8, Column 5."
"SSIS01-P","SQL Server 2017","ReportServer","Deprecated data types TEXT, IMAGE or NTEXT","140","These data types are checked as deprecated. In some cases, using TEXT, IMAGE or NTEXT might harm performance.","140","Information","Deprecated data types are marked to be discontinued on next versions of SQL Server, should use new data types such as: (varchar(max), nvarchar(max), varbinary(max) and etc.)","ntext, text, and image (Transact-SQL) (https://go.microsoft.com/fwlink/?LinkId=798558)","Column","dbo.SecData.NtSecDescPrimary","Object dbo.SecData.NtSecDescPrimary uses deprecated data type TEXT, IMAGE or NTEXT which will be discontinued for future versions of SQL Server. For more details, please see: Line 6, Column 5."
"SSIS01-P","SQL Server 2017","ReportServer","Deprecated data types TEXT, IMAGE or NTEXT","140","These data types are checked as deprecated. In some cases, using TEXT, IMAGE or NTEXT might harm performance.","140","Information","Deprecated data types are marked to be discontinued on next versions of SQL Server, should use new data types such as: (varchar(max), nvarchar(max), varbinary(max) and etc.)","ntext, text, and image (Transact-SQL) (https://go.microsoft.com/fwlink/?LinkId=798558)","Column","dbo.SecData.NtSecDescSecondary","Object dbo.SecData.NtSecDescSecondary uses deprecated data type TEXT, IMAGE or NTEXT which will be discontinued for future versions of SQL Server. For more details, please see: Line 7, Column 5."
"SSIS01-P","SQL Server 2017","ReportServer","Deprecated data types TEXT, IMAGE or NTEXT","140","These data types are checked as deprecated. In some cases, using TEXT, IMAGE or NTEXT might harm performance.","140","Information","Deprecated data types are marked to be discontinued on next versions of SQL Server, should use new data types such as: (varchar(max), nvarchar(max), varbinary(max) and etc.)","ntext, text, and image (Transact-SQL) (https://go.microsoft.com/fwlink/?LinkId=798558)","Column","dbo.SecData.XmlDescription","Object dbo.SecData.XmlDescription uses deprecated data type TEXT, IMAGE or NTEXT which will be discontinued for future versions of SQL Server. For more details, please see: Line 5, Column 5."
"SSIS01-P","SQL Server 2017","ReportServer","Deprecated data types TEXT, IMAGE or NTEXT","140","These data types are checked as deprecated. In some cases, using TEXT, IMAGE or NTEXT might harm performance.","140","Information","Deprecated data types are marked to be discontinued on next versions of SQL Server, should use new data types such as: (varchar(max), nvarchar(max), varbinary(max) and etc.)","ntext, text, and image (Transact-SQL) (https://go.microsoft.com/fwlink/?LinkId=798558)","Column","dbo.ServerParametersInstance.ParametersValues","Object dbo.ServerParametersInstance.ParametersValues uses deprecated data type TEXT, IMAGE or NTEXT which will be discontinued for future versions of SQL Server. For more details, please see: Line 9, Column 5."
"SSIS01-P","SQL Server 2017","ReportServer","Deprecated data types TEXT, IMAGE or NTEXT","140","These data types are checked as deprecated. In some cases, using TEXT, IMAGE or NTEXT might harm performance.","140","Information","Deprecated data types are marked to be discontinued on next versions of SQL Server, should use new data types such as: (varchar(max), nvarchar(max), varbinary(max) and etc.)","ntext, text, and image (Transact-SQL) (https://go.microsoft.com/fwlink/?LinkId=798558)","Column","dbo.SnapshotData.EffectiveParams","Object dbo.SnapshotData.EffectiveParams uses deprecated data type TEXT, IMAGE or NTEXT which will be discontinued for future versions of SQL Server. For more details, please see: Line 6, Column 5."
"SSIS01-P","SQL Server 2017","ReportServer","Deprecated data types TEXT, IMAGE or NTEXT","140","These data types are checked as deprecated. In some cases, using TEXT, IMAGE or NTEXT might harm performance.","140","Information","Deprecated data types are marked to be discontinued on next versions of SQL Server, should use new data types such as: (varchar(max), nvarchar(max), varbinary(max) and etc.)","ntext, text, and image (Transact-SQL) (https://go.microsoft.com/fwlink/?LinkId=798558)","Column","dbo.SnapshotData.QueryParams","Object dbo.SnapshotData.QueryParams uses deprecated data type TEXT, IMAGE or NTEXT which will be discontinued for future versions of SQL Server. For more details, please see: Line 5, Column 5."
"SSIS01-P","SQL Server 2017","ReportServer","Deprecated data types TEXT, IMAGE or NTEXT","140","These data types are checked as deprecated. In some cases, using TEXT, IMAGE or NTEXT might harm performance.","140","Information","Deprecated data types are marked to be discontinued on next versions of SQL Server, should use new data types such as: (varchar(max), nvarchar(max), varbinary(max) and etc.)","ntext, text, and image (Transact-SQL) (https://go.microsoft.com/fwlink/?LinkId=798558)","Column","dbo.Subscriptions.DataSettings","Object dbo.Subscriptions.DataSettings uses deprecated data type TEXT, IMAGE or NTEXT which will be discontinued for future versions of SQL Server. For more details, please see: Line 16, Column 5."
"SSIS01-P","SQL Server 2017","ReportServer","Deprecated data types TEXT, IMAGE or NTEXT","140","These data types are checked as deprecated. In some cases, using TEXT, IMAGE or NTEXT might harm performance.","140","Information","Deprecated data types are marked to be discontinued on next versions of SQL Server, should use new data types such as: (varchar(max), nvarchar(max), varbinary(max) and etc.)","ntext, text, and image (Transact-SQL) (https://go.microsoft.com/fwlink/?LinkId=798558)","Column","dbo.Subscriptions.ExtensionSettings","Object dbo.Subscriptions.ExtensionSettings uses deprecated data type TEXT, IMAGE or NTEXT which will be discontinued for future versions of SQL Server. For more details, please see: Line 7, Column 5."
"SSIS01-P","SQL Server 2017","ReportServer","Deprecated data types TEXT, IMAGE or NTEXT","140","These data types are checked as deprecated. In some cases, using TEXT, IMAGE or NTEXT might harm performance.","140","Information","Deprecated data types are marked to be discontinued on next versions of SQL Server, should use new data types such as: (varchar(max), nvarchar(max), varbinary(max) and etc.)","ntext, text, and image (Transact-SQL) (https://go.microsoft.com/fwlink/?LinkId=798558)","Column","dbo.Subscriptions.MatchData","Object dbo.Subscriptions.MatchData uses deprecated data type TEXT, IMAGE or NTEXT which will be discontinued for future versions of SQL Server. For more details, please see: Line 13, Column 5."
"SSIS01-P","SQL Server 2017","ReportServer","Deprecated data types TEXT, IMAGE or NTEXT","140","These data types are checked as deprecated. In some cases, using TEXT, IMAGE or NTEXT might harm performance.","140","Information","Deprecated data types are marked to be discontinued on next versions of SQL Server, should use new data types such as: (varchar(max), nvarchar(max), varbinary(max) and etc.)","ntext, text, and image (Transact-SQL) (https://go.microsoft.com/fwlink/?LinkId=798558)","Column","dbo.Subscriptions.Parameters","Object dbo.Subscriptions.Parameters uses deprecated data type TEXT, IMAGE or NTEXT which will be discontinued for future versions of SQL Server. For more details, please see: Line 15, Column 5."
"SSIS01-P","SQL Server 2017","ReportServer","Deprecated data types TEXT, IMAGE or NTEXT","140","These data types are checked as deprecated. In some cases, using TEXT, IMAGE or NTEXT might harm performance.","140","Information","Deprecated data types are marked to be discontinued on next versions of SQL Server, should use new data types such as: (varchar(max), nvarchar(max), varbinary(max) and etc.)","ntext, text, and image (Transact-SQL) (https://go.microsoft.com/fwlink/?LinkId=798558)","Column","dbo.Users.ServiceToken","Object dbo.Users.ServiceToken uses deprecated data type TEXT, IMAGE or NTEXT which will be discontinued for future versions of SQL Server. For more details, please see: Line 7, Column 5."
"SSIS01-P","SQL Server 2017","ReportServer","Deprecated data types TEXT, IMAGE or NTEXT","140","These data types are checked as deprecated. In some cases, using TEXT, IMAGE or NTEXT might harm performance.","140","Information","Deprecated data types are marked to be discontinued on next versions of SQL Server, should use new data types such as: (varchar(max), nvarchar(max), varbinary(max) and etc.)","ntext, text, and image (Transact-SQL) (https://go.microsoft.com/fwlink/?LinkId=798558)","Column","dbo.Users.Setting","Object dbo.Users.Setting uses deprecated data type TEXT, IMAGE or NTEXT which will be discontinued for future versions of SQL Server. For more details, please see: Line 8, Column 5."
"SSIS01-P","SQL Server 2017","ReportServer","Deprecated data types TEXT, IMAGE or NTEXT","140","These data types are checked as deprecated. In some cases, using TEXT, IMAGE or NTEXT might harm performance.","150","Information","Deprecated data types are marked to be discontinued on next versions of SQL Server, should use new data types such as: (varchar(max), nvarchar(max), varbinary(max) and etc.)","ntext, text, and image (Transact-SQL) (https://go.microsoft.com/fwlink/?LinkId=798558)","Column","dbo.Batch.Content","Object dbo.Batch.Content uses deprecated data type TEXT, IMAGE or NTEXT which will be discontinued for future versions of SQL Server. For more details, please see: Line 9, Column 5."
"SSIS01-P","SQL Server 2017","ReportServer","Deprecated data types TEXT, IMAGE or NTEXT","140","These data types are checked as deprecated. In some cases, using TEXT, IMAGE or NTEXT might harm performance.","150","Information","Deprecated data types are marked to be discontinued on next versions of SQL Server, should use new data types such as: (varchar(max), nvarchar(max), varbinary(max) and etc.)","ntext, text, and image (Transact-SQL) (https://go.microsoft.com/fwlink/?LinkId=798558)","Column","dbo.Batch.Properties","Object dbo.Batch.Properties uses deprecated data type TEXT, IMAGE or NTEXT which will be discontinued for future versions of SQL Server. For more details, please see: Line 10, Column 5."
"SSIS01-P","SQL Server 2017","ReportServer","Deprecated data types TEXT, IMAGE or NTEXT","140","These data types are checked as deprecated. In some cases, using TEXT, IMAGE or NTEXT might harm performance.","150","Information","Deprecated data types are marked to be discontinued on next versions of SQL Server, should use new data types such as: (varchar(max), nvarchar(max), varbinary(max) and etc.)","ntext, text, and image (Transact-SQL) (https://go.microsoft.com/fwlink/?LinkId=798558)","Column","dbo.Catalog.Parameter","Object dbo.Catalog.Parameter uses deprecated data type TEXT, IMAGE or NTEXT which will be discontinued for future versions of SQL Server. For more details, please see: Line 20, Column 5."
"SSIS01-P","SQL Server 2017","ReportServer","Deprecated data types TEXT, IMAGE or NTEXT","140","These data types are checked as deprecated. In some cases, using TEXT, IMAGE or NTEXT might harm performance.","150","Information","Deprecated data types are marked to be discontinued on next versions of SQL Server, should use new data types such as: (varchar(max), nvarchar(max), varbinary(max) and etc.)","ntext, text, and image (Transact-SQL) (https://go.microsoft.com/fwlink/?LinkId=798558)","Column","dbo.Catalog.Property","Object dbo.Catalog.Property uses deprecated data type TEXT, IMAGE or NTEXT which will be discontinued for future versions of SQL Server. For more details, please see: Line 11, Column 5."
"SSIS01-P","SQL Server 2017","ReportServer","Deprecated data types TEXT, IMAGE or NTEXT","140","These data types are checked as deprecated. In some cases, using TEXT, IMAGE or NTEXT might harm performance.","150","Information","Deprecated data types are marked to be discontinued on next versions of SQL Server, should use new data types such as: (varchar(max), nvarchar(max), varbinary(max) and etc.)","ntext, text, and image (Transact-SQL) (https://go.microsoft.com/fwlink/?LinkId=798558)","Column","dbo.ChunkData.Content","Object dbo.ChunkData.Content uses deprecated data type TEXT, IMAGE or NTEXT which will be discontinued for future versions of SQL Server. For more details, please see: Line 9, Column 5."
"SSIS01-P","SQL Server 2017","ReportServer","Deprecated data types TEXT, IMAGE or NTEXT","140","These data types are checked as deprecated. In some cases, using TEXT, IMAGE or NTEXT might harm performance.","150","Information","Deprecated data types are marked to be discontinued on next versions of SQL Server, should use new data types such as: (varchar(max), nvarchar(max), varbinary(max) and etc.)","ntext, text, and image (Transact-SQL) (https://go.microsoft.com/fwlink/?LinkId=798558)","Column","dbo.ConfigurationInfo.Value","Object dbo.ConfigurationInfo.Value uses deprecated data type TEXT, IMAGE or NTEXT which will be discontinued for future versions of SQL Server. For more details, please see: Line 4, Column 5."
"SSIS01-P","SQL Server 2017","ReportServer","Deprecated data types TEXT, IMAGE or NTEXT","140","These data types are checked as deprecated. In some cases, using TEXT, IMAGE or NTEXT might harm performance.","150","Information","Deprecated data types are marked to be discontinued on next versions of SQL Server, should use new data types such as: (varchar(max), nvarchar(max), varbinary(max) and etc.)","ntext, text, and image (Transact-SQL) (https://go.microsoft.com/fwlink/?LinkId=798558)","Column","dbo.DataSource.ConnectionString","Object dbo.DataSource.ConnectionString uses deprecated data type TEXT, IMAGE or NTEXT which will be discontinued for future versions of SQL Server. For more details, please see: Line 10, Column 5."
"SSIS01-P","SQL Server 2017","ReportServer","Deprecated data types TEXT, IMAGE or NTEXT","140","These data types are checked as deprecated. In some cases, using TEXT, IMAGE or NTEXT might harm performance.","150","Information","Deprecated data types are marked to be discontinued on next versions of SQL Server, should use new data types such as: (varchar(max), nvarchar(max), varbinary(max) and etc.)","ntext, text, and image (Transact-SQL) (https://go.microsoft.com/fwlink/?LinkId=798558)","Column","dbo.DataSource.OriginalConnectionString","Object dbo.DataSource.OriginalConnectionString uses deprecated data type TEXT, IMAGE or NTEXT which will be discontinued for future versions of SQL Server. For more details, please see: Line 11, Column 5."
"SSIS01-P","SQL Server 2017","ReportServer","Deprecated data types TEXT, IMAGE or NTEXT","140","These data types are checked as deprecated. In some cases, using TEXT, IMAGE or NTEXT might harm performance.","150","Information","Deprecated data types are marked to be discontinued on next versions of SQL Server, should use new data types such as: (varchar(max), nvarchar(max), varbinary(max) and etc.)","ntext, text, and image (Transact-SQL) (https://go.microsoft.com/fwlink/?LinkId=798558)","Column","dbo.DataSource.Password","Object dbo.DataSource.Password uses deprecated data type TEXT, IMAGE or NTEXT which will be discontinued for future versions of SQL Server. For more details, please see: Line 14, Column 5."
"SSIS01-P","SQL Server 2017","ReportServer","Deprecated data types TEXT, IMAGE or NTEXT","140","These data types are checked as deprecated. In some cases, using TEXT, IMAGE or NTEXT might harm performance.","150","Information","Deprecated data types are marked to be discontinued on next versions of SQL Server, should use new data types such as: (varchar(max), nvarchar(max), varbinary(max) and etc.)","ntext, text, and image (Transact-SQL) (https://go.microsoft.com/fwlink/?LinkId=798558)","Column","dbo.DataSource.Prompt","Object dbo.DataSource.Prompt uses deprecated data type TEXT, IMAGE or NTEXT which will be discontinued for future versions of SQL Server. For more details, please see: Line 9, Column 5."
"SSIS01-P","SQL Server 2017","ReportServer","Deprecated data types TEXT, IMAGE or NTEXT","140","These data types are checked as deprecated. In some cases, using TEXT, IMAGE or NTEXT might harm performance.","150","Information","Deprecated data types are marked to be discontinued on next versions of SQL Server, should use new data types such as: (varchar(max), nvarchar(max), varbinary(max) and etc.)","ntext, text, and image (Transact-SQL) (https://go.microsoft.com/fwlink/?LinkId=798558)","Column","dbo.DataSource.UserName","Object dbo.DataSource.UserName uses deprecated data type TEXT, IMAGE or NTEXT which will be discontinued for future versions of SQL Server. For more details, please see: Line 13, Column 5."
"SSIS01-P","SQL Server 2017","ReportServer","Deprecated data types TEXT, IMAGE or NTEXT","140","These data types are checked as deprecated. In some cases, using TEXT, IMAGE or NTEXT might harm performance.","150","Information","Deprecated data types are marked to be discontinued on next versions of SQL Server, should use new data types such as: (varchar(max), nvarchar(max), varbinary(max) and etc.)","ntext, text, and image (Transact-SQL) (https://go.microsoft.com/fwlink/?LinkId=798558)","Column","dbo.ExecutionLogStorage.Parameters","Object dbo.ExecutionLogStorage.Parameters uses deprecated data type TEXT, IMAGE or NTEXT which will be discontinued for future versions of SQL Server. For more details, please see: Line 9, Column 5."
"SSIS01-P","SQL Server 2017","ReportServer","Deprecated data types TEXT, IMAGE or NTEXT","140","These data types are checked as deprecated. In some cases, using TEXT, IMAGE or NTEXT might harm performance.","150","Information","Deprecated data types are marked to be discontinued on next versions of SQL Server, should use new data types such as: (varchar(max), nvarchar(max), varbinary(max) and etc.)","ntext, text, and image (Transact-SQL) (https://go.microsoft.com/fwlink/?LinkId=798558)","Column","dbo.Keys.PublicKey","Object dbo.Keys.PublicKey uses deprecated data type TEXT, IMAGE or NTEXT which will be discontinued for future versions of SQL Server. For more details, please see: Line 6, Column 5."
"SSIS01-P","SQL Server 2017","ReportServer","Deprecated data types TEXT, IMAGE or NTEXT","140","These data types are checked as deprecated. In some cases, using TEXT, IMAGE or NTEXT might harm performance.","150","Information","Deprecated data types are marked to be discontinued on next versions of SQL Server, should use new data types such as: (varchar(max), nvarchar(max), varbinary(max) and etc.)","ntext, text, and image (Transact-SQL) (https://go.microsoft.com/fwlink/?LinkId=798558)","Column","dbo.Keys.SymmetricKey","Object dbo.Keys.SymmetricKey uses deprecated data type TEXT, IMAGE or NTEXT which will be discontinued for future versions of SQL Server. For more details, please see: Line 7, Column 5."
"SSIS01-P","SQL Server 2017","ReportServer","Deprecated data types TEXT, IMAGE or NTEXT","140","These data types are checked as deprecated. In some cases, using TEXT, IMAGE or NTEXT might harm performance.","150","Information","Deprecated data types are marked to be discontinued on next versions of SQL Server, should use new data types such as: (varchar(max), nvarchar(max), varbinary(max) and etc.)","ntext, text, and image (Transact-SQL) (https://go.microsoft.com/fwlink/?LinkId=798558)","Column","dbo.ModelPerspective.PerspectiveDescription","Object dbo.ModelPerspective.PerspectiveDescription uses deprecated data type TEXT, IMAGE or NTEXT which will be discontinued for future versions of SQL Server. For more details, please see: Line 6, Column 5."
"SSIS01-P","SQL Server 2017","ReportServer","Deprecated data types TEXT, IMAGE or NTEXT","140","These data types are checked as deprecated. In some cases, using TEXT, IMAGE or NTEXT might harm performance.","150","Information","Deprecated data types are marked to be discontinued on next versions of SQL Server, should use new data types such as: (varchar(max), nvarchar(max), varbinary(max) and etc.)","ntext, text, and image (Transact-SQL) (https://go.microsoft.com/fwlink/?LinkId=798558)","Column","dbo.ModelPerspective.PerspectiveID","Object dbo.ModelPerspective.PerspectiveID uses deprecated data type TEXT, IMAGE or NTEXT which will be discontinued for future versions of SQL Server. For more details, please see: Line 4, Column 5."
"SSIS01-P","SQL Server 2017","ReportServer","Deprecated data types TEXT, IMAGE or NTEXT","140","These data types are checked as deprecated. In some cases, using TEXT, IMAGE or NTEXT might harm performance.","150","Information","Deprecated data types are marked to be discontinued on next versions of SQL Server, should use new data types such as: (varchar(max), nvarchar(max), varbinary(max) and etc.)","ntext, text, and image (Transact-SQL) (https://go.microsoft.com/fwlink/?LinkId=798558)","Column","dbo.ModelPerspective.PerspectiveName","Object dbo.ModelPerspective.PerspectiveName uses deprecated data type TEXT, IMAGE or NTEXT which will be discontinued for future versions of SQL Server. For more details, please see: Line 5, Column 5."
"SSIS01-P","SQL Server 2017","ReportServer","Deprecated data types TEXT, IMAGE or NTEXT","140","These data types are checked as deprecated. In some cases, using TEXT, IMAGE or NTEXT might harm performance.","150","Information","Deprecated data types are marked to be discontinued on next versions of SQL Server, should use new data types such as: (varchar(max), nvarchar(max), varbinary(max) and etc.)","ntext, text, and image (Transact-SQL) (https://go.microsoft.com/fwlink/?LinkId=798558)","Column","dbo.Notifications.ExtensionSettings","Object dbo.Notifications.ExtensionSettings uses deprecated data type TEXT, IMAGE or NTEXT which will be discontinued for future versions of SQL Server. For more details, please see: Line 7, Column 5."
"SSIS01-P","SQL Server 2017","ReportServer","Deprecated data types TEXT, IMAGE or NTEXT","140","These data types are checked as deprecated. In some cases, using TEXT, IMAGE or NTEXT might harm performance.","150","Information","Deprecated data types are marked to be discontinued on next versions of SQL Server, should use new data types such as: (varchar(max), nvarchar(max), varbinary(max) and etc.)","ntext, text, and image (Transact-SQL) (https://go.microsoft.com/fwlink/?LinkId=798558)","Column","dbo.Notifications.Parameters","Object dbo.Notifications.Parameters uses deprecated data type TEXT, IMAGE or NTEXT which will be discontinued for future versions of SQL Server. For more details, please see: Line 9, Column 5."
"SSIS01-P","SQL Server 2017","ReportServer","Deprecated data types TEXT, IMAGE or NTEXT","140","These data types are checked as deprecated. In some cases, using TEXT, IMAGE or NTEXT might harm performance.","150","Information","Deprecated data types are marked to be discontinued on next versions of SQL Server, should use new data types such as: (varchar(max), nvarchar(max), varbinary(max) and etc.)","ntext, text, and image (Transact-SQL) (https://go.microsoft.com/fwlink/?LinkId=798558)","Column","dbo.RunningJobs.Description","Object dbo.RunningJobs.Description uses deprecated data type TEXT, IMAGE or NTEXT which will be discontinued for future versions of SQL Server. For more details, please see: Line 8, Column 5."
"SSIS01-P","SQL Server 2017","ReportServer","Deprecated data types TEXT, IMAGE or NTEXT","140","These data types are checked as deprecated. In some cases, using TEXT, IMAGE or NTEXT might harm performance.","150","Information","Deprecated data types are marked to be discontinued on next versions of SQL Server, should use new data types such as: (varchar(max), nvarchar(max), varbinary(max) and etc.)","ntext, text, and image (Transact-SQL) (https://go.microsoft.com/fwlink/?LinkId=798558)","Column","dbo.SecData.NtSecDescPrimary","Object dbo.SecData.NtSecDescPrimary uses deprecated data type TEXT, IMAGE or NTEXT which will be discontinued for future versions of SQL Server. For more details, please see: Line 6, Column 5."
"SSIS01-P","SQL Server 2017","ReportServer","Deprecated data types TEXT, IMAGE or NTEXT","140","These data types are checked as deprecated. In some cases, using TEXT, IMAGE or NTEXT might harm performance.","150","Information","Deprecated data types are marked to be discontinued on next versions of SQL Server, should use new data types such as: (varchar(max), nvarchar(max), varbinary(max) and etc.)","ntext, text, and image (Transact-SQL) (https://go.microsoft.com/fwlink/?LinkId=798558)","Column","dbo.SecData.NtSecDescSecondary","Object dbo.SecData.NtSecDescSecondary uses deprecated data type TEXT, IMAGE or NTEXT which will be discontinued for future versions of SQL Server. For more details, please see: Line 7, Column 5."
"SSIS01-P","SQL Server 2017","ReportServer","Deprecated data types TEXT, IMAGE or NTEXT","140","These data types are checked as deprecated. In some cases, using TEXT, IMAGE or NTEXT might harm performance.","150","Information","Deprecated data types are marked to be discontinued on next versions of SQL Server, should use new data types such as: (varchar(max), nvarchar(max), varbinary(max) and etc.)","ntext, text, and image (Transact-SQL) (https://go.microsoft.com/fwlink/?LinkId=798558)","Column","dbo.SecData.XmlDescription","Object dbo.SecData.XmlDescription uses deprecated data type TEXT, IMAGE or NTEXT which will be discontinued for future versions of SQL Server. For more details, please see: Line 5, Column 5."
"SSIS01-P","SQL Server 2017","ReportServer","Deprecated data types TEXT, IMAGE or NTEXT","140","These data types are checked as deprecated. In some cases, using TEXT, IMAGE or NTEXT might harm performance.","150","Information","Deprecated data types are marked to be discontinued on next versions of SQL Server, should use new data types such as: (varchar(max), nvarchar(max), varbinary(max) and etc.)","ntext, text, and image (Transact-SQL) (https://go.microsoft.com/fwlink/?LinkId=798558)","Column","dbo.ServerParametersInstance.ParametersValues","Object dbo.ServerParametersInstance.ParametersValues uses deprecated data type TEXT, IMAGE or NTEXT which will be discontinued for future versions of SQL Server. For more details, please see: Line 9, Column 5."
"SSIS01-P","SQL Server 2017","ReportServer","Deprecated data types TEXT, IMAGE or NTEXT","140","These data types are checked as deprecated. In some cases, using TEXT, IMAGE or NTEXT might harm performance.","150","Information","Deprecated data types are marked to be discontinued on next versions of SQL Server, should use new data types such as: (varchar(max), nvarchar(max), varbinary(max) and etc.)","ntext, text, and image (Transact-SQL) (https://go.microsoft.com/fwlink/?LinkId=798558)","Column","dbo.SnapshotData.EffectiveParams","Object dbo.SnapshotData.EffectiveParams uses deprecated data type TEXT, IMAGE or NTEXT which will be discontinued for future versions of SQL Server. For more details, please see: Line 6, Column 5."
"SSIS01-P","SQL Server 2017","ReportServer","Deprecated data types TEXT, IMAGE or NTEXT","140","These data types are checked as deprecated. In some cases, using TEXT, IMAGE or NTEXT might harm performance.","150","Information","Deprecated data types are marked to be discontinued on next versions of SQL Server, should use new data types such as: (varchar(max), nvarchar(max), varbinary(max) and etc.)","ntext, text, and image (Transact-SQL) (https://go.microsoft.com/fwlink/?LinkId=798558)","Column","dbo.SnapshotData.QueryParams","Object dbo.SnapshotData.QueryParams uses deprecated data type TEXT, IMAGE or NTEXT which will be discontinued for future versions of SQL Server. For more details, please see: Line 5, Column 5."
"SSIS01-P","SQL Server 2017","ReportServer","Deprecated data types TEXT, IMAGE or NTEXT","140","These data types are checked as deprecated. In some cases, using TEXT, IMAGE or NTEXT might harm performance.","150","Information","Deprecated data types are marked to be discontinued on next versions of SQL Server, should use new data types such as: (varchar(max), nvarchar(max), varbinary(max) and etc.)","ntext, text, and image (Transact-SQL) (https://go.microsoft.com/fwlink/?LinkId=798558)","Column","dbo.Subscriptions.DataSettings","Object dbo.Subscriptions.DataSettings uses deprecated data type TEXT, IMAGE or NTEXT which will be discontinued for future versions of SQL Server. For more details, please see: Line 16, Column 5."
"SSIS01-P","SQL Server 2017","ReportServer","Deprecated data types TEXT, IMAGE or NTEXT","140","These data types are checked as deprecated. In some cases, using TEXT, IMAGE or NTEXT might harm performance.","150","Information","Deprecated data types are marked to be discontinued on next versions of SQL Server, should use new data types such as: (varchar(max), nvarchar(max), varbinary(max) and etc.)","ntext, text, and image (Transact-SQL) (https://go.microsoft.com/fwlink/?LinkId=798558)","Column","dbo.Subscriptions.ExtensionSettings","Object dbo.Subscriptions.ExtensionSettings uses deprecated data type TEXT, IMAGE or NTEXT which will be discontinued for future versions of SQL Server. For more details, please see: Line 7, Column 5."
"SSIS01-P","SQL Server 2017","ReportServer","Deprecated data types TEXT, IMAGE or NTEXT","140","These data types are checked as deprecated. In some cases, using TEXT, IMAGE or NTEXT might harm performance.","150","Information","Deprecated data types are marked to be discontinued on next versions of SQL Server, should use new data types such as: (varchar(max), nvarchar(max), varbinary(max) and etc.)","ntext, text, and image (Transact-SQL) (https://go.microsoft.com/fwlink/?LinkId=798558)","Column","dbo.Subscriptions.MatchData","Object dbo.Subscriptions.MatchData uses deprecated data type TEXT, IMAGE or NTEXT which will be discontinued for future versions of SQL Server. For more details, please see: Line 13, Column 5."
"SSIS01-P","SQL Server 2017","ReportServer","Deprecated data types TEXT, IMAGE or NTEXT","140","These data types are checked as deprecated. In some cases, using TEXT, IMAGE or NTEXT might harm performance.","150","Information","Deprecated data types are marked to be discontinued on next versions of SQL Server, should use new data types such as: (varchar(max), nvarchar(max), varbinary(max) and etc.)","ntext, text, and image (Transact-SQL) (https://go.microsoft.com/fwlink/?LinkId=798558)","Column","dbo.Subscriptions.Parameters","Object dbo.Subscriptions.Parameters uses deprecated data type TEXT, IMAGE or NTEXT which will be discontinued for future versions of SQL Server. For more details, please see: Line 15, Column 5."
"SSIS01-P","SQL Server 2017","ReportServer","Deprecated data types TEXT, IMAGE or NTEXT","140","These data types are checked as deprecated. In some cases, using TEXT, IMAGE or NTEXT might harm performance.","150","Information","Deprecated data types are marked to be discontinued on next versions of SQL Server, should use new data types such as: (varchar(max), nvarchar(max), varbinary(max) and etc.)","ntext, text, and image (Transact-SQL) (https://go.microsoft.com/fwlink/?LinkId=798558)","Column","dbo.Users.ServiceToken","Object dbo.Users.ServiceToken uses deprecated data type TEXT, IMAGE or NTEXT which will be discontinued for future versions of SQL Server. For more details, please see: Line 7, Column 5."
"SSIS01-P","SQL Server 2017","ReportServer","Deprecated data types TEXT, IMAGE or NTEXT","140","These data types are checked as deprecated. In some cases, using TEXT, IMAGE or NTEXT might harm performance.","150","Information","Deprecated data types are marked to be discontinued on next versions of SQL Server, should use new data types such as: (varchar(max), nvarchar(max), varbinary(max) and etc.)","ntext, text, and image (Transact-SQL) (https://go.microsoft.com/fwlink/?LinkId=798558)","Column","dbo.Users.Setting","Object dbo.Users.Setting uses deprecated data type TEXT, IMAGE or NTEXT which will be discontinued for future versions of SQL Server. For more details, please see: Line 8, Column 5."
"SSIS01-P","SQL Server 2017","ReportServerTempDB","Deprecated data types TEXT, IMAGE or NTEXT","140","These data types are checked as deprecated. In some cases, using TEXT, IMAGE or NTEXT might harm performance.","140","Information","Deprecated data types are marked to be discontinued on next versions of SQL Server, should use new data types such as: (varchar(max), nvarchar(max), varbinary(max) and etc.)","ntext, text, and image (Transact-SQL) (https://go.microsoft.com/fwlink/?LinkId=798558)","Column","dbo.ChunkData.Content","Object dbo.ChunkData.Content uses deprecated data type TEXT, IMAGE or NTEXT which will be discontinued for future versions of SQL Server. For more details, please see: Line 9, Column 5."
"SSIS01-P","SQL Server 2017","ReportServerTempDB","Deprecated data types TEXT, IMAGE or NTEXT","140","These data types are checked as deprecated. In some cases, using TEXT, IMAGE or NTEXT might harm performance.","140","Information","Deprecated data types are marked to be discontinued on next versions of SQL Server, should use new data types such as: (varchar(max), nvarchar(max), varbinary(max) and etc.)","ntext, text, and image (Transact-SQL) (https://go.microsoft.com/fwlink/?LinkId=798558)","Column","dbo.PersistedStream.Content","Object dbo.PersistedStream.Content uses deprecated data type TEXT, IMAGE or NTEXT which will be discontinued for future versions of SQL Server. For more details, please see: Line 4, Column 5."
"SSIS01-P","SQL Server 2017","ReportServerTempDB","Deprecated data types TEXT, IMAGE or NTEXT","140","These data types are checked as deprecated. In some cases, using TEXT, IMAGE or NTEXT might harm performance.","140","Information","Deprecated data types are marked to be discontinued on next versions of SQL Server, should use new data types such as: (varchar(max), nvarchar(max), varbinary(max) and etc.)","ntext, text, and image (Transact-SQL) (https://go.microsoft.com/fwlink/?LinkId=798558)","Column","dbo.SessionData.DataSourceInfo","Object dbo.SessionData.DataSourceInfo uses deprecated data type TEXT, IMAGE or NTEXT which will be discontinued for future versions of SQL Server. For more details, please see: Line 11, Column 5."
"SSIS01-P","SQL Server 2017","ReportServerTempDB","Deprecated data types TEXT, IMAGE or NTEXT","140","These data types are checked as deprecated. In some cases, using TEXT, IMAGE or NTEXT might harm performance.","140","Information","Deprecated data types are marked to be discontinued on next versions of SQL Server, should use new data types such as: (varchar(max), nvarchar(max), varbinary(max) and etc.)","ntext, text, and image (Transact-SQL) (https://go.microsoft.com/fwlink/?LinkId=798558)","Column","dbo.SessionData.EffectiveParams","Object dbo.SessionData.EffectiveParams uses deprecated data type TEXT, IMAGE or NTEXT which will be discontinued for future versions of SQL Server. For more details, please see: Line 13, Column 5."
"SSIS01-P","SQL Server 2017","ReportServerTempDB","Deprecated data types TEXT, IMAGE or NTEXT","140","These data types are checked as deprecated. In some cases, using TEXT, IMAGE or NTEXT might harm performance.","140","Information","Deprecated data types are marked to be discontinued on next versions of SQL Server, should use new data types such as: (varchar(max), nvarchar(max), varbinary(max) and etc.)","ntext, text, and image (Transact-SQL) (https://go.microsoft.com/fwlink/?LinkId=798558)","Column","dbo.SessionData.ShowHideInfo","Object dbo.SessionData.ShowHideInfo uses deprecated data type TEXT, IMAGE or NTEXT which will be discontinued for future versions of SQL Server. For more details, please see: Line 10, Column 5."
"SSIS01-P","SQL Server 2017","ReportServerTempDB","Deprecated data types TEXT, IMAGE or NTEXT","140","These data types are checked as deprecated. In some cases, using TEXT, IMAGE or NTEXT might harm performance.","140","Information","Deprecated data types are marked to be discontinued on next versions of SQL Server, should use new data types such as: (varchar(max), nvarchar(max), varbinary(max) and etc.)","ntext, text, and image (Transact-SQL) (https://go.microsoft.com/fwlink/?LinkId=798558)","Column","dbo.SnapshotData.EffectiveParams","Object dbo.SnapshotData.EffectiveParams uses deprecated data type TEXT, IMAGE or NTEXT which will be discontinued for future versions of SQL Server. For more details, please see: Line 6, Column 5."
"SSIS01-P","SQL Server 2017","ReportServerTempDB","Deprecated data types TEXT, IMAGE or NTEXT","140","These data types are checked as deprecated. In some cases, using TEXT, IMAGE or NTEXT might harm performance.","140","Information","Deprecated data types are marked to be discontinued on next versions of SQL Server, should use new data types such as: (varchar(max), nvarchar(max), varbinary(max) and etc.)","ntext, text, and image (Transact-SQL) (https://go.microsoft.com/fwlink/?LinkId=798558)","Column","dbo.SnapshotData.QueryParams","Object dbo.SnapshotData.QueryParams uses deprecated data type TEXT, IMAGE or NTEXT which will be discontinued for future versions of SQL Server. For more details, please see: Line 5, Column 5."
"SSIS01-P","SQL Server 2017","ReportServerTempDB","Deprecated data types TEXT, IMAGE or NTEXT","140","These data types are checked as deprecated. In some cases, using TEXT, IMAGE or NTEXT might harm performance.","140","Information","Deprecated data types are marked to be discontinued on next versions of SQL Server, should use new data types such as: (varchar(max), nvarchar(max), varbinary(max) and etc.)","ntext, text, and image (Transact-SQL) (https://go.microsoft.com/fwlink/?LinkId=798558)","Column","dbo.TempDataSources.ConnectionString","Object dbo.TempDataSources.ConnectionString uses deprecated data type TEXT, IMAGE or NTEXT which will be discontinued for future versions of SQL Server. For more details, please see: Line 9, Column 5."
"SSIS01-P","SQL Server 2017","ReportServerTempDB","Deprecated data types TEXT, IMAGE or NTEXT","140","These data types are checked as deprecated. In some cases, using TEXT, IMAGE or NTEXT might harm performance.","140","Information","Deprecated data types are marked to be discontinued on next versions of SQL Server, should use new data types such as: (varchar(max), nvarchar(max), varbinary(max) and etc.)","ntext, text, and image (Transact-SQL) (https://go.microsoft.com/fwlink/?LinkId=798558)","Column","dbo.TempDataSources.OriginalConnectionString","Object dbo.TempDataSources.OriginalConnectionString uses deprecated data type TEXT, IMAGE or NTEXT which will be discontinued for future versions of SQL Server. For more details, please see: Line 10, Column 5."
"SSIS01-P","SQL Server 2017","ReportServerTempDB","Deprecated data types TEXT, IMAGE or NTEXT","140","These data types are checked as deprecated. In some cases, using TEXT, IMAGE or NTEXT might harm performance.","140","Information","Deprecated data types are marked to be discontinued on next versions of SQL Server, should use new data types such as: (varchar(max), nvarchar(max), varbinary(max) and etc.)","ntext, text, and image (Transact-SQL) (https://go.microsoft.com/fwlink/?LinkId=798558)","Column","dbo.TempDataSources.Password","Object dbo.TempDataSources.Password uses deprecated data type TEXT, IMAGE or NTEXT which will be discontinued for future versions of SQL Server. For more details, please see: Line 13, Column 5."
"SSIS01-P","SQL Server 2017","ReportServerTempDB","Deprecated data types TEXT, IMAGE or NTEXT","140","These data types are checked as deprecated. In some cases, using TEXT, IMAGE or NTEXT might harm performance.","140","Information","Deprecated data types are marked to be discontinued on next versions of SQL Server, should use new data types such as: (varchar(max), nvarchar(max), varbinary(max) and etc.)","ntext, text, and image (Transact-SQL) (https://go.microsoft.com/fwlink/?LinkId=798558)","Column","dbo.TempDataSources.Prompt","Object dbo.TempDataSources.Prompt uses deprecated data type TEXT, IMAGE or NTEXT which will be discontinued for future versions of SQL Server. For more details, please see: Line 8, Column 5."
"SSIS01-P","SQL Server 2017","ReportServerTempDB","Deprecated data types TEXT, IMAGE or NTEXT","140","These data types are checked as deprecated. In some cases, using TEXT, IMAGE or NTEXT might harm performance.","140","Information","Deprecated data types are marked to be discontinued on next versions of SQL Server, should use new data types such as: (varchar(max), nvarchar(max), varbinary(max) and etc.)","ntext, text, and image (Transact-SQL) (https://go.microsoft.com/fwlink/?LinkId=798558)","Column","dbo.TempDataSources.UserName","Object dbo.TempDataSources.UserName uses deprecated data type TEXT, IMAGE or NTEXT which will be discontinued for future versions of SQL Server. For more details, please see: Line 12, Column 5."
"SSIS01-P","SQL Server 2017","ReportServerTempDB","Deprecated data types TEXT, IMAGE or NTEXT","140","These data types are checked as deprecated. In some cases, using TEXT, IMAGE or NTEXT might harm performance.","150","Information","Deprecated data types are marked to be discontinued on next versions of SQL Server, should use new data types such as: (varchar(max), nvarchar(max), varbinary(max) and etc.)","ntext, text, and image (Transact-SQL) (https://go.microsoft.com/fwlink/?LinkId=798558)","Column","dbo.ChunkData.Content","Object dbo.ChunkData.Content uses deprecated data type TEXT, IMAGE or NTEXT which will be discontinued for future versions of SQL Server. For more details, please see: Line 9, Column 5."
"SSIS01-P","SQL Server 2017","ReportServerTempDB","Deprecated data types TEXT, IMAGE or NTEXT","140","These data types are checked as deprecated. In some cases, using TEXT, IMAGE or NTEXT might harm performance.","150","Information","Deprecated data types are marked to be discontinued on next versions of SQL Server, should use new data types such as: (varchar(max), nvarchar(max), varbinary(max) and etc.)","ntext, text, and image (Transact-SQL) (https://go.microsoft.com/fwlink/?LinkId=798558)","Column","dbo.PersistedStream.Content","Object dbo.PersistedStream.Content uses deprecated data type TEXT, IMAGE or NTEXT which will be discontinued for future versions of SQL Server. For more details, please see: Line 4, Column 5."
"SSIS01-P","SQL Server 2017","ReportServerTempDB","Deprecated data types TEXT, IMAGE or NTEXT","140","These data types are checked as deprecated. In some cases, using TEXT, IMAGE or NTEXT might harm performance.","150","Information","Deprecated data types are marked to be discontinued on next versions of SQL Server, should use new data types such as: (varchar(max), nvarchar(max), varbinary(max) and etc.)","ntext, text, and image (Transact-SQL) (https://go.microsoft.com/fwlink/?LinkId=798558)","Column","dbo.SessionData.DataSourceInfo","Object dbo.SessionData.DataSourceInfo uses deprecated data type TEXT, IMAGE or NTEXT which will be discontinued for future versions of SQL Server. For more details, please see: Line 11, Column 5."
"SSIS01-P","SQL Server 2017","ReportServerTempDB","Deprecated data types TEXT, IMAGE or NTEXT","140","These data types are checked as deprecated. In some cases, using TEXT, IMAGE or NTEXT might harm performance.","150","Information","Deprecated data types are marked to be discontinued on next versions of SQL Server, should use new data types such as: (varchar(max), nvarchar(max), varbinary(max) and etc.)","ntext, text, and image (Transact-SQL) (https://go.microsoft.com/fwlink/?LinkId=798558)","Column","dbo.SessionData.EffectiveParams","Object dbo.SessionData.EffectiveParams uses deprecated data type TEXT, IMAGE or NTEXT which will be discontinued for future versions of SQL Server. For more details, please see: Line 13, Column 5."
"SSIS01-P","SQL Server 2017","ReportServerTempDB","Deprecated data types TEXT, IMAGE or NTEXT","140","These data types are checked as deprecated. In some cases, using TEXT, IMAGE or NTEXT might harm performance.","150","Information","Deprecated data types are marked to be discontinued on next versions of SQL Server, should use new data types such as: (varchar(max), nvarchar(max), varbinary(max) and etc.)","ntext, text, and image (Transact-SQL) (https://go.microsoft.com/fwlink/?LinkId=798558)","Column","dbo.SessionData.ShowHideInfo","Object dbo.SessionData.ShowHideInfo uses deprecated data type TEXT, IMAGE or NTEXT which will be discontinued for future versions of SQL Server. For more details, please see: Line 10, Column 5."
"SSIS01-P","SQL Server 2017","ReportServerTempDB","Deprecated data types TEXT, IMAGE or NTEXT","140","These data types are checked as deprecated. In some cases, using TEXT, IMAGE or NTEXT might harm performance.","150","Information","Deprecated data types are marked to be discontinued on next versions of SQL Server, should use new data types such as: (varchar(max), nvarchar(max), varbinary(max) and etc.)","ntext, text, and image (Transact-SQL) (https://go.microsoft.com/fwlink/?LinkId=798558)","Column","dbo.SnapshotData.EffectiveParams","Object dbo.SnapshotData.EffectiveParams uses deprecated data type TEXT, IMAGE or NTEXT which will be discontinued for future versions of SQL Server. For more details, please see: Line 6, Column 5."
"SSIS01-P","SQL Server 2017","ReportServerTempDB","Deprecated data types TEXT, IMAGE or NTEXT","140","These data types are checked as deprecated. In some cases, using TEXT, IMAGE or NTEXT might harm performance.","150","Information","Deprecated data types are marked to be discontinued on next versions of SQL Server, should use new data types such as: (varchar(max), nvarchar(max), varbinary(max) and etc.)","ntext, text, and image (Transact-SQL) (https://go.microsoft.com/fwlink/?LinkId=798558)","Column","dbo.SnapshotData.QueryParams","Object dbo.SnapshotData.QueryParams uses deprecated data type TEXT, IMAGE or NTEXT which will be discontinued for future versions of SQL Server. For more details, please see: Line 5, Column 5."
"SSIS01-P","SQL Server 2017","ReportServerTempDB","Deprecated data types TEXT, IMAGE or NTEXT","140","These data types are checked as deprecated. In some cases, using TEXT, IMAGE or NTEXT might harm performance.","150","Information","Deprecated data types are marked to be discontinued on next versions of SQL Server, should use new data types such as: (varchar(max), nvarchar(max), varbinary(max) and etc.)","ntext, text, and image (Transact-SQL) (https://go.microsoft.com/fwlink/?LinkId=798558)","Column","dbo.TempDataSources.ConnectionString","Object dbo.TempDataSources.ConnectionString uses deprecated data type TEXT, IMAGE or NTEXT which will be discontinued for future versions of SQL Server. For more details, please see: Line 9, Column 5."
"SSIS01-P","SQL Server 2017","ReportServerTempDB","Deprecated data types TEXT, IMAGE or NTEXT","140","These data types are checked as deprecated. In some cases, using TEXT, IMAGE or NTEXT might harm performance.","150","Information","Deprecated data types are marked to be discontinued on next versions of SQL Server, should use new data types such as: (varchar(max), nvarchar(max), varbinary(max) and etc.)","ntext, text, and image (Transact-SQL) (https://go.microsoft.com/fwlink/?LinkId=798558)","Column","dbo.TempDataSources.OriginalConnectionString","Object dbo.TempDataSources.OriginalConnectionString uses deprecated data type TEXT, IMAGE or NTEXT which will be discontinued for future versions of SQL Server. For more details, please see: Line 10, Column 5."
"SSIS01-P","SQL Server 2017","ReportServerTempDB","Deprecated data types TEXT, IMAGE or NTEXT","140","These data types are checked as deprecated. In some cases, using TEXT, IMAGE or NTEXT might harm performance.","150","Information","Deprecated data types are marked to be discontinued on next versions of SQL Server, should use new data types such as: (varchar(max), nvarchar(max), varbinary(max) and etc.)","ntext, text, and image (Transact-SQL) (https://go.microsoft.com/fwlink/?LinkId=798558)","Column","dbo.TempDataSources.Password","Object dbo.TempDataSources.Password uses deprecated data type TEXT, IMAGE or NTEXT which will be discontinued for future versions of SQL Server. For more details, please see: Line 13, Column 5."
"SSIS01-P","SQL Server 2017","ReportServerTempDB","Deprecated data types TEXT, IMAGE or NTEXT","140","These data types are checked as deprecated. In some cases, using TEXT, IMAGE or NTEXT might harm performance.","150","Information","Deprecated data types are marked to be discontinued on next versions of SQL Server, should use new data types such as: (varchar(max), nvarchar(max), varbinary(max) and etc.)","ntext, text, and image (Transact-SQL) (https://go.microsoft.com/fwlink/?LinkId=798558)","Column","dbo.TempDataSources.Prompt","Object dbo.TempDataSources.Prompt uses deprecated data type TEXT, IMAGE or NTEXT which will be discontinued for future versions of SQL Server. For more details, please see: Line 8, Column 5."
"SSIS01-P","SQL Server 2017","ReportServerTempDB","Deprecated data types TEXT, IMAGE or NTEXT","140","These data types are checked as deprecated. In some cases, using TEXT, IMAGE or NTEXT might harm performance.","150","Information","Deprecated data types are marked to be discontinued on next versions of SQL Server, should use new data types such as: (varchar(max), nvarchar(max), varbinary(max) and etc.)","ntext, text, and image (Transact-SQL) (https://go.microsoft.com/fwlink/?LinkId=798558)","Column","dbo.TempDataSources.UserName","Object dbo.TempDataSources.UserName uses deprecated data type TEXT, IMAGE or NTEXT which will be discontinued for future versions of SQL Server. For more details, please see: Line 12, Column 5."

