ServerName,DatabaseName,LogicalName,PhysicalFullName,FileType,SizeMB,IsMemoryOptimizedDataOptionEnabled,TimeDataCollected
SSIS01-P,ReportServer,ReportServer,E:\Program Files\Microsoft SQL Server\MSSQL14.MSSQLSERVER\MSSQL\DATA\ReportServer.mdf,Rows,1032,False,2022-12-05 03:28:38
SSIS01-P,ReportServer,ReportServer_log,E:\Program Files\Microsoft SQL Server\MSSQL14.MSSQLSERVER\MSSQL\DATA\ReportServer_log.ldf,Log,72,False,2022-12-05 03:28:38
SSIS01-P,ReportServerTempDB,ReportServerTempDB,E:\Program Files\Microsoft SQL Server\MSSQL14.MSSQLSERVER\MSSQL\DATA\ReportServerTempDB.mdf,Rows,1032,False,2022-12-05 03:28:38
SSIS01-P,ReportServerTempDB,ReportServerTempDB_log,E:\Program Files\Microsoft SQL Server\MSSQL14.MSSQLSERVER\MSSQL\DATA\ReportServerTempDB_log.ldf,Log,1032,False,2022-12-05 03:28:38
SSIS01-P,SSISDB,data,E:\Program Files\Microsoft SQL Server\MSSQL14.MSSQLSERVER\MSSQL\DATA\SSISDB.mdf,Rows,5160,False,2022-12-05 03:28:38
SSIS01-P,SSISDB,log,E:\Program Files\Microsoft SQL Server\MSSQL14.MSSQLSERVER\MSSQL\DATA\SSISDB.ldf,Log,1032.1875,False,2022-12-05 03:28:38
SSIS01-P,FileWatcher,FileWatcher,E:\Program Files\Microsoft SQL Server\MSSQL14.MSSQLSERVER\MSSQL\DATA\FileWatcher.mdf,Rows,100,False,2022-12-05 03:28:38
SSIS01-P,FileWatcher,FileWatcher_log,E:\Program Files\Microsoft SQL Server\MSSQL14.MSSQLSERVER\MSSQL\DATA\FileWatcher_log.ldf,Log,50,False,2022-12-05 03:28:38
