ServerName,DatabaseName,DatabaseFileName,FileType,TimeDataCollected,CounterName,AggregatorType,Value
SSIS01-P,ReportServerTempDB,,,2022-12-04 02:31:38,DCS,Mean,1.8831667
SSIS01-P,ReportServerTempDB,,,2022-12-04 02:31:38,DCS,Occurence,1440
SSIS01-P,ReportServerTempDB,,,2022-12-04 02:31:38,DCS,Variance,0.04589663
SSIS01-P,ReportServerTempDB,,,2022-12-04 02:31:38,DCS,Max,1.99
SSIS01-P,ReportServerTempDB,,,2022-12-04 02:31:38,DCP,Mean,0.00863039
SSIS01-P,ReportServerTempDB,,,2022-12-04 02:31:38,DCP,Occurence,1438
SSIS01-P,ReportServerTempDB,,,2022-12-04 02:31:38,DCP,Variance,0.107032984
SSIS01-P,ReportServerTempDB,,,2022-12-04 02:31:38,DCP,Max,12.4105015
SSIS01-P,SSISDB,,,2022-12-04 02:31:38,DCS,Mean,2817.1309
SSIS01-P,SSISDB,,,2022-12-04 02:31:38,DCS,Occurence,1440
SSIS01-P,SSISDB,,,2022-12-04 02:31:38,DCS,Variance,609.7458
SSIS01-P,SSISDB,,,2022-12-04 02:31:38,DCS,Max,2850.5
SSIS01-P,SSISDB,,,2022-12-04 02:31:38,DCP,Mean,6.94464
SSIS01-P,SSISDB,,,2022-12-04 02:31:38,DCP,Occurence,1438
SSIS01-P,SSISDB,,,2022-12-04 02:31:38,DCP,Variance,482.37564
SSIS01-P,SSISDB,,,2022-12-04 02:31:38,DCP,Max,98.64253
SSIS01-P,ReportServer,,,2022-12-04 02:31:38,DCS,Mean,3.4661875
SSIS01-P,ReportServer,,,2022-12-04 02:31:38,DCS,Occurence,1440
SSIS01-P,ReportServer,,,2022-12-04 02:31:38,DCS,Variance,0.18449253
SSIS01-P,ReportServer,,,2022-12-04 02:31:38,DCS,Max,3.68
SSIS01-P,ReportServer,,,2022-12-04 02:31:38,DCP,Mean,92.74637
SSIS01-P,ReportServer,,,2022-12-04 02:31:38,DCP,Occurence,1438
SSIS01-P,ReportServer,,,2022-12-04 02:31:38,DCP,Variance,531.1401
SSIS01-P,ReportServer,,,2022-12-04 02:31:38,DCP,Max,100
SSIS01-P,FileWatcher,,,2022-12-04 02:31:38,DCS,Mean,6.444125
SSIS01-P,FileWatcher,,,2022-12-04 02:31:38,DCS,Occurence,1440
SSIS01-P,FileWatcher,,,2022-12-04 02:31:38,DCS,Variance,0.0051704748
SSIS01-P,FileWatcher,,,2022-12-04 02:31:38,DCS,Max,6.48
SSIS01-P,FileWatcher,,,2022-12-04 02:31:38,DCP,Mean,0.3003572
SSIS01-P,FileWatcher,,,2022-12-04 02:31:38,DCP,Occurence,1438
SSIS01-P,FileWatcher,,,2022-12-04 02:31:38,DCP,Variance,4.1799507
SSIS01-P,FileWatcher,,,2022-12-04 02:31:38,DCP,Max,17.80822
SSIS01-P,,,,2022-12-04 02:31:38,IM,Mean,4253.954
SSIS01-P,,,,2022-12-04 02:31:38,IM,Occurence,1440
SSIS01-P,,,,2022-12-04 02:31:38,IM,Variance,32.73401
SSIS01-P,,,,2022-12-04 02:31:38,IM,Max,4271
SSIS01-P,,,,2022-12-04 02:31:38,IMP,Mean,100
SSIS01-P,,,,2022-12-04 02:31:38,IMP,Occurence,1440
SSIS01-P,,,,2022-12-04 02:31:38,IMP,Variance,0
SSIS01-P,,,,2022-12-04 02:31:38,IMP,Max,100
SSIS01-P,,,,2022-12-04 02:31:38,ICP,Mean,0
SSIS01-P,,,,2022-12-04 02:31:38,ICP,Occurence,1440
SSIS01-P,,,,2022-12-04 02:31:38,ICP,Variance,0
SSIS01-P,,,,2022-12-04 02:31:38,ICP,Max,0
SSIS01-P,ReportServer,E:\Program Files\Microsoft SQL Server\MSSQL14.MSSQLSERVER\MSSQL\DATA\ReportServer.mdf,ROWS,2022-12-04 02:31:38,FRM,Mean,0.00069492706
SSIS01-P,ReportServer,E:\Program Files\Microsoft SQL Server\MSSQL14.MSSQLSERVER\MSSQL\DATA\ReportServer.mdf,ROWS,2022-12-04 02:31:38,FRM,Occurence,1439
SSIS01-P,ReportServer,E:\Program Files\Microsoft SQL Server\MSSQL14.MSSQLSERVER\MSSQL\DATA\ReportServer.mdf,ROWS,2022-12-04 02:31:38,FRM,Variance,0.0006944441
SSIS01-P,ReportServer,E:\Program Files\Microsoft SQL Server\MSSQL14.MSSQLSERVER\MSSQL\DATA\ReportServer.mdf,ROWS,2022-12-04 02:31:38,FRM,Max,1
SSIS01-P,ReportServer,E:\Program Files\Microsoft SQL Server\MSSQL14.MSSQLSERVER\MSSQL\DATA\ReportServer.mdf,ROWS,2022-12-04 02:31:38,FWM,Mean,0
SSIS01-P,ReportServer,E:\Program Files\Microsoft SQL Server\MSSQL14.MSSQLSERVER\MSSQL\DATA\ReportServer.mdf,ROWS,2022-12-04 02:31:38,FWM,Occurence,1439
SSIS01-P,ReportServer,E:\Program Files\Microsoft SQL Server\MSSQL14.MSSQLSERVER\MSSQL\DATA\ReportServer.mdf,ROWS,2022-12-04 02:31:38,FWM,Variance,0
SSIS01-P,ReportServer,E:\Program Files\Microsoft SQL Server\MSSQL14.MSSQLSERVER\MSSQL\DATA\ReportServer.mdf,ROWS,2022-12-04 02:31:38,FWM,Max,0
SSIS01-P,ReportServer,E:\Program Files\Microsoft SQL Server\MSSQL14.MSSQLSERVER\MSSQL\DATA\ReportServer.mdf,ROWS,2022-12-04 02:31:38,FNW,Mean,0.008339125
SSIS01-P,ReportServer,E:\Program Files\Microsoft SQL Server\MSSQL14.MSSQLSERVER\MSSQL\DATA\ReportServer.mdf,ROWS,2022-12-04 02:31:38,FNW,Occurence,1439
SSIS01-P,ReportServer,E:\Program Files\Microsoft SQL Server\MSSQL14.MSSQLSERVER\MSSQL\DATA\ReportServer.mdf,ROWS,2022-12-04 02:31:38,FNW,Variance,0.099999964
SSIS01-P,ReportServer,E:\Program Files\Microsoft SQL Server\MSSQL14.MSSQLSERVER\MSSQL\DATA\ReportServer.mdf,ROWS,2022-12-04 02:31:38,FNW,Max,12
SSIS01-P,ReportServer,E:\Program Files\Microsoft SQL Server\MSSQL14.MSSQLSERVER\MSSQL\DATA\ReportServer.mdf,ROWS,2022-12-04 02:31:38,FNR,Mean,0.04725504
SSIS01-P,ReportServer,E:\Program Files\Microsoft SQL Server\MSSQL14.MSSQLSERVER\MSSQL\DATA\ReportServer.mdf,ROWS,2022-12-04 02:31:38,FNR,Occurence,1439
SSIS01-P,ReportServer,E:\Program Files\Microsoft SQL Server\MSSQL14.MSSQLSERVER\MSSQL\DATA\ReportServer.mdf,ROWS,2022-12-04 02:31:38,FNR,Variance,1.8393234
SSIS01-P,ReportServer,E:\Program Files\Microsoft SQL Server\MSSQL14.MSSQLSERVER\MSSQL\DATA\ReportServer.mdf,ROWS,2022-12-04 02:31:38,FNR,Max,47
SSIS01-P,ReportServer,E:\Program Files\Microsoft SQL Server\MSSQL14.MSSQLSERVER\MSSQL\DATA\ReportServer.mdf,ROWS,2022-12-04 02:31:38,FRL,Mean,0.018840479
SSIS01-P,ReportServer,E:\Program Files\Microsoft SQL Server\MSSQL14.MSSQLSERVER\MSSQL\DATA\ReportServer.mdf,ROWS,2022-12-04 02:31:38,FRL,Occurence,1439
SSIS01-P,ReportServer,E:\Program Files\Microsoft SQL Server\MSSQL14.MSSQLSERVER\MSSQL\DATA\ReportServer.mdf,ROWS,2022-12-04 02:31:38,FRL,Variance,0.27198827
SSIS01-P,ReportServer,E:\Program Files\Microsoft SQL Server\MSSQL14.MSSQLSERVER\MSSQL\DATA\ReportServer.mdf,ROWS,2022-12-04 02:31:38,FRL,Max,17.047619
SSIS01-P,ReportServer,E:\Program Files\Microsoft SQL Server\MSSQL14.MSSQLSERVER\MSSQL\DATA\ReportServer.mdf,ROWS,2022-12-04 02:31:38,FWL,Mean,0.0031850825
SSIS01-P,ReportServer,E:\Program Files\Microsoft SQL Server\MSSQL14.MSSQLSERVER\MSSQL\DATA\ReportServer.mdf,ROWS,2022-12-04 02:31:38,FWL,Occurence,1439
SSIS01-P,ReportServer,E:\Program Files\Microsoft SQL Server\MSSQL14.MSSQLSERVER\MSSQL\DATA\ReportServer.mdf,ROWS,2022-12-04 02:31:38,FWL,Variance,0.014588148
SSIS01-P,ReportServer,E:\Program Files\Microsoft SQL Server\MSSQL14.MSSQLSERVER\MSSQL\DATA\ReportServer.mdf,ROWS,2022-12-04 02:31:38,FWL,Max,4.5833335
SSIS01-P,ReportServer,E:\Program Files\Microsoft SQL Server\MSSQL14.MSSQLSERVER\MSSQL\DATA\ReportServer_log.ldf,LOG,2022-12-04 02:31:38,FRM,Mean,0
SSIS01-P,ReportServer,E:\Program Files\Microsoft SQL Server\MSSQL14.MSSQLSERVER\MSSQL\DATA\ReportServer_log.ldf,LOG,2022-12-04 02:31:38,FRM,Occurence,1439
SSIS01-P,ReportServer,E:\Program Files\Microsoft SQL Server\MSSQL14.MSSQLSERVER\MSSQL\DATA\ReportServer_log.ldf,LOG,2022-12-04 02:31:38,FRM,Variance,0
SSIS01-P,ReportServer,E:\Program Files\Microsoft SQL Server\MSSQL14.MSSQLSERVER\MSSQL\DATA\ReportServer_log.ldf,LOG,2022-12-04 02:31:38,FRM,Max,0
SSIS01-P,ReportServer,E:\Program Files\Microsoft SQL Server\MSSQL14.MSSQLSERVER\MSSQL\DATA\ReportServer_log.ldf,LOG,2022-12-04 02:31:38,FWM,Mean,0
SSIS01-P,ReportServer,E:\Program Files\Microsoft SQL Server\MSSQL14.MSSQLSERVER\MSSQL\DATA\ReportServer_log.ldf,LOG,2022-12-04 02:31:38,FWM,Occurence,1439
SSIS01-P,ReportServer,E:\Program Files\Microsoft SQL Server\MSSQL14.MSSQLSERVER\MSSQL\DATA\ReportServer_log.ldf,LOG,2022-12-04 02:31:38,FWM,Variance,0
SSIS01-P,ReportServer,E:\Program Files\Microsoft SQL Server\MSSQL14.MSSQLSERVER\MSSQL\DATA\ReportServer_log.ldf,LOG,2022-12-04 02:31:38,FWM,Max,0
SSIS01-P,ReportServer,E:\Program Files\Microsoft SQL Server\MSSQL14.MSSQLSERVER\MSSQL\DATA\ReportServer_log.ldf,LOG,2022-12-04 02:31:38,FNW,Mean,0.00694927
SSIS01-P,ReportServer,E:\Program Files\Microsoft SQL Server\MSSQL14.MSSQLSERVER\MSSQL\DATA\ReportServer_log.ldf,LOG,2022-12-04 02:31:38,FNW,Occurence,1439
SSIS01-P,ReportServer,E:\Program Files\Microsoft SQL Server\MSSQL14.MSSQLSERVER\MSSQL\DATA\ReportServer_log.ldf,LOG,2022-12-04 02:31:38,FNW,Variance,0.023579227
SSIS01-P,ReportServer,E:\Program Files\Microsoft SQL Server\MSSQL14.MSSQLSERVER\MSSQL\DATA\ReportServer_log.ldf,LOG,2022-12-04 02:31:38,FNW,Max,4
SSIS01-P,ReportServer,E:\Program Files\Microsoft SQL Server\MSSQL14.MSSQLSERVER\MSSQL\DATA\ReportServer_log.ldf,LOG,2022-12-04 02:31:38,FNR,Mean,0
SSIS01-P,ReportServer,E:\Program Files\Microsoft SQL Server\MSSQL14.MSSQLSERVER\MSSQL\DATA\ReportServer_log.ldf,LOG,2022-12-04 02:31:38,FNR,Occurence,1439
SSIS01-P,ReportServer,E:\Program Files\Microsoft SQL Server\MSSQL14.MSSQLSERVER\MSSQL\DATA\ReportServer_log.ldf,LOG,2022-12-04 02:31:38,FNR,Variance,0
SSIS01-P,ReportServer,E:\Program Files\Microsoft SQL Server\MSSQL14.MSSQLSERVER\MSSQL\DATA\ReportServer_log.ldf,LOG,2022-12-04 02:31:38,FNR,Max,0
SSIS01-P,ReportServer,E:\Program Files\Microsoft SQL Server\MSSQL14.MSSQLSERVER\MSSQL\DATA\ReportServer_log.ldf,LOG,2022-12-04 02:31:38,FRL,Mean,0
SSIS01-P,ReportServer,E:\Program Files\Microsoft SQL Server\MSSQL14.MSSQLSERVER\MSSQL\DATA\ReportServer_log.ldf,LOG,2022-12-04 02:31:38,FRL,Occurence,1439
SSIS01-P,ReportServer,E:\Program Files\Microsoft SQL Server\MSSQL14.MSSQLSERVER\MSSQL\DATA\ReportServer_log.ldf,LOG,2022-12-04 02:31:38,FRL,Variance,0
SSIS01-P,ReportServer,E:\Program Files\Microsoft SQL Server\MSSQL14.MSSQLSERVER\MSSQL\DATA\ReportServer_log.ldf,LOG,2022-12-04 02:31:38,FRL,Max,0
SSIS01-P,ReportServer,E:\Program Files\Microsoft SQL Server\MSSQL14.MSSQLSERVER\MSSQL\DATA\ReportServer_log.ldf,LOG,2022-12-04 02:31:38,FWL,Mean,0.008107482
SSIS01-P,ReportServer,E:\Program Files\Microsoft SQL Server\MSSQL14.MSSQLSERVER\MSSQL\DATA\ReportServer_log.ldf,LOG,2022-12-04 02:31:38,FWL,Occurence,1439
SSIS01-P,ReportServer,E:\Program Files\Microsoft SQL Server\MSSQL14.MSSQLSERVER\MSSQL\DATA\ReportServer_log.ldf,LOG,2022-12-04 02:31:38,FWL,Variance,0.031514846
SSIS01-P,ReportServer,E:\Program Files\Microsoft SQL Server\MSSQL14.MSSQLSERVER\MSSQL\DATA\ReportServer_log.ldf,LOG,2022-12-04 02:31:38,FWL,Max,4
SSIS01-P,ReportServerTempDB,E:\Program Files\Microsoft SQL Server\MSSQL14.MSSQLSERVER\MSSQL\DATA\ReportServerTempDB.mdf,ROWS,2022-12-04 02:31:38,FRM,Mean,0
SSIS01-P,ReportServerTempDB,E:\Program Files\Microsoft SQL Server\MSSQL14.MSSQLSERVER\MSSQL\DATA\ReportServerTempDB.mdf,ROWS,2022-12-04 02:31:38,FRM,Occurence,1439
SSIS01-P,ReportServerTempDB,E:\Program Files\Microsoft SQL Server\MSSQL14.MSSQLSERVER\MSSQL\DATA\ReportServerTempDB.mdf,ROWS,2022-12-04 02:31:38,FRM,Variance,0
SSIS01-P,ReportServerTempDB,E:\Program Files\Microsoft SQL Server\MSSQL14.MSSQLSERVER\MSSQL\DATA\ReportServerTempDB.mdf,ROWS,2022-12-04 02:31:38,FRM,Max,0
SSIS01-P,ReportServerTempDB,E:\Program Files\Microsoft SQL Server\MSSQL14.MSSQLSERVER\MSSQL\DATA\ReportServerTempDB.mdf,ROWS,2022-12-04 02:31:38,FWM,Mean,0
SSIS01-P,ReportServerTempDB,E:\Program Files\Microsoft SQL Server\MSSQL14.MSSQLSERVER\MSSQL\DATA\ReportServerTempDB.mdf,ROWS,2022-12-04 02:31:38,FWM,Occurence,1439
SSIS01-P,ReportServerTempDB,E:\Program Files\Microsoft SQL Server\MSSQL14.MSSQLSERVER\MSSQL\DATA\ReportServerTempDB.mdf,ROWS,2022-12-04 02:31:38,FWM,Variance,0
SSIS01-P,ReportServerTempDB,E:\Program Files\Microsoft SQL Server\MSSQL14.MSSQLSERVER\MSSQL\DATA\ReportServerTempDB.mdf,ROWS,2022-12-04 02:31:38,FWM,Max,0
SSIS01-P,ReportServerTempDB,E:\Program Files\Microsoft SQL Server\MSSQL14.MSSQLSERVER\MSSQL\DATA\ReportServerTempDB.mdf,ROWS,2022-12-04 02:31:38,FNW,Mean,0.00069492706
SSIS01-P,ReportServerTempDB,E:\Program Files\Microsoft SQL Server\MSSQL14.MSSQLSERVER\MSSQL\DATA\ReportServerTempDB.mdf,ROWS,2022-12-04 02:31:38,FNW,Occurence,1439
SSIS01-P,ReportServerTempDB,E:\Program Files\Microsoft SQL Server\MSSQL14.MSSQLSERVER\MSSQL\DATA\ReportServerTempDB.mdf,ROWS,2022-12-04 02:31:38,FNW,Variance,0.0006944441
SSIS01-P,ReportServerTempDB,E:\Program Files\Microsoft SQL Server\MSSQL14.MSSQLSERVER\MSSQL\DATA\ReportServerTempDB.mdf,ROWS,2022-12-04 02:31:38,FNW,Max,1
SSIS01-P,ReportServerTempDB,E:\Program Files\Microsoft SQL Server\MSSQL14.MSSQLSERVER\MSSQL\DATA\ReportServerTempDB.mdf,ROWS,2022-12-04 02:31:38,FNR,Mean,0.02362752
SSIS01-P,ReportServerTempDB,E:\Program Files\Microsoft SQL Server\MSSQL14.MSSQLSERVER\MSSQL\DATA\ReportServerTempDB.mdf,ROWS,2022-12-04 02:31:38,FNR,Occurence,1439
SSIS01-P,ReportServerTempDB,E:\Program Files\Microsoft SQL Server\MSSQL14.MSSQLSERVER\MSSQL\DATA\ReportServerTempDB.mdf,ROWS,2022-12-04 02:31:38,FNR,Variance,0.51368773
SSIS01-P,ReportServerTempDB,E:\Program Files\Microsoft SQL Server\MSSQL14.MSSQLSERVER\MSSQL\DATA\ReportServerTempDB.mdf,ROWS,2022-12-04 02:31:38,FNR,Max,26
SSIS01-P,ReportServerTempDB,E:\Program Files\Microsoft SQL Server\MSSQL14.MSSQLSERVER\MSSQL\DATA\ReportServerTempDB.mdf,ROWS,2022-12-04 02:31:38,FRL,Mean,0.0214826
SSIS01-P,ReportServerTempDB,E:\Program Files\Microsoft SQL Server\MSSQL14.MSSQLSERVER\MSSQL\DATA\ReportServerTempDB.mdf,ROWS,2022-12-04 02:31:38,FRL,Occurence,1439
SSIS01-P,ReportServerTempDB,E:\Program Files\Microsoft SQL Server\MSSQL14.MSSQLSERVER\MSSQL\DATA\ReportServerTempDB.mdf,ROWS,2022-12-04 02:31:38,FRL,Variance,0.3478291
SSIS01-P,ReportServerTempDB,E:\Program Files\Microsoft SQL Server\MSSQL14.MSSQLSERVER\MSSQL\DATA\ReportServerTempDB.mdf,ROWS,2022-12-04 02:31:38,FRL,Max,18.875
SSIS01-P,ReportServerTempDB,E:\Program Files\Microsoft SQL Server\MSSQL14.MSSQLSERVER\MSSQL\DATA\ReportServerTempDB.mdf,ROWS,2022-12-04 02:31:38,FWL,Mean,0.0020847812
SSIS01-P,ReportServerTempDB,E:\Program Files\Microsoft SQL Server\MSSQL14.MSSQLSERVER\MSSQL\DATA\ReportServerTempDB.mdf,ROWS,2022-12-04 02:31:38,FWL,Occurence,1439
SSIS01-P,ReportServerTempDB,E:\Program Files\Microsoft SQL Server\MSSQL14.MSSQLSERVER\MSSQL\DATA\ReportServerTempDB.mdf,ROWS,2022-12-04 02:31:38,FWL,Variance,0.0062499978
SSIS01-P,ReportServerTempDB,E:\Program Files\Microsoft SQL Server\MSSQL14.MSSQLSERVER\MSSQL\DATA\ReportServerTempDB.mdf,ROWS,2022-12-04 02:31:38,FWL,Max,3
SSIS01-P,ReportServerTempDB,E:\Program Files\Microsoft SQL Server\MSSQL14.MSSQLSERVER\MSSQL\DATA\ReportServerTempDB_log.ldf,LOG,2022-12-04 02:31:38,FRM,Mean,0
SSIS01-P,ReportServerTempDB,E:\Program Files\Microsoft SQL Server\MSSQL14.MSSQLSERVER\MSSQL\DATA\ReportServerTempDB_log.ldf,LOG,2022-12-04 02:31:38,FRM,Occurence,1439
SSIS01-P,ReportServerTempDB,E:\Program Files\Microsoft SQL Server\MSSQL14.MSSQLSERVER\MSSQL\DATA\ReportServerTempDB_log.ldf,LOG,2022-12-04 02:31:38,FRM,Variance,0
SSIS01-P,ReportServerTempDB,E:\Program Files\Microsoft SQL Server\MSSQL14.MSSQLSERVER\MSSQL\DATA\ReportServerTempDB_log.ldf,LOG,2022-12-04 02:31:38,FRM,Max,0
SSIS01-P,ReportServerTempDB,E:\Program Files\Microsoft SQL Server\MSSQL14.MSSQLSERVER\MSSQL\DATA\ReportServerTempDB_log.ldf,LOG,2022-12-04 02:31:38,FWM,Mean,0
SSIS01-P,ReportServerTempDB,E:\Program Files\Microsoft SQL Server\MSSQL14.MSSQLSERVER\MSSQL\DATA\ReportServerTempDB_log.ldf,LOG,2022-12-04 02:31:38,FWM,Occurence,1439
SSIS01-P,ReportServerTempDB,E:\Program Files\Microsoft SQL Server\MSSQL14.MSSQLSERVER\MSSQL\DATA\ReportServerTempDB_log.ldf,LOG,2022-12-04 02:31:38,FWM,Variance,0
SSIS01-P,ReportServerTempDB,E:\Program Files\Microsoft SQL Server\MSSQL14.MSSQLSERVER\MSSQL\DATA\ReportServerTempDB_log.ldf,LOG,2022-12-04 02:31:38,FWM,Max,0
SSIS01-P,ReportServerTempDB,E:\Program Files\Microsoft SQL Server\MSSQL14.MSSQLSERVER\MSSQL\DATA\ReportServerTempDB_log.ldf,LOG,2022-12-04 02:31:38,FNW,Mean,0.0027797082
SSIS01-P,ReportServerTempDB,E:\Program Files\Microsoft SQL Server\MSSQL14.MSSQLSERVER\MSSQL\DATA\ReportServerTempDB_log.ldf,LOG,2022-12-04 02:31:38,FNW,Occurence,1439
SSIS01-P,ReportServerTempDB,E:\Program Files\Microsoft SQL Server\MSSQL14.MSSQLSERVER\MSSQL\DATA\ReportServerTempDB_log.ldf,LOG,2022-12-04 02:31:38,FNW,Variance,0.011111106
SSIS01-P,ReportServerTempDB,E:\Program Files\Microsoft SQL Server\MSSQL14.MSSQLSERVER\MSSQL\DATA\ReportServerTempDB_log.ldf,LOG,2022-12-04 02:31:38,FNW,Max,4
SSIS01-P,ReportServerTempDB,E:\Program Files\Microsoft SQL Server\MSSQL14.MSSQLSERVER\MSSQL\DATA\ReportServerTempDB_log.ldf,LOG,2022-12-04 02:31:38,FNR,Mean,0
SSIS01-P,ReportServerTempDB,E:\Program Files\Microsoft SQL Server\MSSQL14.MSSQLSERVER\MSSQL\DATA\ReportServerTempDB_log.ldf,LOG,2022-12-04 02:31:38,FNR,Occurence,1439
SSIS01-P,ReportServerTempDB,E:\Program Files\Microsoft SQL Server\MSSQL14.MSSQLSERVER\MSSQL\DATA\ReportServerTempDB_log.ldf,LOG,2022-12-04 02:31:38,FNR,Variance,0
SSIS01-P,ReportServerTempDB,E:\Program Files\Microsoft SQL Server\MSSQL14.MSSQLSERVER\MSSQL\DATA\ReportServerTempDB_log.ldf,LOG,2022-12-04 02:31:38,FNR,Max,0
SSIS01-P,ReportServerTempDB,E:\Program Files\Microsoft SQL Server\MSSQL14.MSSQLSERVER\MSSQL\DATA\ReportServerTempDB_log.ldf,LOG,2022-12-04 02:31:38,FRL,Mean,0
SSIS01-P,ReportServerTempDB,E:\Program Files\Microsoft SQL Server\MSSQL14.MSSQLSERVER\MSSQL\DATA\ReportServerTempDB_log.ldf,LOG,2022-12-04 02:31:38,FRL,Occurence,1439
SSIS01-P,ReportServerTempDB,E:\Program Files\Microsoft SQL Server\MSSQL14.MSSQLSERVER\MSSQL\DATA\ReportServerTempDB_log.ldf,LOG,2022-12-04 02:31:38,FRL,Variance,0
SSIS01-P,ReportServerTempDB,E:\Program Files\Microsoft SQL Server\MSSQL14.MSSQLSERVER\MSSQL\DATA\ReportServerTempDB_log.ldf,LOG,2022-12-04 02:31:38,FRL,Max,0
SSIS01-P,ReportServerTempDB,E:\Program Files\Microsoft SQL Server\MSSQL14.MSSQLSERVER\MSSQL\DATA\ReportServerTempDB_log.ldf,LOG,2022-12-04 02:31:38,FWL,Mean,0.0026059763
SSIS01-P,ReportServerTempDB,E:\Program Files\Microsoft SQL Server\MSSQL14.MSSQLSERVER\MSSQL\DATA\ReportServerTempDB_log.ldf,LOG,2022-12-04 02:31:38,FWL,Occurence,1439
SSIS01-P,ReportServerTempDB,E:\Program Files\Microsoft SQL Server\MSSQL14.MSSQLSERVER\MSSQL\DATA\ReportServerTempDB_log.ldf,LOG,2022-12-04 02:31:38,FWL,Variance,0.00976562
SSIS01-P,ReportServerTempDB,E:\Program Files\Microsoft SQL Server\MSSQL14.MSSQLSERVER\MSSQL\DATA\ReportServerTempDB_log.ldf,LOG,2022-12-04 02:31:38,FWL,Max,3.75
SSIS01-P,SSISDB,E:\Program Files\Microsoft SQL Server\MSSQL14.MSSQLSERVER\MSSQL\DATA\SSISDB.mdf,ROWS,2022-12-04 02:31:38,FRM,Mean,0.10006949
SSIS01-P,SSISDB,E:\Program Files\Microsoft SQL Server\MSSQL14.MSSQLSERVER\MSSQL\DATA\SSISDB.mdf,ROWS,2022-12-04 02:31:38,FRM,Occurence,1439
SSIS01-P,SSISDB,E:\Program Files\Microsoft SQL Server\MSSQL14.MSSQLSERVER\MSSQL\DATA\SSISDB.mdf,ROWS,2022-12-04 02:31:38,FRM,Variance,10.52925
SSIS01-P,SSISDB,E:\Program Files\Microsoft SQL Server\MSSQL14.MSSQLSERVER\MSSQL\DATA\SSISDB.mdf,ROWS,2022-12-04 02:31:38,FRM,Max,122
SSIS01-P,SSISDB,E:\Program Files\Microsoft SQL Server\MSSQL14.MSSQLSERVER\MSSQL\DATA\SSISDB.mdf,ROWS,2022-12-04 02:31:38,FWM,Mean,0.038915914
SSIS01-P,SSISDB,E:\Program Files\Microsoft SQL Server\MSSQL14.MSSQLSERVER\MSSQL\DATA\SSISDB.mdf,ROWS,2022-12-04 02:31:38,FWM,Occurence,1439
SSIS01-P,SSISDB,E:\Program Files\Microsoft SQL Server\MSSQL14.MSSQLSERVER\MSSQL\DATA\SSISDB.mdf,ROWS,2022-12-04 02:31:38,FWM,Variance,0.1875057
SSIS01-P,SSISDB,E:\Program Files\Microsoft SQL Server\MSSQL14.MSSQLSERVER\MSSQL\DATA\SSISDB.mdf,ROWS,2022-12-04 02:31:38,FWM,Max,9
SSIS01-P,SSISDB,E:\Program Files\Microsoft SQL Server\MSSQL14.MSSQLSERVER\MSSQL\DATA\SSISDB.mdf,ROWS,2022-12-04 02:31:38,FNW,Mean,0.60597634
SSIS01-P,SSISDB,E:\Program Files\Microsoft SQL Server\MSSQL14.MSSQLSERVER\MSSQL\DATA\SSISDB.mdf,ROWS,2022-12-04 02:31:38,FNW,Occurence,1439
SSIS01-P,SSISDB,E:\Program Files\Microsoft SQL Server\MSSQL14.MSSQLSERVER\MSSQL\DATA\SSISDB.mdf,ROWS,2022-12-04 02:31:38,FNW,Variance,57.196377
SSIS01-P,SSISDB,E:\Program Files\Microsoft SQL Server\MSSQL14.MSSQLSERVER\MSSQL\DATA\SSISDB.mdf,ROWS,2022-12-04 02:31:38,FNW,Max,157
SSIS01-P,SSISDB,E:\Program Files\Microsoft SQL Server\MSSQL14.MSSQLSERVER\MSSQL\DATA\SSISDB.mdf,ROWS,2022-12-04 02:31:38,FNR,Mean,7.1021543
SSIS01-P,SSISDB,E:\Program Files\Microsoft SQL Server\MSSQL14.MSSQLSERVER\MSSQL\DATA\SSISDB.mdf,ROWS,2022-12-04 02:31:38,FNR,Occurence,1439
SSIS01-P,SSISDB,E:\Program Files\Microsoft SQL Server\MSSQL14.MSSQLSERVER\MSSQL\DATA\SSISDB.mdf,ROWS,2022-12-04 02:31:38,FNR,Variance,42223.516
SSIS01-P,SSISDB,E:\Program Files\Microsoft SQL Server\MSSQL14.MSSQLSERVER\MSSQL\DATA\SSISDB.mdf,ROWS,2022-12-04 02:31:38,FNR,Max,7506
SSIS01-P,SSISDB,E:\Program Files\Microsoft SQL Server\MSSQL14.MSSQLSERVER\MSSQL\DATA\SSISDB.mdf,ROWS,2022-12-04 02:31:38,FRL,Mean,1.9966453
SSIS01-P,SSISDB,E:\Program Files\Microsoft SQL Server\MSSQL14.MSSQLSERVER\MSSQL\DATA\SSISDB.mdf,ROWS,2022-12-04 02:31:38,FRL,Occurence,1439
SSIS01-P,SSISDB,E:\Program Files\Microsoft SQL Server\MSSQL14.MSSQLSERVER\MSSQL\DATA\SSISDB.mdf,ROWS,2022-12-04 02:31:38,FRL,Variance,1791.3966
SSIS01-P,SSISDB,E:\Program Files\Microsoft SQL Server\MSSQL14.MSSQLSERVER\MSSQL\DATA\SSISDB.mdf,ROWS,2022-12-04 02:31:38,FRL,Max,1349.1311
SSIS01-P,SSISDB,E:\Program Files\Microsoft SQL Server\MSSQL14.MSSQLSERVER\MSSQL\DATA\SSISDB.mdf,ROWS,2022-12-04 02:31:38,FWL,Mean,0.30831113
SSIS01-P,SSISDB,E:\Program Files\Microsoft SQL Server\MSSQL14.MSSQLSERVER\MSSQL\DATA\SSISDB.mdf,ROWS,2022-12-04 02:31:38,FWL,Occurence,1439
SSIS01-P,SSISDB,E:\Program Files\Microsoft SQL Server\MSSQL14.MSSQLSERVER\MSSQL\DATA\SSISDB.mdf,ROWS,2022-12-04 02:31:38,FWL,Variance,11.206325
SSIS01-P,SSISDB,E:\Program Files\Microsoft SQL Server\MSSQL14.MSSQLSERVER\MSSQL\DATA\SSISDB.mdf,ROWS,2022-12-04 02:31:38,FWL,Max,80.3719
SSIS01-P,SSISDB,E:\Program Files\Microsoft SQL Server\MSSQL14.MSSQLSERVER\MSSQL\DATA\SSISDB.ldf,LOG,2022-12-04 02:31:38,FRM,Mean,0
SSIS01-P,SSISDB,E:\Program Files\Microsoft SQL Server\MSSQL14.MSSQLSERVER\MSSQL\DATA\SSISDB.ldf,LOG,2022-12-04 02:31:38,FRM,Occurence,1439
SSIS01-P,SSISDB,E:\Program Files\Microsoft SQL Server\MSSQL14.MSSQLSERVER\MSSQL\DATA\SSISDB.ldf,LOG,2022-12-04 02:31:38,FRM,Variance,0
SSIS01-P,SSISDB,E:\Program Files\Microsoft SQL Server\MSSQL14.MSSQLSERVER\MSSQL\DATA\SSISDB.ldf,LOG,2022-12-04 02:31:38,FRM,Max,0
SSIS01-P,SSISDB,E:\Program Files\Microsoft SQL Server\MSSQL14.MSSQLSERVER\MSSQL\DATA\SSISDB.ldf,LOG,2022-12-04 02:31:38,FWM,Mean,0.12161223
SSIS01-P,SSISDB,E:\Program Files\Microsoft SQL Server\MSSQL14.MSSQLSERVER\MSSQL\DATA\SSISDB.ldf,LOG,2022-12-04 02:31:38,FWM,Occurence,1439
SSIS01-P,SSISDB,E:\Program Files\Microsoft SQL Server\MSSQL14.MSSQLSERVER\MSSQL\DATA\SSISDB.ldf,LOG,2022-12-04 02:31:38,FWM,Variance,1.456371
SSIS01-P,SSISDB,E:\Program Files\Microsoft SQL Server\MSSQL14.MSSQLSERVER\MSSQL\DATA\SSISDB.ldf,LOG,2022-12-04 02:31:38,FWM,Max,40
SSIS01-P,SSISDB,E:\Program Files\Microsoft SQL Server\MSSQL14.MSSQLSERVER\MSSQL\DATA\SSISDB.ldf,LOG,2022-12-04 02:31:38,FNW,Mean,21.714384
SSIS01-P,SSISDB,E:\Program Files\Microsoft SQL Server\MSSQL14.MSSQLSERVER\MSSQL\DATA\SSISDB.ldf,LOG,2022-12-04 02:31:38,FNW,Occurence,1439
SSIS01-P,SSISDB,E:\Program Files\Microsoft SQL Server\MSSQL14.MSSQLSERVER\MSSQL\DATA\SSISDB.ldf,LOG,2022-12-04 02:31:38,FNW,Variance,17964.344
SSIS01-P,SSISDB,E:\Program Files\Microsoft SQL Server\MSSQL14.MSSQLSERVER\MSSQL\DATA\SSISDB.ldf,LOG,2022-12-04 02:31:38,FNW,Max,2981
SSIS01-P,SSISDB,E:\Program Files\Microsoft SQL Server\MSSQL14.MSSQLSERVER\MSSQL\DATA\SSISDB.ldf,LOG,2022-12-04 02:31:38,FNR,Mean,0
SSIS01-P,SSISDB,E:\Program Files\Microsoft SQL Server\MSSQL14.MSSQLSERVER\MSSQL\DATA\SSISDB.ldf,LOG,2022-12-04 02:31:38,FNR,Occurence,1439
SSIS01-P,SSISDB,E:\Program Files\Microsoft SQL Server\MSSQL14.MSSQLSERVER\MSSQL\DATA\SSISDB.ldf,LOG,2022-12-04 02:31:38,FNR,Variance,0
SSIS01-P,SSISDB,E:\Program Files\Microsoft SQL Server\MSSQL14.MSSQLSERVER\MSSQL\DATA\SSISDB.ldf,LOG,2022-12-04 02:31:38,FNR,Max,0
SSIS01-P,SSISDB,E:\Program Files\Microsoft SQL Server\MSSQL14.MSSQLSERVER\MSSQL\DATA\SSISDB.ldf,LOG,2022-12-04 02:31:38,FRL,Mean,0
SSIS01-P,SSISDB,E:\Program Files\Microsoft SQL Server\MSSQL14.MSSQLSERVER\MSSQL\DATA\SSISDB.ldf,LOG,2022-12-04 02:31:38,FRL,Occurence,1439
SSIS01-P,SSISDB,E:\Program Files\Microsoft SQL Server\MSSQL14.MSSQLSERVER\MSSQL\DATA\SSISDB.ldf,LOG,2022-12-04 02:31:38,FRL,Variance,0
SSIS01-P,SSISDB,E:\Program Files\Microsoft SQL Server\MSSQL14.MSSQLSERVER\MSSQL\DATA\SSISDB.ldf,LOG,2022-12-04 02:31:38,FRL,Max,0
SSIS01-P,SSISDB,E:\Program Files\Microsoft SQL Server\MSSQL14.MSSQLSERVER\MSSQL\DATA\SSISDB.ldf,LOG,2022-12-04 02:31:38,FWL,Mean,0.47463816
SSIS01-P,SSISDB,E:\Program Files\Microsoft SQL Server\MSSQL14.MSSQLSERVER\MSSQL\DATA\SSISDB.ldf,LOG,2022-12-04 02:31:38,FWL,Occurence,1439
SSIS01-P,SSISDB,E:\Program Files\Microsoft SQL Server\MSSQL14.MSSQLSERVER\MSSQL\DATA\SSISDB.ldf,LOG,2022-12-04 02:31:38,FWL,Variance,3.2231312
SSIS01-P,SSISDB,E:\Program Files\Microsoft SQL Server\MSSQL14.MSSQLSERVER\MSSQL\DATA\SSISDB.ldf,LOG,2022-12-04 02:31:38,FWL,Max,42.761906
SSIS01-P,FileWatcher,E:\Program Files\Microsoft SQL Server\MSSQL14.MSSQLSERVER\MSSQL\DATA\FileWatcher.mdf,ROWS,2022-12-04 02:31:38,FRM,Mean,0.00069492706
SSIS01-P,FileWatcher,E:\Program Files\Microsoft SQL Server\MSSQL14.MSSQLSERVER\MSSQL\DATA\FileWatcher.mdf,ROWS,2022-12-04 02:31:38,FRM,Occurence,1439
SSIS01-P,FileWatcher,E:\Program Files\Microsoft SQL Server\MSSQL14.MSSQLSERVER\MSSQL\DATA\FileWatcher.mdf,ROWS,2022-12-04 02:31:38,FRM,Variance,0.0006944441
SSIS01-P,FileWatcher,E:\Program Files\Microsoft SQL Server\MSSQL14.MSSQLSERVER\MSSQL\DATA\FileWatcher.mdf,ROWS,2022-12-04 02:31:38,FRM,Max,1
SSIS01-P,FileWatcher,E:\Program Files\Microsoft SQL Server\MSSQL14.MSSQLSERVER\MSSQL\DATA\FileWatcher.mdf,ROWS,2022-12-04 02:31:38,FWM,Mean,0
SSIS01-P,FileWatcher,E:\Program Files\Microsoft SQL Server\MSSQL14.MSSQLSERVER\MSSQL\DATA\FileWatcher.mdf,ROWS,2022-12-04 02:31:38,FWM,Occurence,1439
SSIS01-P,FileWatcher,E:\Program Files\Microsoft SQL Server\MSSQL14.MSSQLSERVER\MSSQL\DATA\FileWatcher.mdf,ROWS,2022-12-04 02:31:38,FWM,Variance,0
SSIS01-P,FileWatcher,E:\Program Files\Microsoft SQL Server\MSSQL14.MSSQLSERVER\MSSQL\DATA\FileWatcher.mdf,ROWS,2022-12-04 02:31:38,FWM,Max,0
SSIS01-P,FileWatcher,E:\Program Files\Microsoft SQL Server\MSSQL14.MSSQLSERVER\MSSQL\DATA\FileWatcher.mdf,ROWS,2022-12-04 02:31:38,FNW,Mean,0.004864489
SSIS01-P,FileWatcher,E:\Program Files\Microsoft SQL Server\MSSQL14.MSSQLSERVER\MSSQL\DATA\FileWatcher.mdf,ROWS,2022-12-04 02:31:38,FNW,Occurence,1439
SSIS01-P,FileWatcher,E:\Program Files\Microsoft SQL Server\MSSQL14.MSSQLSERVER\MSSQL\DATA\FileWatcher.mdf,ROWS,2022-12-04 02:31:38,FNW,Variance,0.03402776
SSIS01-P,FileWatcher,E:\Program Files\Microsoft SQL Server\MSSQL14.MSSQLSERVER\MSSQL\DATA\FileWatcher.mdf,ROWS,2022-12-04 02:31:38,FNW,Max,7
SSIS01-P,FileWatcher,E:\Program Files\Microsoft SQL Server\MSSQL14.MSSQLSERVER\MSSQL\DATA\FileWatcher.mdf,ROWS,2022-12-04 02:31:38,FNR,Mean,0.013203613
SSIS01-P,FileWatcher,E:\Program Files\Microsoft SQL Server\MSSQL14.MSSQLSERVER\MSSQL\DATA\FileWatcher.mdf,ROWS,2022-12-04 02:31:38,FNR,Occurence,1439
SSIS01-P,FileWatcher,E:\Program Files\Microsoft SQL Server\MSSQL14.MSSQLSERVER\MSSQL\DATA\FileWatcher.mdf,ROWS,2022-12-04 02:31:38,FNR,Variance,0.25069436
SSIS01-P,FileWatcher,E:\Program Files\Microsoft SQL Server\MSSQL14.MSSQLSERVER\MSSQL\DATA\FileWatcher.mdf,ROWS,2022-12-04 02:31:38,FNR,Max,19
SSIS01-P,FileWatcher,E:\Program Files\Microsoft SQL Server\MSSQL14.MSSQLSERVER\MSSQL\DATA\FileWatcher.mdf,ROWS,2022-12-04 02:31:38,FRL,Mean,0.0065103685
SSIS01-P,FileWatcher,E:\Program Files\Microsoft SQL Server\MSSQL14.MSSQLSERVER\MSSQL\DATA\FileWatcher.mdf,ROWS,2022-12-04 02:31:38,FRL,Occurence,1439
SSIS01-P,FileWatcher,E:\Program Files\Microsoft SQL Server\MSSQL14.MSSQLSERVER\MSSQL\DATA\FileWatcher.mdf,ROWS,2022-12-04 02:31:38,FRL,Variance,0.060949482
SSIS01-P,FileWatcher,E:\Program Files\Microsoft SQL Server\MSSQL14.MSSQLSERVER\MSSQL\DATA\FileWatcher.mdf,ROWS,2022-12-04 02:31:38,FRL,Max,9.368421
SSIS01-P,FileWatcher,E:\Program Files\Microsoft SQL Server\MSSQL14.MSSQLSERVER\MSSQL\DATA\FileWatcher.mdf,ROWS,2022-12-04 02:31:38,FWL,Mean,0.0028789833
SSIS01-P,FileWatcher,E:\Program Files\Microsoft SQL Server\MSSQL14.MSSQLSERVER\MSSQL\DATA\FileWatcher.mdf,ROWS,2022-12-04 02:31:38,FWL,Occurence,1439
SSIS01-P,FileWatcher,E:\Program Files\Microsoft SQL Server\MSSQL14.MSSQLSERVER\MSSQL\DATA\FileWatcher.mdf,ROWS,2022-12-04 02:31:38,FWL,Variance,0.011918928
SSIS01-P,FileWatcher,E:\Program Files\Microsoft SQL Server\MSSQL14.MSSQLSERVER\MSSQL\DATA\FileWatcher.mdf,ROWS,2022-12-04 02:31:38,FWL,Max,4.142857
SSIS01-P,FileWatcher,E:\Program Files\Microsoft SQL Server\MSSQL14.MSSQLSERVER\MSSQL\DATA\FileWatcher_log.ldf,LOG,2022-12-04 02:31:38,FRM,Mean,0
SSIS01-P,FileWatcher,E:\Program Files\Microsoft SQL Server\MSSQL14.MSSQLSERVER\MSSQL\DATA\FileWatcher_log.ldf,LOG,2022-12-04 02:31:38,FRM,Occurence,1439
SSIS01-P,FileWatcher,E:\Program Files\Microsoft SQL Server\MSSQL14.MSSQLSERVER\MSSQL\DATA\FileWatcher_log.ldf,LOG,2022-12-04 02:31:38,FRM,Variance,0
SSIS01-P,FileWatcher,E:\Program Files\Microsoft SQL Server\MSSQL14.MSSQLSERVER\MSSQL\DATA\FileWatcher_log.ldf,LOG,2022-12-04 02:31:38,FRM,Max,0
SSIS01-P,FileWatcher,E:\Program Files\Microsoft SQL Server\MSSQL14.MSSQLSERVER\MSSQL\DATA\FileWatcher_log.ldf,LOG,2022-12-04 02:31:38,FWM,Mean,0.00069492706
SSIS01-P,FileWatcher,E:\Program Files\Microsoft SQL Server\MSSQL14.MSSQLSERVER\MSSQL\DATA\FileWatcher_log.ldf,LOG,2022-12-04 02:31:38,FWM,Occurence,1439
SSIS01-P,FileWatcher,E:\Program Files\Microsoft SQL Server\MSSQL14.MSSQLSERVER\MSSQL\DATA\FileWatcher_log.ldf,LOG,2022-12-04 02:31:38,FWM,Variance,0.0006944441
SSIS01-P,FileWatcher,E:\Program Files\Microsoft SQL Server\MSSQL14.MSSQLSERVER\MSSQL\DATA\FileWatcher_log.ldf,LOG,2022-12-04 02:31:38,FWM,Max,1
SSIS01-P,FileWatcher,E:\Program Files\Microsoft SQL Server\MSSQL14.MSSQLSERVER\MSSQL\DATA\FileWatcher_log.ldf,LOG,2022-12-04 02:31:38,FNW,Mean,0.092425294
SSIS01-P,FileWatcher,E:\Program Files\Microsoft SQL Server\MSSQL14.MSSQLSERVER\MSSQL\DATA\FileWatcher_log.ldf,LOG,2022-12-04 02:31:38,FNW,Occurence,1439
SSIS01-P,FileWatcher,E:\Program Files\Microsoft SQL Server\MSSQL14.MSSQLSERVER\MSSQL\DATA\FileWatcher_log.ldf,LOG,2022-12-04 02:31:38,FNW,Variance,0.36463335
SSIS01-P,FileWatcher,E:\Program Files\Microsoft SQL Server\MSSQL14.MSSQLSERVER\MSSQL\DATA\FileWatcher_log.ldf,LOG,2022-12-04 02:31:38,FNW,Max,5
SSIS01-P,FileWatcher,E:\Program Files\Microsoft SQL Server\MSSQL14.MSSQLSERVER\MSSQL\DATA\FileWatcher_log.ldf,LOG,2022-12-04 02:31:38,FNR,Mean,0
SSIS01-P,FileWatcher,E:\Program Files\Microsoft SQL Server\MSSQL14.MSSQLSERVER\MSSQL\DATA\FileWatcher_log.ldf,LOG,2022-12-04 02:31:38,FNR,Occurence,1439
SSIS01-P,FileWatcher,E:\Program Files\Microsoft SQL Server\MSSQL14.MSSQLSERVER\MSSQL\DATA\FileWatcher_log.ldf,LOG,2022-12-04 02:31:38,FNR,Variance,0
SSIS01-P,FileWatcher,E:\Program Files\Microsoft SQL Server\MSSQL14.MSSQLSERVER\MSSQL\DATA\FileWatcher_log.ldf,LOG,2022-12-04 02:31:38,FNR,Max,0
SSIS01-P,FileWatcher,E:\Program Files\Microsoft SQL Server\MSSQL14.MSSQLSERVER\MSSQL\DATA\FileWatcher_log.ldf,LOG,2022-12-04 02:31:38,FRL,Mean,0
SSIS01-P,FileWatcher,E:\Program Files\Microsoft SQL Server\MSSQL14.MSSQLSERVER\MSSQL\DATA\FileWatcher_log.ldf,LOG,2022-12-04 02:31:38,FRL,Occurence,1439
SSIS01-P,FileWatcher,E:\Program Files\Microsoft SQL Server\MSSQL14.MSSQLSERVER\MSSQL\DATA\FileWatcher_log.ldf,LOG,2022-12-04 02:31:38,FRL,Variance,0
SSIS01-P,FileWatcher,E:\Program Files\Microsoft SQL Server\MSSQL14.MSSQLSERVER\MSSQL\DATA\FileWatcher_log.ldf,LOG,2022-12-04 02:31:38,FRL,Max,0
SSIS01-P,FileWatcher,E:\Program Files\Microsoft SQL Server\MSSQL14.MSSQLSERVER\MSSQL\DATA\FileWatcher_log.ldf,LOG,2022-12-04 02:31:38,FWL,Mean,0.14100069
SSIS01-P,FileWatcher,E:\Program Files\Microsoft SQL Server\MSSQL14.MSSQLSERVER\MSSQL\DATA\FileWatcher_log.ldf,LOG,2022-12-04 02:31:38,FWL,Occurence,1439
SSIS01-P,FileWatcher,E:\Program Files\Microsoft SQL Server\MSSQL14.MSSQLSERVER\MSSQL\DATA\FileWatcher_log.ldf,LOG,2022-12-04 02:31:38,FWL,Variance,1.3298825
SSIS01-P,FileWatcher,E:\Program Files\Microsoft SQL Server\MSSQL14.MSSQLSERVER\MSSQL\DATA\FileWatcher_log.ldf,LOG,2022-12-04 02:31:38,FWL,Max,24
SSIS01-P,ReportServerTempDB,,,2022-12-05 02:49:38,DCS,Mean,1.99
SSIS01-P,ReportServerTempDB,,,2022-12-05 02:49:38,DCS,Occurence,1440
SSIS01-P,ReportServerTempDB,,,2022-12-05 02:49:38,DCS,Variance,0
SSIS01-P,ReportServerTempDB,,,2022-12-05 02:49:38,DCS,Max,1.99
SSIS01-P,ReportServerTempDB,,,2022-12-05 02:49:38,DCP,Mean,0.009745564
SSIS01-P,ReportServerTempDB,,,2022-12-05 02:49:38,DCP,Occurence,1437
SSIS01-P,ReportServerTempDB,,,2022-12-05 02:49:38,DCP,Variance,0.13638557
SSIS01-P,ReportServerTempDB,,,2022-12-05 02:49:38,DCP,Max,14.004376
SSIS01-P,SSISDB,,,2022-12-05 02:49:38,DCS,Mean,2794.75
SSIS01-P,SSISDB,,,2022-12-05 02:49:38,DCS,Occurence,1440
SSIS01-P,SSISDB,,,2022-12-05 02:49:38,DCS,Variance,66.22135
SSIS01-P,SSISDB,,,2022-12-05 02:49:38,DCS,Max,2804.11
SSIS01-P,SSISDB,,,2022-12-05 02:49:38,DCP,Mean,3.4573717
SSIS01-P,SSISDB,,,2022-12-05 02:49:38,DCP,Occurence,1437
SSIS01-P,SSISDB,,,2022-12-05 02:49:38,DCP,Variance,265.42783
SSIS01-P,SSISDB,,,2022-12-05 02:49:38,DCP,Max,98.76847
SSIS01-P,ReportServer,,,2022-12-05 02:49:38,DCS,Mean,3.68
SSIS01-P,ReportServer,,,2022-12-05 02:49:38,DCS,Occurence,1440
SSIS01-P,ReportServer,,,2022-12-05 02:49:38,DCS,Variance,0
SSIS01-P,ReportServer,,,2022-12-05 02:49:38,DCS,Max,3.68
SSIS01-P,ReportServer,,,2022-12-05 02:49:38,DCP,Mean,96.243454
SSIS01-P,ReportServer,,,2022-12-05 02:49:38,DCP,Occurence,1437
SSIS01-P,ReportServer,,,2022-12-05 02:49:38,DCP,Variance,314.19525
SSIS01-P,ReportServer,,,2022-12-05 02:49:38,DCP,Max,100
SSIS01-P,FileWatcher,,,2022-12-05 02:49:38,DCS,Mean,6.485222
SSIS01-P,FileWatcher,,,2022-12-05 02:49:38,DCS,Occurence,1440
SSIS01-P,FileWatcher,,,2022-12-05 02:49:38,DCS,Variance,2.4949379E-05
SSIS01-P,FileWatcher,,,2022-12-05 02:49:38,DCS,Max,6.49
SSIS01-P,FileWatcher,,,2022-12-05 02:49:38,DCP,Mean,0.28943053
SSIS01-P,FileWatcher,,,2022-12-05 02:49:38,DCP,Occurence,1437
SSIS01-P,FileWatcher,,,2022-12-05 02:49:38,DCP,Variance,4.0599737
SSIS01-P,FileWatcher,,,2022-12-05 02:49:38,DCP,Max,17.391304
SSIS01-P,,,,2022-12-05 02:49:39,IM,Mean,4255.9263
SSIS01-P,,,,2022-12-05 02:49:39,IM,Occurence,1440
SSIS01-P,,,,2022-12-05 02:49:39,IM,Variance,13.025137
SSIS01-P,,,,2022-12-05 02:49:39,IM,Max,4260
SSIS01-P,,,,2022-12-05 02:49:39,IMP,Mean,100
SSIS01-P,,,,2022-12-05 02:49:39,IMP,Occurence,1440
SSIS01-P,,,,2022-12-05 02:49:39,IMP,Variance,0
SSIS01-P,,,,2022-12-05 02:49:39,IMP,Max,100
SSIS01-P,,,,2022-12-05 02:49:39,ICP,Mean,0
SSIS01-P,,,,2022-12-05 02:49:39,ICP,Occurence,1440
SSIS01-P,,,,2022-12-05 02:49:39,ICP,Variance,0
SSIS01-P,,,,2022-12-05 02:49:39,ICP,Max,0
SSIS01-P,ReportServer,E:\Program Files\Microsoft SQL Server\MSSQL14.MSSQLSERVER\MSSQL\DATA\ReportServer.mdf,ROWS,2022-12-05 02:49:39,FRM,Mean,0
SSIS01-P,ReportServer,E:\Program Files\Microsoft SQL Server\MSSQL14.MSSQLSERVER\MSSQL\DATA\ReportServer.mdf,ROWS,2022-12-05 02:49:39,FRM,Occurence,1439
SSIS01-P,ReportServer,E:\Program Files\Microsoft SQL Server\MSSQL14.MSSQLSERVER\MSSQL\DATA\ReportServer.mdf,ROWS,2022-12-05 02:49:39,FRM,Variance,0
SSIS01-P,ReportServer,E:\Program Files\Microsoft SQL Server\MSSQL14.MSSQLSERVER\MSSQL\DATA\ReportServer.mdf,ROWS,2022-12-05 02:49:39,FRM,Max,0
SSIS01-P,ReportServer,E:\Program Files\Microsoft SQL Server\MSSQL14.MSSQLSERVER\MSSQL\DATA\ReportServer.mdf,ROWS,2022-12-05 02:49:39,FWM,Mean,0
SSIS01-P,ReportServer,E:\Program Files\Microsoft SQL Server\MSSQL14.MSSQLSERVER\MSSQL\DATA\ReportServer.mdf,ROWS,2022-12-05 02:49:39,FWM,Occurence,1439
SSIS01-P,ReportServer,E:\Program Files\Microsoft SQL Server\MSSQL14.MSSQLSERVER\MSSQL\DATA\ReportServer.mdf,ROWS,2022-12-05 02:49:39,FWM,Variance,0
SSIS01-P,ReportServer,E:\Program Files\Microsoft SQL Server\MSSQL14.MSSQLSERVER\MSSQL\DATA\ReportServer.mdf,ROWS,2022-12-05 02:49:39,FWM,Max,0
SSIS01-P,ReportServer,E:\Program Files\Microsoft SQL Server\MSSQL14.MSSQLSERVER\MSSQL\DATA\ReportServer.mdf,ROWS,2022-12-05 02:49:39,FNW,Mean,0.008339125
SSIS01-P,ReportServer,E:\Program Files\Microsoft SQL Server\MSSQL14.MSSQLSERVER\MSSQL\DATA\ReportServer.mdf,ROWS,2022-12-05 02:49:39,FNW,Occurence,1439
SSIS01-P,ReportServer,E:\Program Files\Microsoft SQL Server\MSSQL14.MSSQLSERVER\MSSQL\DATA\ReportServer.mdf,ROWS,2022-12-05 02:49:39,FNW,Variance,0.099999964
SSIS01-P,ReportServer,E:\Program Files\Microsoft SQL Server\MSSQL14.MSSQLSERVER\MSSQL\DATA\ReportServer.mdf,ROWS,2022-12-05 02:49:39,FNW,Max,12
SSIS01-P,ReportServer,E:\Program Files\Microsoft SQL Server\MSSQL14.MSSQLSERVER\MSSQL\DATA\ReportServer.mdf,ROWS,2022-12-05 02:49:39,FNR,Mean,0
SSIS01-P,ReportServer,E:\Program Files\Microsoft SQL Server\MSSQL14.MSSQLSERVER\MSSQL\DATA\ReportServer.mdf,ROWS,2022-12-05 02:49:39,FNR,Occurence,1439
SSIS01-P,ReportServer,E:\Program Files\Microsoft SQL Server\MSSQL14.MSSQLSERVER\MSSQL\DATA\ReportServer.mdf,ROWS,2022-12-05 02:49:39,FNR,Variance,0
SSIS01-P,ReportServer,E:\Program Files\Microsoft SQL Server\MSSQL14.MSSQLSERVER\MSSQL\DATA\ReportServer.mdf,ROWS,2022-12-05 02:49:39,FNR,Max,0
SSIS01-P,ReportServer,E:\Program Files\Microsoft SQL Server\MSSQL14.MSSQLSERVER\MSSQL\DATA\ReportServer.mdf,ROWS,2022-12-05 02:49:39,FRL,Mean,0
SSIS01-P,ReportServer,E:\Program Files\Microsoft SQL Server\MSSQL14.MSSQLSERVER\MSSQL\DATA\ReportServer.mdf,ROWS,2022-12-05 02:49:39,FRL,Occurence,1439
SSIS01-P,ReportServer,E:\Program Files\Microsoft SQL Server\MSSQL14.MSSQLSERVER\MSSQL\DATA\ReportServer.mdf,ROWS,2022-12-05 02:49:39,FRL,Variance,0
SSIS01-P,ReportServer,E:\Program Files\Microsoft SQL Server\MSSQL14.MSSQLSERVER\MSSQL\DATA\ReportServer.mdf,ROWS,2022-12-05 02:49:39,FRL,Max,0
SSIS01-P,ReportServer,E:\Program Files\Microsoft SQL Server\MSSQL14.MSSQLSERVER\MSSQL\DATA\ReportServer.mdf,ROWS,2022-12-05 02:49:39,FWL,Mean,0.010365996
SSIS01-P,ReportServer,E:\Program Files\Microsoft SQL Server\MSSQL14.MSSQLSERVER\MSSQL\DATA\ReportServer.mdf,ROWS,2022-12-05 02:49:39,FWL,Occurence,1439
SSIS01-P,ReportServer,E:\Program Files\Microsoft SQL Server\MSSQL14.MSSQLSERVER\MSSQL\DATA\ReportServer.mdf,ROWS,2022-12-05 02:49:39,FWL,Variance,0.15451865
SSIS01-P,ReportServer,E:\Program Files\Microsoft SQL Server\MSSQL14.MSSQLSERVER\MSSQL\DATA\ReportServer.mdf,ROWS,2022-12-05 02:49:39,FWL,Max,14.916667
SSIS01-P,ReportServer,E:\Program Files\Microsoft SQL Server\MSSQL14.MSSQLSERVER\MSSQL\DATA\ReportServer_log.ldf,LOG,2022-12-05 02:49:39,FRM,Mean,0
SSIS01-P,ReportServer,E:\Program Files\Microsoft SQL Server\MSSQL14.MSSQLSERVER\MSSQL\DATA\ReportServer_log.ldf,LOG,2022-12-05 02:49:39,FRM,Occurence,1439
SSIS01-P,ReportServer,E:\Program Files\Microsoft SQL Server\MSSQL14.MSSQLSERVER\MSSQL\DATA\ReportServer_log.ldf,LOG,2022-12-05 02:49:39,FRM,Variance,0
SSIS01-P,ReportServer,E:\Program Files\Microsoft SQL Server\MSSQL14.MSSQLSERVER\MSSQL\DATA\ReportServer_log.ldf,LOG,2022-12-05 02:49:39,FRM,Max,0
SSIS01-P,ReportServer,E:\Program Files\Microsoft SQL Server\MSSQL14.MSSQLSERVER\MSSQL\DATA\ReportServer_log.ldf,LOG,2022-12-05 02:49:39,FWM,Mean,0
SSIS01-P,ReportServer,E:\Program Files\Microsoft SQL Server\MSSQL14.MSSQLSERVER\MSSQL\DATA\ReportServer_log.ldf,LOG,2022-12-05 02:49:39,FWM,Occurence,1439
SSIS01-P,ReportServer,E:\Program Files\Microsoft SQL Server\MSSQL14.MSSQLSERVER\MSSQL\DATA\ReportServer_log.ldf,LOG,2022-12-05 02:49:39,FWM,Variance,0
SSIS01-P,ReportServer,E:\Program Files\Microsoft SQL Server\MSSQL14.MSSQLSERVER\MSSQL\DATA\ReportServer_log.ldf,LOG,2022-12-05 02:49:39,FWM,Max,0
SSIS01-P,ReportServer,E:\Program Files\Microsoft SQL Server\MSSQL14.MSSQLSERVER\MSSQL\DATA\ReportServer_log.ldf,LOG,2022-12-05 02:49:39,FNW,Mean,0.00694927
SSIS01-P,ReportServer,E:\Program Files\Microsoft SQL Server\MSSQL14.MSSQLSERVER\MSSQL\DATA\ReportServer_log.ldf,LOG,2022-12-05 02:49:39,FNW,Occurence,1439
SSIS01-P,ReportServer,E:\Program Files\Microsoft SQL Server\MSSQL14.MSSQLSERVER\MSSQL\DATA\ReportServer_log.ldf,LOG,2022-12-05 02:49:39,FNW,Variance,0.023579227
SSIS01-P,ReportServer,E:\Program Files\Microsoft SQL Server\MSSQL14.MSSQLSERVER\MSSQL\DATA\ReportServer_log.ldf,LOG,2022-12-05 02:49:39,FNW,Max,4
SSIS01-P,ReportServer,E:\Program Files\Microsoft SQL Server\MSSQL14.MSSQLSERVER\MSSQL\DATA\ReportServer_log.ldf,LOG,2022-12-05 02:49:39,FNR,Mean,0
SSIS01-P,ReportServer,E:\Program Files\Microsoft SQL Server\MSSQL14.MSSQLSERVER\MSSQL\DATA\ReportServer_log.ldf,LOG,2022-12-05 02:49:39,FNR,Occurence,1439
SSIS01-P,ReportServer,E:\Program Files\Microsoft SQL Server\MSSQL14.MSSQLSERVER\MSSQL\DATA\ReportServer_log.ldf,LOG,2022-12-05 02:49:39,FNR,Variance,0
SSIS01-P,ReportServer,E:\Program Files\Microsoft SQL Server\MSSQL14.MSSQLSERVER\MSSQL\DATA\ReportServer_log.ldf,LOG,2022-12-05 02:49:39,FNR,Max,0
SSIS01-P,ReportServer,E:\Program Files\Microsoft SQL Server\MSSQL14.MSSQLSERVER\MSSQL\DATA\ReportServer_log.ldf,LOG,2022-12-05 02:49:39,FRL,Mean,0
SSIS01-P,ReportServer,E:\Program Files\Microsoft SQL Server\MSSQL14.MSSQLSERVER\MSSQL\DATA\ReportServer_log.ldf,LOG,2022-12-05 02:49:39,FRL,Occurence,1439
SSIS01-P,ReportServer,E:\Program Files\Microsoft SQL Server\MSSQL14.MSSQLSERVER\MSSQL\DATA\ReportServer_log.ldf,LOG,2022-12-05 02:49:39,FRL,Variance,0
SSIS01-P,ReportServer,E:\Program Files\Microsoft SQL Server\MSSQL14.MSSQLSERVER\MSSQL\DATA\ReportServer_log.ldf,LOG,2022-12-05 02:49:39,FRL,Max,0
SSIS01-P,ReportServer,E:\Program Files\Microsoft SQL Server\MSSQL14.MSSQLSERVER\MSSQL\DATA\ReportServer_log.ldf,LOG,2022-12-05 02:49:39,FWL,Mean,0.0075283768
SSIS01-P,ReportServer,E:\Program Files\Microsoft SQL Server\MSSQL14.MSSQLSERVER\MSSQL\DATA\ReportServer_log.ldf,LOG,2022-12-05 02:49:39,FWL,Occurence,1439
SSIS01-P,ReportServer,E:\Program Files\Microsoft SQL Server\MSSQL14.MSSQLSERVER\MSSQL\DATA\ReportServer_log.ldf,LOG,2022-12-05 02:49:39,FWL,Variance,0.027141996
SSIS01-P,ReportServer,E:\Program Files\Microsoft SQL Server\MSSQL14.MSSQLSERVER\MSSQL\DATA\ReportServer_log.ldf,LOG,2022-12-05 02:49:39,FWL,Max,3.6666667
SSIS01-P,ReportServerTempDB,E:\Program Files\Microsoft SQL Server\MSSQL14.MSSQLSERVER\MSSQL\DATA\ReportServerTempDB.mdf,ROWS,2022-12-05 02:49:39,FRM,Mean,0
SSIS01-P,ReportServerTempDB,E:\Program Files\Microsoft SQL Server\MSSQL14.MSSQLSERVER\MSSQL\DATA\ReportServerTempDB.mdf,ROWS,2022-12-05 02:49:39,FRM,Occurence,1439
SSIS01-P,ReportServerTempDB,E:\Program Files\Microsoft SQL Server\MSSQL14.MSSQLSERVER\MSSQL\DATA\ReportServerTempDB.mdf,ROWS,2022-12-05 02:49:39,FRM,Variance,0
SSIS01-P,ReportServerTempDB,E:\Program Files\Microsoft SQL Server\MSSQL14.MSSQLSERVER\MSSQL\DATA\ReportServerTempDB.mdf,ROWS,2022-12-05 02:49:39,FRM,Max,0
SSIS01-P,ReportServerTempDB,E:\Program Files\Microsoft SQL Server\MSSQL14.MSSQLSERVER\MSSQL\DATA\ReportServerTempDB.mdf,ROWS,2022-12-05 02:49:39,FWM,Mean,0
SSIS01-P,ReportServerTempDB,E:\Program Files\Microsoft SQL Server\MSSQL14.MSSQLSERVER\MSSQL\DATA\ReportServerTempDB.mdf,ROWS,2022-12-05 02:49:39,FWM,Occurence,1439
SSIS01-P,ReportServerTempDB,E:\Program Files\Microsoft SQL Server\MSSQL14.MSSQLSERVER\MSSQL\DATA\ReportServerTempDB.mdf,ROWS,2022-12-05 02:49:39,FWM,Variance,0
SSIS01-P,ReportServerTempDB,E:\Program Files\Microsoft SQL Server\MSSQL14.MSSQLSERVER\MSSQL\DATA\ReportServerTempDB.mdf,ROWS,2022-12-05 02:49:39,FWM,Max,0
SSIS01-P,ReportServerTempDB,E:\Program Files\Microsoft SQL Server\MSSQL14.MSSQLSERVER\MSSQL\DATA\ReportServerTempDB.mdf,ROWS,2022-12-05 02:49:39,FNW,Mean,0.00069492706
SSIS01-P,ReportServerTempDB,E:\Program Files\Microsoft SQL Server\MSSQL14.MSSQLSERVER\MSSQL\DATA\ReportServerTempDB.mdf,ROWS,2022-12-05 02:49:39,FNW,Occurence,1439
SSIS01-P,ReportServerTempDB,E:\Program Files\Microsoft SQL Server\MSSQL14.MSSQLSERVER\MSSQL\DATA\ReportServerTempDB.mdf,ROWS,2022-12-05 02:49:39,FNW,Variance,0.0006944441
SSIS01-P,ReportServerTempDB,E:\Program Files\Microsoft SQL Server\MSSQL14.MSSQLSERVER\MSSQL\DATA\ReportServerTempDB.mdf,ROWS,2022-12-05 02:49:39,FNW,Max,1
SSIS01-P,ReportServerTempDB,E:\Program Files\Microsoft SQL Server\MSSQL14.MSSQLSERVER\MSSQL\DATA\ReportServerTempDB.mdf,ROWS,2022-12-05 02:49:39,FNR,Mean,0
SSIS01-P,ReportServerTempDB,E:\Program Files\Microsoft SQL Server\MSSQL14.MSSQLSERVER\MSSQL\DATA\ReportServerTempDB.mdf,ROWS,2022-12-05 02:49:39,FNR,Occurence,1439
SSIS01-P,ReportServerTempDB,E:\Program Files\Microsoft SQL Server\MSSQL14.MSSQLSERVER\MSSQL\DATA\ReportServerTempDB.mdf,ROWS,2022-12-05 02:49:39,FNR,Variance,0
SSIS01-P,ReportServerTempDB,E:\Program Files\Microsoft SQL Server\MSSQL14.MSSQLSERVER\MSSQL\DATA\ReportServerTempDB.mdf,ROWS,2022-12-05 02:49:39,FNR,Max,0
SSIS01-P,ReportServerTempDB,E:\Program Files\Microsoft SQL Server\MSSQL14.MSSQLSERVER\MSSQL\DATA\ReportServerTempDB.mdf,ROWS,2022-12-05 02:49:39,FRL,Mean,0
SSIS01-P,ReportServerTempDB,E:\Program Files\Microsoft SQL Server\MSSQL14.MSSQLSERVER\MSSQL\DATA\ReportServerTempDB.mdf,ROWS,2022-12-05 02:49:39,FRL,Occurence,1439
SSIS01-P,ReportServerTempDB,E:\Program Files\Microsoft SQL Server\MSSQL14.MSSQLSERVER\MSSQL\DATA\ReportServerTempDB.mdf,ROWS,2022-12-05 02:49:39,FRL,Variance,0
SSIS01-P,ReportServerTempDB,E:\Program Files\Microsoft SQL Server\MSSQL14.MSSQLSERVER\MSSQL\DATA\ReportServerTempDB.mdf,ROWS,2022-12-05 02:49:39,FRL,Max,0
SSIS01-P,ReportServerTempDB,E:\Program Files\Microsoft SQL Server\MSSQL14.MSSQLSERVER\MSSQL\DATA\ReportServerTempDB.mdf,ROWS,2022-12-05 02:49:39,FWL,Mean,0.0020847812
SSIS01-P,ReportServerTempDB,E:\Program Files\Microsoft SQL Server\MSSQL14.MSSQLSERVER\MSSQL\DATA\ReportServerTempDB.mdf,ROWS,2022-12-05 02:49:39,FWL,Occurence,1439
SSIS01-P,ReportServerTempDB,E:\Program Files\Microsoft SQL Server\MSSQL14.MSSQLSERVER\MSSQL\DATA\ReportServerTempDB.mdf,ROWS,2022-12-05 02:49:39,FWL,Variance,0.0062499978
SSIS01-P,ReportServerTempDB,E:\Program Files\Microsoft SQL Server\MSSQL14.MSSQLSERVER\MSSQL\DATA\ReportServerTempDB.mdf,ROWS,2022-12-05 02:49:39,FWL,Max,3
SSIS01-P,ReportServerTempDB,E:\Program Files\Microsoft SQL Server\MSSQL14.MSSQLSERVER\MSSQL\DATA\ReportServerTempDB_log.ldf,LOG,2022-12-05 02:49:39,FRM,Mean,0
SSIS01-P,ReportServerTempDB,E:\Program Files\Microsoft SQL Server\MSSQL14.MSSQLSERVER\MSSQL\DATA\ReportServerTempDB_log.ldf,LOG,2022-12-05 02:49:39,FRM,Occurence,1439
SSIS01-P,ReportServerTempDB,E:\Program Files\Microsoft SQL Server\MSSQL14.MSSQLSERVER\MSSQL\DATA\ReportServerTempDB_log.ldf,LOG,2022-12-05 02:49:39,FRM,Variance,0
SSIS01-P,ReportServerTempDB,E:\Program Files\Microsoft SQL Server\MSSQL14.MSSQLSERVER\MSSQL\DATA\ReportServerTempDB_log.ldf,LOG,2022-12-05 02:49:39,FRM,Max,0
SSIS01-P,ReportServerTempDB,E:\Program Files\Microsoft SQL Server\MSSQL14.MSSQLSERVER\MSSQL\DATA\ReportServerTempDB_log.ldf,LOG,2022-12-05 02:49:39,FWM,Mean,0
SSIS01-P,ReportServerTempDB,E:\Program Files\Microsoft SQL Server\MSSQL14.MSSQLSERVER\MSSQL\DATA\ReportServerTempDB_log.ldf,LOG,2022-12-05 02:49:39,FWM,Occurence,1439
SSIS01-P,ReportServerTempDB,E:\Program Files\Microsoft SQL Server\MSSQL14.MSSQLSERVER\MSSQL\DATA\ReportServerTempDB_log.ldf,LOG,2022-12-05 02:49:39,FWM,Variance,0
SSIS01-P,ReportServerTempDB,E:\Program Files\Microsoft SQL Server\MSSQL14.MSSQLSERVER\MSSQL\DATA\ReportServerTempDB_log.ldf,LOG,2022-12-05 02:49:39,FWM,Max,0
SSIS01-P,ReportServerTempDB,E:\Program Files\Microsoft SQL Server\MSSQL14.MSSQLSERVER\MSSQL\DATA\ReportServerTempDB_log.ldf,LOG,2022-12-05 02:49:39,FNW,Mean,0.0027797082
SSIS01-P,ReportServerTempDB,E:\Program Files\Microsoft SQL Server\MSSQL14.MSSQLSERVER\MSSQL\DATA\ReportServerTempDB_log.ldf,LOG,2022-12-05 02:49:39,FNW,Occurence,1439
SSIS01-P,ReportServerTempDB,E:\Program Files\Microsoft SQL Server\MSSQL14.MSSQLSERVER\MSSQL\DATA\ReportServerTempDB_log.ldf,LOG,2022-12-05 02:49:39,FNW,Variance,0.011111106
SSIS01-P,ReportServerTempDB,E:\Program Files\Microsoft SQL Server\MSSQL14.MSSQLSERVER\MSSQL\DATA\ReportServerTempDB_log.ldf,LOG,2022-12-05 02:49:39,FNW,Max,4
SSIS01-P,ReportServerTempDB,E:\Program Files\Microsoft SQL Server\MSSQL14.MSSQLSERVER\MSSQL\DATA\ReportServerTempDB_log.ldf,LOG,2022-12-05 02:49:39,FNR,Mean,0
SSIS01-P,ReportServerTempDB,E:\Program Files\Microsoft SQL Server\MSSQL14.MSSQLSERVER\MSSQL\DATA\ReportServerTempDB_log.ldf,LOG,2022-12-05 02:49:39,FNR,Occurence,1439
SSIS01-P,ReportServerTempDB,E:\Program Files\Microsoft SQL Server\MSSQL14.MSSQLSERVER\MSSQL\DATA\ReportServerTempDB_log.ldf,LOG,2022-12-05 02:49:39,FNR,Variance,0
SSIS01-P,ReportServerTempDB,E:\Program Files\Microsoft SQL Server\MSSQL14.MSSQLSERVER\MSSQL\DATA\ReportServerTempDB_log.ldf,LOG,2022-12-05 02:49:39,FNR,Max,0
SSIS01-P,ReportServerTempDB,E:\Program Files\Microsoft SQL Server\MSSQL14.MSSQLSERVER\MSSQL\DATA\ReportServerTempDB_log.ldf,LOG,2022-12-05 02:49:39,FRL,Mean,0
SSIS01-P,ReportServerTempDB,E:\Program Files\Microsoft SQL Server\MSSQL14.MSSQLSERVER\MSSQL\DATA\ReportServerTempDB_log.ldf,LOG,2022-12-05 02:49:39,FRL,Occurence,1439
SSIS01-P,ReportServerTempDB,E:\Program Files\Microsoft SQL Server\MSSQL14.MSSQLSERVER\MSSQL\DATA\ReportServerTempDB_log.ldf,LOG,2022-12-05 02:49:39,FRL,Variance,0
SSIS01-P,ReportServerTempDB,E:\Program Files\Microsoft SQL Server\MSSQL14.MSSQLSERVER\MSSQL\DATA\ReportServerTempDB_log.ldf,LOG,2022-12-05 02:49:39,FRL,Max,0
SSIS01-P,ReportServerTempDB,E:\Program Files\Microsoft SQL Server\MSSQL14.MSSQLSERVER\MSSQL\DATA\ReportServerTempDB_log.ldf,LOG,2022-12-05 02:49:39,FWL,Mean,0.0026059763
SSIS01-P,ReportServerTempDB,E:\Program Files\Microsoft SQL Server\MSSQL14.MSSQLSERVER\MSSQL\DATA\ReportServerTempDB_log.ldf,LOG,2022-12-05 02:49:39,FWL,Occurence,1439
SSIS01-P,ReportServerTempDB,E:\Program Files\Microsoft SQL Server\MSSQL14.MSSQLSERVER\MSSQL\DATA\ReportServerTempDB_log.ldf,LOG,2022-12-05 02:49:39,FWL,Variance,0.00976562
SSIS01-P,ReportServerTempDB,E:\Program Files\Microsoft SQL Server\MSSQL14.MSSQLSERVER\MSSQL\DATA\ReportServerTempDB_log.ldf,LOG,2022-12-05 02:49:39,FWL,Max,3.75
SSIS01-P,SSISDB,E:\Program Files\Microsoft SQL Server\MSSQL14.MSSQLSERVER\MSSQL\DATA\SSISDB.mdf,ROWS,2022-12-05 02:49:39,FRM,Mean,0.021542737
SSIS01-P,SSISDB,E:\Program Files\Microsoft SQL Server\MSSQL14.MSSQLSERVER\MSSQL\DATA\SSISDB.mdf,ROWS,2022-12-05 02:49:39,FRM,Occurence,1439
SSIS01-P,SSISDB,E:\Program Files\Microsoft SQL Server\MSSQL14.MSSQLSERVER\MSSQL\DATA\SSISDB.mdf,ROWS,2022-12-05 02:49:39,FRM,Variance,0.32545668
SSIS01-P,SSISDB,E:\Program Files\Microsoft SQL Server\MSSQL14.MSSQLSERVER\MSSQL\DATA\SSISDB.mdf,ROWS,2022-12-05 02:49:39,FRM,Max,18
SSIS01-P,SSISDB,E:\Program Files\Microsoft SQL Server\MSSQL14.MSSQLSERVER\MSSQL\DATA\SSISDB.mdf,ROWS,2022-12-05 02:49:39,FWM,Mean,0.015288395
SSIS01-P,SSISDB,E:\Program Files\Microsoft SQL Server\MSSQL14.MSSQLSERVER\MSSQL\DATA\SSISDB.mdf,ROWS,2022-12-05 02:49:39,FWM,Occurence,1439
SSIS01-P,SSISDB,E:\Program Files\Microsoft SQL Server\MSSQL14.MSSQLSERVER\MSSQL\DATA\SSISDB.mdf,ROWS,2022-12-05 02:49:39,FWM,Variance,0.077598095
SSIS01-P,SSISDB,E:\Program Files\Microsoft SQL Server\MSSQL14.MSSQLSERVER\MSSQL\DATA\SSISDB.mdf,ROWS,2022-12-05 02:49:39,FWM,Max,9
SSIS01-P,SSISDB,E:\Program Files\Microsoft SQL Server\MSSQL14.MSSQLSERVER\MSSQL\DATA\SSISDB.mdf,ROWS,2022-12-05 02:49:39,FNW,Mean,0.2543433
SSIS01-P,SSISDB,E:\Program Files\Microsoft SQL Server\MSSQL14.MSSQLSERVER\MSSQL\DATA\SSISDB.mdf,ROWS,2022-12-05 02:49:39,FNW,Occurence,1439
SSIS01-P,SSISDB,E:\Program Files\Microsoft SQL Server\MSSQL14.MSSQLSERVER\MSSQL\DATA\SSISDB.mdf,ROWS,2022-12-05 02:49:39,FNW,Variance,24.217447
SSIS01-P,SSISDB,E:\Program Files\Microsoft SQL Server\MSSQL14.MSSQLSERVER\MSSQL\DATA\SSISDB.mdf,ROWS,2022-12-05 02:49:39,FNW,Max,154
SSIS01-P,SSISDB,E:\Program Files\Microsoft SQL Server\MSSQL14.MSSQLSERVER\MSSQL\DATA\SSISDB.mdf,ROWS,2022-12-05 02:49:39,FNR,Mean,2.5879083
SSIS01-P,SSISDB,E:\Program Files\Microsoft SQL Server\MSSQL14.MSSQLSERVER\MSSQL\DATA\SSISDB.mdf,ROWS,2022-12-05 02:49:39,FNR,Occurence,1439
SSIS01-P,SSISDB,E:\Program Files\Microsoft SQL Server\MSSQL14.MSSQLSERVER\MSSQL\DATA\SSISDB.mdf,ROWS,2022-12-05 02:49:39,FNR,Variance,4923.8296
SSIS01-P,SSISDB,E:\Program Files\Microsoft SQL Server\MSSQL14.MSSQLSERVER\MSSQL\DATA\SSISDB.mdf,ROWS,2022-12-05 02:49:39,FNR,Max,2236
SSIS01-P,SSISDB,E:\Program Files\Microsoft SQL Server\MSSQL14.MSSQLSERVER\MSSQL\DATA\SSISDB.mdf,ROWS,2022-12-05 02:49:39,FRL,Mean,1.0259411
SSIS01-P,SSISDB,E:\Program Files\Microsoft SQL Server\MSSQL14.MSSQLSERVER\MSSQL\DATA\SSISDB.mdf,ROWS,2022-12-05 02:49:39,FRL,Occurence,1439
SSIS01-P,SSISDB,E:\Program Files\Microsoft SQL Server\MSSQL14.MSSQLSERVER\MSSQL\DATA\SSISDB.mdf,ROWS,2022-12-05 02:49:39,FRL,Variance,1116.7301
SSIS01-P,SSISDB,E:\Program Files\Microsoft SQL Server\MSSQL14.MSSQLSERVER\MSSQL\DATA\SSISDB.mdf,ROWS,2022-12-05 02:49:39,FRL,Max,1258.7478
SSIS01-P,SSISDB,E:\Program Files\Microsoft SQL Server\MSSQL14.MSSQLSERVER\MSSQL\DATA\SSISDB.mdf,ROWS,2022-12-05 02:49:39,FWL,Mean,0.1325589
SSIS01-P,SSISDB,E:\Program Files\Microsoft SQL Server\MSSQL14.MSSQLSERVER\MSSQL\DATA\SSISDB.mdf,ROWS,2022-12-05 02:49:39,FWL,Occurence,1439
SSIS01-P,SSISDB,E:\Program Files\Microsoft SQL Server\MSSQL14.MSSQLSERVER\MSSQL\DATA\SSISDB.mdf,ROWS,2022-12-05 02:49:39,FWL,Variance,4.819379
SSIS01-P,SSISDB,E:\Program Files\Microsoft SQL Server\MSSQL14.MSSQLSERVER\MSSQL\DATA\SSISDB.mdf,ROWS,2022-12-05 02:49:39,FWL,Max,64.233765
SSIS01-P,SSISDB,E:\Program Files\Microsoft SQL Server\MSSQL14.MSSQLSERVER\MSSQL\DATA\SSISDB.ldf,LOG,2022-12-05 02:49:39,FRM,Mean,0
SSIS01-P,SSISDB,E:\Program Files\Microsoft SQL Server\MSSQL14.MSSQLSERVER\MSSQL\DATA\SSISDB.ldf,LOG,2022-12-05 02:49:39,FRM,Occurence,1439
SSIS01-P,SSISDB,E:\Program Files\Microsoft SQL Server\MSSQL14.MSSQLSERVER\MSSQL\DATA\SSISDB.ldf,LOG,2022-12-05 02:49:39,FRM,Variance,0
SSIS01-P,SSISDB,E:\Program Files\Microsoft SQL Server\MSSQL14.MSSQLSERVER\MSSQL\DATA\SSISDB.ldf,LOG,2022-12-05 02:49:39,FRM,Max,0
SSIS01-P,SSISDB,E:\Program Files\Microsoft SQL Server\MSSQL14.MSSQLSERVER\MSSQL\DATA\SSISDB.ldf,LOG,2022-12-05 02:49:39,FWM,Mean,0.07157748
SSIS01-P,SSISDB,E:\Program Files\Microsoft SQL Server\MSSQL14.MSSQLSERVER\MSSQL\DATA\SSISDB.ldf,LOG,2022-12-05 02:49:39,FWM,Occurence,1439
SSIS01-P,SSISDB,E:\Program Files\Microsoft SQL Server\MSSQL14.MSSQLSERVER\MSSQL\DATA\SSISDB.ldf,LOG,2022-12-05 02:49:39,FWM,Variance,0.47785097
SSIS01-P,SSISDB,E:\Program Files\Microsoft SQL Server\MSSQL14.MSSQLSERVER\MSSQL\DATA\SSISDB.ldf,LOG,2022-12-05 02:49:39,FWM,Max,18
SSIS01-P,SSISDB,E:\Program Files\Microsoft SQL Server\MSSQL14.MSSQLSERVER\MSSQL\DATA\SSISDB.ldf,LOG,2022-12-05 02:49:39,FNW,Mean,15.389159
SSIS01-P,SSISDB,E:\Program Files\Microsoft SQL Server\MSSQL14.MSSQLSERVER\MSSQL\DATA\SSISDB.ldf,LOG,2022-12-05 02:49:39,FNW,Occurence,1439
SSIS01-P,SSISDB,E:\Program Files\Microsoft SQL Server\MSSQL14.MSSQLSERVER\MSSQL\DATA\SSISDB.ldf,LOG,2022-12-05 02:49:39,FNW,Variance,15696.068
SSIS01-P,SSISDB,E:\Program Files\Microsoft SQL Server\MSSQL14.MSSQLSERVER\MSSQL\DATA\SSISDB.ldf,LOG,2022-12-05 02:49:39,FNW,Max,2471
SSIS01-P,SSISDB,E:\Program Files\Microsoft SQL Server\MSSQL14.MSSQLSERVER\MSSQL\DATA\SSISDB.ldf,LOG,2022-12-05 02:49:39,FNR,Mean,0
SSIS01-P,SSISDB,E:\Program Files\Microsoft SQL Server\MSSQL14.MSSQLSERVER\MSSQL\DATA\SSISDB.ldf,LOG,2022-12-05 02:49:39,FNR,Occurence,1439
SSIS01-P,SSISDB,E:\Program Files\Microsoft SQL Server\MSSQL14.MSSQLSERVER\MSSQL\DATA\SSISDB.ldf,LOG,2022-12-05 02:49:39,FNR,Variance,0
SSIS01-P,SSISDB,E:\Program Files\Microsoft SQL Server\MSSQL14.MSSQLSERVER\MSSQL\DATA\SSISDB.ldf,LOG,2022-12-05 02:49:39,FNR,Max,0
SSIS01-P,SSISDB,E:\Program Files\Microsoft SQL Server\MSSQL14.MSSQLSERVER\MSSQL\DATA\SSISDB.ldf,LOG,2022-12-05 02:49:39,FRL,Mean,0
SSIS01-P,SSISDB,E:\Program Files\Microsoft SQL Server\MSSQL14.MSSQLSERVER\MSSQL\DATA\SSISDB.ldf,LOG,2022-12-05 02:49:39,FRL,Occurence,1439
SSIS01-P,SSISDB,E:\Program Files\Microsoft SQL Server\MSSQL14.MSSQLSERVER\MSSQL\DATA\SSISDB.ldf,LOG,2022-12-05 02:49:39,FRL,Variance,0
SSIS01-P,SSISDB,E:\Program Files\Microsoft SQL Server\MSSQL14.MSSQLSERVER\MSSQL\DATA\SSISDB.ldf,LOG,2022-12-05 02:49:39,FRL,Max,0
SSIS01-P,SSISDB,E:\Program Files\Microsoft SQL Server\MSSQL14.MSSQLSERVER\MSSQL\DATA\SSISDB.ldf,LOG,2022-12-05 02:49:39,FWL,Mean,0.22332783
SSIS01-P,SSISDB,E:\Program Files\Microsoft SQL Server\MSSQL14.MSSQLSERVER\MSSQL\DATA\SSISDB.ldf,LOG,2022-12-05 02:49:39,FWL,Occurence,1439
SSIS01-P,SSISDB,E:\Program Files\Microsoft SQL Server\MSSQL14.MSSQLSERVER\MSSQL\DATA\SSISDB.ldf,LOG,2022-12-05 02:49:39,FWL,Variance,0.9913957
SSIS01-P,SSISDB,E:\Program Files\Microsoft SQL Server\MSSQL14.MSSQLSERVER\MSSQL\DATA\SSISDB.ldf,LOG,2022-12-05 02:49:39,FWL,Max,9.008928
SSIS01-P,FileWatcher,E:\Program Files\Microsoft SQL Server\MSSQL14.MSSQLSERVER\MSSQL\DATA\FileWatcher.mdf,ROWS,2022-12-05 02:49:39,FRM,Mean,0
SSIS01-P,FileWatcher,E:\Program Files\Microsoft SQL Server\MSSQL14.MSSQLSERVER\MSSQL\DATA\FileWatcher.mdf,ROWS,2022-12-05 02:49:39,FRM,Occurence,1439
SSIS01-P,FileWatcher,E:\Program Files\Microsoft SQL Server\MSSQL14.MSSQLSERVER\MSSQL\DATA\FileWatcher.mdf,ROWS,2022-12-05 02:49:39,FRM,Variance,0
SSIS01-P,FileWatcher,E:\Program Files\Microsoft SQL Server\MSSQL14.MSSQLSERVER\MSSQL\DATA\FileWatcher.mdf,ROWS,2022-12-05 02:49:39,FRM,Max,0
SSIS01-P,FileWatcher,E:\Program Files\Microsoft SQL Server\MSSQL14.MSSQLSERVER\MSSQL\DATA\FileWatcher.mdf,ROWS,2022-12-05 02:49:39,FWM,Mean,0
SSIS01-P,FileWatcher,E:\Program Files\Microsoft SQL Server\MSSQL14.MSSQLSERVER\MSSQL\DATA\FileWatcher.mdf,ROWS,2022-12-05 02:49:39,FWM,Occurence,1439
SSIS01-P,FileWatcher,E:\Program Files\Microsoft SQL Server\MSSQL14.MSSQLSERVER\MSSQL\DATA\FileWatcher.mdf,ROWS,2022-12-05 02:49:39,FWM,Variance,0
SSIS01-P,FileWatcher,E:\Program Files\Microsoft SQL Server\MSSQL14.MSSQLSERVER\MSSQL\DATA\FileWatcher.mdf,ROWS,2022-12-05 02:49:39,FWM,Max,0
SSIS01-P,FileWatcher,E:\Program Files\Microsoft SQL Server\MSSQL14.MSSQLSERVER\MSSQL\DATA\FileWatcher.mdf,ROWS,2022-12-05 02:49:39,FNW,Mean,0.0062543433
SSIS01-P,FileWatcher,E:\Program Files\Microsoft SQL Server\MSSQL14.MSSQLSERVER\MSSQL\DATA\FileWatcher.mdf,ROWS,2022-12-05 02:49:39,FNW,Occurence,1439
SSIS01-P,FileWatcher,E:\Program Files\Microsoft SQL Server\MSSQL14.MSSQLSERVER\MSSQL\DATA\FileWatcher.mdf,ROWS,2022-12-05 02:49:39,FNW,Variance,0.056249976
SSIS01-P,FileWatcher,E:\Program Files\Microsoft SQL Server\MSSQL14.MSSQLSERVER\MSSQL\DATA\FileWatcher.mdf,ROWS,2022-12-05 02:49:39,FNW,Max,9
SSIS01-P,FileWatcher,E:\Program Files\Microsoft SQL Server\MSSQL14.MSSQLSERVER\MSSQL\DATA\FileWatcher.mdf,ROWS,2022-12-05 02:49:39,FNR,Mean,0
SSIS01-P,FileWatcher,E:\Program Files\Microsoft SQL Server\MSSQL14.MSSQLSERVER\MSSQL\DATA\FileWatcher.mdf,ROWS,2022-12-05 02:49:39,FNR,Occurence,1439
SSIS01-P,FileWatcher,E:\Program Files\Microsoft SQL Server\MSSQL14.MSSQLSERVER\MSSQL\DATA\FileWatcher.mdf,ROWS,2022-12-05 02:49:39,FNR,Variance,0
SSIS01-P,FileWatcher,E:\Program Files\Microsoft SQL Server\MSSQL14.MSSQLSERVER\MSSQL\DATA\FileWatcher.mdf,ROWS,2022-12-05 02:49:39,FNR,Max,0
SSIS01-P,FileWatcher,E:\Program Files\Microsoft SQL Server\MSSQL14.MSSQLSERVER\MSSQL\DATA\FileWatcher.mdf,ROWS,2022-12-05 02:49:39,FRL,Mean,0
SSIS01-P,FileWatcher,E:\Program Files\Microsoft SQL Server\MSSQL14.MSSQLSERVER\MSSQL\DATA\FileWatcher.mdf,ROWS,2022-12-05 02:49:39,FRL,Occurence,1439
SSIS01-P,FileWatcher,E:\Program Files\Microsoft SQL Server\MSSQL14.MSSQLSERVER\MSSQL\DATA\FileWatcher.mdf,ROWS,2022-12-05 02:49:39,FRL,Variance,0
SSIS01-P,FileWatcher,E:\Program Files\Microsoft SQL Server\MSSQL14.MSSQLSERVER\MSSQL\DATA\FileWatcher.mdf,ROWS,2022-12-05 02:49:39,FRL,Max,0
SSIS01-P,FileWatcher,E:\Program Files\Microsoft SQL Server\MSSQL14.MSSQLSERVER\MSSQL\DATA\FileWatcher.mdf,ROWS,2022-12-05 02:49:39,FWL,Mean,0.003320207
SSIS01-P,FileWatcher,E:\Program Files\Microsoft SQL Server\MSSQL14.MSSQLSERVER\MSSQL\DATA\FileWatcher.mdf,ROWS,2022-12-05 02:49:39,FWL,Occurence,1439
SSIS01-P,FileWatcher,E:\Program Files\Microsoft SQL Server\MSSQL14.MSSQLSERVER\MSSQL\DATA\FileWatcher.mdf,ROWS,2022-12-05 02:49:39,FWL,Variance,0.015852187
SSIS01-P,FileWatcher,E:\Program Files\Microsoft SQL Server\MSSQL14.MSSQLSERVER\MSSQL\DATA\FileWatcher.mdf,ROWS,2022-12-05 02:49:39,FWL,Max,4.7777777
SSIS01-P,FileWatcher,E:\Program Files\Microsoft SQL Server\MSSQL14.MSSQLSERVER\MSSQL\DATA\FileWatcher_log.ldf,LOG,2022-12-05 02:49:39,FRM,Mean,0
SSIS01-P,FileWatcher,E:\Program Files\Microsoft SQL Server\MSSQL14.MSSQLSERVER\MSSQL\DATA\FileWatcher_log.ldf,LOG,2022-12-05 02:49:39,FRM,Occurence,1439
SSIS01-P,FileWatcher,E:\Program Files\Microsoft SQL Server\MSSQL14.MSSQLSERVER\MSSQL\DATA\FileWatcher_log.ldf,LOG,2022-12-05 02:49:39,FRM,Variance,0
SSIS01-P,FileWatcher,E:\Program Files\Microsoft SQL Server\MSSQL14.MSSQLSERVER\MSSQL\DATA\FileWatcher_log.ldf,LOG,2022-12-05 02:49:39,FRM,Max,0
SSIS01-P,FileWatcher,E:\Program Files\Microsoft SQL Server\MSSQL14.MSSQLSERVER\MSSQL\DATA\FileWatcher_log.ldf,LOG,2022-12-05 02:49:39,FWM,Mean,0
SSIS01-P,FileWatcher,E:\Program Files\Microsoft SQL Server\MSSQL14.MSSQLSERVER\MSSQL\DATA\FileWatcher_log.ldf,LOG,2022-12-05 02:49:39,FWM,Occurence,1439
SSIS01-P,FileWatcher,E:\Program Files\Microsoft SQL Server\MSSQL14.MSSQLSERVER\MSSQL\DATA\FileWatcher_log.ldf,LOG,2022-12-05 02:49:39,FWM,Variance,0
SSIS01-P,FileWatcher,E:\Program Files\Microsoft SQL Server\MSSQL14.MSSQLSERVER\MSSQL\DATA\FileWatcher_log.ldf,LOG,2022-12-05 02:49:39,FWM,Max,0
SSIS01-P,FileWatcher,E:\Program Files\Microsoft SQL Server\MSSQL14.MSSQLSERVER\MSSQL\DATA\FileWatcher_log.ldf,LOG,2022-12-05 02:49:39,FNW,Mean,0.092425294
SSIS01-P,FileWatcher,E:\Program Files\Microsoft SQL Server\MSSQL14.MSSQLSERVER\MSSQL\DATA\FileWatcher_log.ldf,LOG,2022-12-05 02:49:39,FNW,Occurence,1439
SSIS01-P,FileWatcher,E:\Program Files\Microsoft SQL Server\MSSQL14.MSSQLSERVER\MSSQL\DATA\FileWatcher_log.ldf,LOG,2022-12-05 02:49:39,FNW,Variance,0.36463335
SSIS01-P,FileWatcher,E:\Program Files\Microsoft SQL Server\MSSQL14.MSSQLSERVER\MSSQL\DATA\FileWatcher_log.ldf,LOG,2022-12-05 02:49:39,FNW,Max,5
SSIS01-P,FileWatcher,E:\Program Files\Microsoft SQL Server\MSSQL14.MSSQLSERVER\MSSQL\DATA\FileWatcher_log.ldf,LOG,2022-12-05 02:49:39,FNR,Mean,0
SSIS01-P,FileWatcher,E:\Program Files\Microsoft SQL Server\MSSQL14.MSSQLSERVER\MSSQL\DATA\FileWatcher_log.ldf,LOG,2022-12-05 02:49:39,FNR,Occurence,1439
SSIS01-P,FileWatcher,E:\Program Files\Microsoft SQL Server\MSSQL14.MSSQLSERVER\MSSQL\DATA\FileWatcher_log.ldf,LOG,2022-12-05 02:49:39,FNR,Variance,0
SSIS01-P,FileWatcher,E:\Program Files\Microsoft SQL Server\MSSQL14.MSSQLSERVER\MSSQL\DATA\FileWatcher_log.ldf,LOG,2022-12-05 02:49:39,FNR,Max,0
SSIS01-P,FileWatcher,E:\Program Files\Microsoft SQL Server\MSSQL14.MSSQLSERVER\MSSQL\DATA\FileWatcher_log.ldf,LOG,2022-12-05 02:49:39,FRL,Mean,0
SSIS01-P,FileWatcher,E:\Program Files\Microsoft SQL Server\MSSQL14.MSSQLSERVER\MSSQL\DATA\FileWatcher_log.ldf,LOG,2022-12-05 02:49:39,FRL,Occurence,1439
SSIS01-P,FileWatcher,E:\Program Files\Microsoft SQL Server\MSSQL14.MSSQLSERVER\MSSQL\DATA\FileWatcher_log.ldf,LOG,2022-12-05 02:49:39,FRL,Variance,0
SSIS01-P,FileWatcher,E:\Program Files\Microsoft SQL Server\MSSQL14.MSSQLSERVER\MSSQL\DATA\FileWatcher_log.ldf,LOG,2022-12-05 02:49:39,FRL,Max,0
SSIS01-P,FileWatcher,E:\Program Files\Microsoft SQL Server\MSSQL14.MSSQLSERVER\MSSQL\DATA\FileWatcher_log.ldf,LOG,2022-12-05 02:49:39,FWL,Mean,0.13961084
SSIS01-P,FileWatcher,E:\Program Files\Microsoft SQL Server\MSSQL14.MSSQLSERVER\MSSQL\DATA\FileWatcher_log.ldf,LOG,2022-12-05 02:49:39,FWL,Occurence,1439
SSIS01-P,FileWatcher,E:\Program Files\Microsoft SQL Server\MSSQL14.MSSQLSERVER\MSSQL\DATA\FileWatcher_log.ldf,LOG,2022-12-05 02:49:39,FWL,Variance,1.5703698
SSIS01-P,FileWatcher,E:\Program Files\Microsoft SQL Server\MSSQL14.MSSQLSERVER\MSSQL\DATA\FileWatcher_log.ldf,LOG,2022-12-05 02:49:39,FWL,Max,36.75
SSIS01-P,ReportServerTempDB,,,2022-12-05 03:29:19,DCS,Mean,1.99
SSIS01-P,ReportServerTempDB,,,2022-12-05 03:29:19,DCS,Occurence,39
SSIS01-P,ReportServerTempDB,,,2022-12-05 03:29:19,DCS,Variance,0
SSIS01-P,ReportServerTempDB,,,2022-12-05 03:29:19,DCS,Max,1.99
SSIS01-P,ReportServerTempDB,,,2022-12-05 03:29:19,DCP,Mean,0
SSIS01-P,ReportServerTempDB,,,2022-12-05 03:29:19,DCP,Occurence,38
SSIS01-P,ReportServerTempDB,,,2022-12-05 03:29:19,DCP,Variance,0
SSIS01-P,ReportServerTempDB,,,2022-12-05 03:29:19,DCP,Max,0
SSIS01-P,SSISDB,,,2022-12-05 03:29:19,DCS,Mean,2792.867
SSIS01-P,SSISDB,,,2022-12-05 03:29:19,DCS,Occurence,39
SSIS01-P,SSISDB,,,2022-12-05 03:29:19,DCS,Variance,3.6705792
SSIS01-P,SSISDB,,,2022-12-05 03:29:19,DCS,Max,2797.36
SSIS01-P,SSISDB,,,2022-12-05 03:29:19,DCP,Mean,0
SSIS01-P,SSISDB,,,2022-12-05 03:29:19,DCP,Occurence,38
SSIS01-P,SSISDB,,,2022-12-05 03:29:19,DCP,Variance,0
SSIS01-P,SSISDB,,,2022-12-05 03:29:19,DCP,Max,0
SSIS01-P,ReportServer,,,2022-12-05 03:29:19,DCS,Mean,3.68
SSIS01-P,ReportServer,,,2022-12-05 03:29:19,DCS,Occurence,39
SSIS01-P,ReportServer,,,2022-12-05 03:29:19,DCS,Variance,0
SSIS01-P,ReportServer,,,2022-12-05 03:29:19,DCS,Max,3.68
SSIS01-P,ReportServer,,,2022-12-05 03:29:19,DCP,Mean,100
SSIS01-P,ReportServer,,,2022-12-05 03:29:19,DCP,Occurence,38
SSIS01-P,ReportServer,,,2022-12-05 03:29:19,DCP,Variance,0
SSIS01-P,ReportServer,,,2022-12-05 03:29:19,DCP,Max,100
SSIS01-P,FileWatcher,,,2022-12-05 03:29:19,DCS,Mean,6.49
SSIS01-P,FileWatcher,,,2022-12-05 03:29:19,DCS,Occurence,39
SSIS01-P,FileWatcher,,,2022-12-05 03:29:19,DCS,Variance,0
SSIS01-P,FileWatcher,,,2022-12-05 03:29:19,DCS,Max,6.49
SSIS01-P,FileWatcher,,,2022-12-05 03:29:19,DCP,Mean,0
SSIS01-P,FileWatcher,,,2022-12-05 03:29:19,DCP,Occurence,38
SSIS01-P,FileWatcher,,,2022-12-05 03:29:19,DCP,Variance,0
SSIS01-P,FileWatcher,,,2022-12-05 03:29:19,DCP,Max,0
SSIS01-P,,,,2022-12-05 03:29:19,IM,Mean,4259
SSIS01-P,,,,2022-12-05 03:29:19,IM,Occurence,39
SSIS01-P,,,,2022-12-05 03:29:19,IM,Variance,0
SSIS01-P,,,,2022-12-05 03:29:19,IM,Max,4259
SSIS01-P,,,,2022-12-05 03:29:19,IMP,Mean,100
SSIS01-P,,,,2022-12-05 03:29:19,IMP,Occurence,39
SSIS01-P,,,,2022-12-05 03:29:19,IMP,Variance,0
SSIS01-P,,,,2022-12-05 03:29:19,IMP,Max,100
SSIS01-P,,,,2022-12-05 03:29:19,ICP,Mean,0
SSIS01-P,,,,2022-12-05 03:29:19,ICP,Occurence,39
SSIS01-P,,,,2022-12-05 03:29:19,ICP,Variance,0
SSIS01-P,,,,2022-12-05 03:29:19,ICP,Max,0
SSIS01-P,ReportServer,E:\Program Files\Microsoft SQL Server\MSSQL14.MSSQLSERVER\MSSQL\DATA\ReportServer.mdf,ROWS,2022-12-05 03:29:19,FRM,Mean,0
SSIS01-P,ReportServer,E:\Program Files\Microsoft SQL Server\MSSQL14.MSSQLSERVER\MSSQL\DATA\ReportServer.mdf,ROWS,2022-12-05 03:29:19,FRM,Occurence,38
SSIS01-P,ReportServer,E:\Program Files\Microsoft SQL Server\MSSQL14.MSSQLSERVER\MSSQL\DATA\ReportServer.mdf,ROWS,2022-12-05 03:29:19,FRM,Variance,0
SSIS01-P,ReportServer,E:\Program Files\Microsoft SQL Server\MSSQL14.MSSQLSERVER\MSSQL\DATA\ReportServer.mdf,ROWS,2022-12-05 03:29:19,FRM,Max,0
SSIS01-P,ReportServer,E:\Program Files\Microsoft SQL Server\MSSQL14.MSSQLSERVER\MSSQL\DATA\ReportServer.mdf,ROWS,2022-12-05 03:29:19,FWM,Mean,0
SSIS01-P,ReportServer,E:\Program Files\Microsoft SQL Server\MSSQL14.MSSQLSERVER\MSSQL\DATA\ReportServer.mdf,ROWS,2022-12-05 03:29:19,FWM,Occurence,38
SSIS01-P,ReportServer,E:\Program Files\Microsoft SQL Server\MSSQL14.MSSQLSERVER\MSSQL\DATA\ReportServer.mdf,ROWS,2022-12-05 03:29:19,FWM,Variance,0
SSIS01-P,ReportServer,E:\Program Files\Microsoft SQL Server\MSSQL14.MSSQLSERVER\MSSQL\DATA\ReportServer.mdf,ROWS,2022-12-05 03:29:19,FWM,Max,0
SSIS01-P,ReportServer,E:\Program Files\Microsoft SQL Server\MSSQL14.MSSQLSERVER\MSSQL\DATA\ReportServer.mdf,ROWS,2022-12-05 03:29:19,FNW,Mean,0
SSIS01-P,ReportServer,E:\Program Files\Microsoft SQL Server\MSSQL14.MSSQLSERVER\MSSQL\DATA\ReportServer.mdf,ROWS,2022-12-05 03:29:19,FNW,Occurence,38
SSIS01-P,ReportServer,E:\Program Files\Microsoft SQL Server\MSSQL14.MSSQLSERVER\MSSQL\DATA\ReportServer.mdf,ROWS,2022-12-05 03:29:19,FNW,Variance,0
SSIS01-P,ReportServer,E:\Program Files\Microsoft SQL Server\MSSQL14.MSSQLSERVER\MSSQL\DATA\ReportServer.mdf,ROWS,2022-12-05 03:29:19,FNW,Max,0
SSIS01-P,ReportServer,E:\Program Files\Microsoft SQL Server\MSSQL14.MSSQLSERVER\MSSQL\DATA\ReportServer.mdf,ROWS,2022-12-05 03:29:19,FNR,Mean,0
SSIS01-P,ReportServer,E:\Program Files\Microsoft SQL Server\MSSQL14.MSSQLSERVER\MSSQL\DATA\ReportServer.mdf,ROWS,2022-12-05 03:29:19,FNR,Occurence,38
SSIS01-P,ReportServer,E:\Program Files\Microsoft SQL Server\MSSQL14.MSSQLSERVER\MSSQL\DATA\ReportServer.mdf,ROWS,2022-12-05 03:29:19,FNR,Variance,0
SSIS01-P,ReportServer,E:\Program Files\Microsoft SQL Server\MSSQL14.MSSQLSERVER\MSSQL\DATA\ReportServer.mdf,ROWS,2022-12-05 03:29:19,FNR,Max,0
SSIS01-P,ReportServer,E:\Program Files\Microsoft SQL Server\MSSQL14.MSSQLSERVER\MSSQL\DATA\ReportServer.mdf,ROWS,2022-12-05 03:29:19,FRL,Mean,0
SSIS01-P,ReportServer,E:\Program Files\Microsoft SQL Server\MSSQL14.MSSQLSERVER\MSSQL\DATA\ReportServer.mdf,ROWS,2022-12-05 03:29:19,FRL,Occurence,38
SSIS01-P,ReportServer,E:\Program Files\Microsoft SQL Server\MSSQL14.MSSQLSERVER\MSSQL\DATA\ReportServer.mdf,ROWS,2022-12-05 03:29:19,FRL,Variance,0
SSIS01-P,ReportServer,E:\Program Files\Microsoft SQL Server\MSSQL14.MSSQLSERVER\MSSQL\DATA\ReportServer.mdf,ROWS,2022-12-05 03:29:19,FRL,Max,0
SSIS01-P,ReportServer,E:\Program Files\Microsoft SQL Server\MSSQL14.MSSQLSERVER\MSSQL\DATA\ReportServer.mdf,ROWS,2022-12-05 03:29:19,FWL,Mean,0
SSIS01-P,ReportServer,E:\Program Files\Microsoft SQL Server\MSSQL14.MSSQLSERVER\MSSQL\DATA\ReportServer.mdf,ROWS,2022-12-05 03:29:19,FWL,Occurence,38
SSIS01-P,ReportServer,E:\Program Files\Microsoft SQL Server\MSSQL14.MSSQLSERVER\MSSQL\DATA\ReportServer.mdf,ROWS,2022-12-05 03:29:19,FWL,Variance,0
SSIS01-P,ReportServer,E:\Program Files\Microsoft SQL Server\MSSQL14.MSSQLSERVER\MSSQL\DATA\ReportServer.mdf,ROWS,2022-12-05 03:29:19,FWL,Max,0
SSIS01-P,ReportServer,E:\Program Files\Microsoft SQL Server\MSSQL14.MSSQLSERVER\MSSQL\DATA\ReportServer_log.ldf,LOG,2022-12-05 03:29:19,FRM,Mean,0
SSIS01-P,ReportServer,E:\Program Files\Microsoft SQL Server\MSSQL14.MSSQLSERVER\MSSQL\DATA\ReportServer_log.ldf,LOG,2022-12-05 03:29:19,FRM,Occurence,38
SSIS01-P,ReportServer,E:\Program Files\Microsoft SQL Server\MSSQL14.MSSQLSERVER\MSSQL\DATA\ReportServer_log.ldf,LOG,2022-12-05 03:29:19,FRM,Variance,0
SSIS01-P,ReportServer,E:\Program Files\Microsoft SQL Server\MSSQL14.MSSQLSERVER\MSSQL\DATA\ReportServer_log.ldf,LOG,2022-12-05 03:29:19,FRM,Max,0
SSIS01-P,ReportServer,E:\Program Files\Microsoft SQL Server\MSSQL14.MSSQLSERVER\MSSQL\DATA\ReportServer_log.ldf,LOG,2022-12-05 03:29:19,FWM,Mean,0
SSIS01-P,ReportServer,E:\Program Files\Microsoft SQL Server\MSSQL14.MSSQLSERVER\MSSQL\DATA\ReportServer_log.ldf,LOG,2022-12-05 03:29:19,FWM,Occurence,38
SSIS01-P,ReportServer,E:\Program Files\Microsoft SQL Server\MSSQL14.MSSQLSERVER\MSSQL\DATA\ReportServer_log.ldf,LOG,2022-12-05 03:29:19,FWM,Variance,0
SSIS01-P,ReportServer,E:\Program Files\Microsoft SQL Server\MSSQL14.MSSQLSERVER\MSSQL\DATA\ReportServer_log.ldf,LOG,2022-12-05 03:29:19,FWM,Max,0
SSIS01-P,ReportServer,E:\Program Files\Microsoft SQL Server\MSSQL14.MSSQLSERVER\MSSQL\DATA\ReportServer_log.ldf,LOG,2022-12-05 03:29:19,FNW,Mean,0
SSIS01-P,ReportServer,E:\Program Files\Microsoft SQL Server\MSSQL14.MSSQLSERVER\MSSQL\DATA\ReportServer_log.ldf,LOG,2022-12-05 03:29:19,FNW,Occurence,38
SSIS01-P,ReportServer,E:\Program Files\Microsoft SQL Server\MSSQL14.MSSQLSERVER\MSSQL\DATA\ReportServer_log.ldf,LOG,2022-12-05 03:29:19,FNW,Variance,0
SSIS01-P,ReportServer,E:\Program Files\Microsoft SQL Server\MSSQL14.MSSQLSERVER\MSSQL\DATA\ReportServer_log.ldf,LOG,2022-12-05 03:29:19,FNW,Max,0
SSIS01-P,ReportServer,E:\Program Files\Microsoft SQL Server\MSSQL14.MSSQLSERVER\MSSQL\DATA\ReportServer_log.ldf,LOG,2022-12-05 03:29:19,FNR,Mean,0
SSIS01-P,ReportServer,E:\Program Files\Microsoft SQL Server\MSSQL14.MSSQLSERVER\MSSQL\DATA\ReportServer_log.ldf,LOG,2022-12-05 03:29:19,FNR,Occurence,38
SSIS01-P,ReportServer,E:\Program Files\Microsoft SQL Server\MSSQL14.MSSQLSERVER\MSSQL\DATA\ReportServer_log.ldf,LOG,2022-12-05 03:29:19,FNR,Variance,0
SSIS01-P,ReportServer,E:\Program Files\Microsoft SQL Server\MSSQL14.MSSQLSERVER\MSSQL\DATA\ReportServer_log.ldf,LOG,2022-12-05 03:29:19,FNR,Max,0
SSIS01-P,ReportServer,E:\Program Files\Microsoft SQL Server\MSSQL14.MSSQLSERVER\MSSQL\DATA\ReportServer_log.ldf,LOG,2022-12-05 03:29:19,FRL,Mean,0
SSIS01-P,ReportServer,E:\Program Files\Microsoft SQL Server\MSSQL14.MSSQLSERVER\MSSQL\DATA\ReportServer_log.ldf,LOG,2022-12-05 03:29:19,FRL,Occurence,38
SSIS01-P,ReportServer,E:\Program Files\Microsoft SQL Server\MSSQL14.MSSQLSERVER\MSSQL\DATA\ReportServer_log.ldf,LOG,2022-12-05 03:29:19,FRL,Variance,0
SSIS01-P,ReportServer,E:\Program Files\Microsoft SQL Server\MSSQL14.MSSQLSERVER\MSSQL\DATA\ReportServer_log.ldf,LOG,2022-12-05 03:29:19,FRL,Max,0
SSIS01-P,ReportServer,E:\Program Files\Microsoft SQL Server\MSSQL14.MSSQLSERVER\MSSQL\DATA\ReportServer_log.ldf,LOG,2022-12-05 03:29:19,FWL,Mean,0
SSIS01-P,ReportServer,E:\Program Files\Microsoft SQL Server\MSSQL14.MSSQLSERVER\MSSQL\DATA\ReportServer_log.ldf,LOG,2022-12-05 03:29:19,FWL,Occurence,38
SSIS01-P,ReportServer,E:\Program Files\Microsoft SQL Server\MSSQL14.MSSQLSERVER\MSSQL\DATA\ReportServer_log.ldf,LOG,2022-12-05 03:29:19,FWL,Variance,0
SSIS01-P,ReportServer,E:\Program Files\Microsoft SQL Server\MSSQL14.MSSQLSERVER\MSSQL\DATA\ReportServer_log.ldf,LOG,2022-12-05 03:29:19,FWL,Max,0
SSIS01-P,ReportServerTempDB,E:\Program Files\Microsoft SQL Server\MSSQL14.MSSQLSERVER\MSSQL\DATA\ReportServerTempDB.mdf,ROWS,2022-12-05 03:29:19,FRM,Mean,0
SSIS01-P,ReportServerTempDB,E:\Program Files\Microsoft SQL Server\MSSQL14.MSSQLSERVER\MSSQL\DATA\ReportServerTempDB.mdf,ROWS,2022-12-05 03:29:19,FRM,Occurence,38
SSIS01-P,ReportServerTempDB,E:\Program Files\Microsoft SQL Server\MSSQL14.MSSQLSERVER\MSSQL\DATA\ReportServerTempDB.mdf,ROWS,2022-12-05 03:29:19,FRM,Variance,0
SSIS01-P,ReportServerTempDB,E:\Program Files\Microsoft SQL Server\MSSQL14.MSSQLSERVER\MSSQL\DATA\ReportServerTempDB.mdf,ROWS,2022-12-05 03:29:19,FRM,Max,0
SSIS01-P,ReportServerTempDB,E:\Program Files\Microsoft SQL Server\MSSQL14.MSSQLSERVER\MSSQL\DATA\ReportServerTempDB.mdf,ROWS,2022-12-05 03:29:19,FWM,Mean,0
SSIS01-P,ReportServerTempDB,E:\Program Files\Microsoft SQL Server\MSSQL14.MSSQLSERVER\MSSQL\DATA\ReportServerTempDB.mdf,ROWS,2022-12-05 03:29:19,FWM,Occurence,38
SSIS01-P,ReportServerTempDB,E:\Program Files\Microsoft SQL Server\MSSQL14.MSSQLSERVER\MSSQL\DATA\ReportServerTempDB.mdf,ROWS,2022-12-05 03:29:19,FWM,Variance,0
SSIS01-P,ReportServerTempDB,E:\Program Files\Microsoft SQL Server\MSSQL14.MSSQLSERVER\MSSQL\DATA\ReportServerTempDB.mdf,ROWS,2022-12-05 03:29:19,FWM,Max,0
SSIS01-P,ReportServerTempDB,E:\Program Files\Microsoft SQL Server\MSSQL14.MSSQLSERVER\MSSQL\DATA\ReportServerTempDB.mdf,ROWS,2022-12-05 03:29:19,FNW,Mean,0
SSIS01-P,ReportServerTempDB,E:\Program Files\Microsoft SQL Server\MSSQL14.MSSQLSERVER\MSSQL\DATA\ReportServerTempDB.mdf,ROWS,2022-12-05 03:29:19,FNW,Occurence,38
SSIS01-P,ReportServerTempDB,E:\Program Files\Microsoft SQL Server\MSSQL14.MSSQLSERVER\MSSQL\DATA\ReportServerTempDB.mdf,ROWS,2022-12-05 03:29:19,FNW,Variance,0
SSIS01-P,ReportServerTempDB,E:\Program Files\Microsoft SQL Server\MSSQL14.MSSQLSERVER\MSSQL\DATA\ReportServerTempDB.mdf,ROWS,2022-12-05 03:29:19,FNW,Max,0
SSIS01-P,ReportServerTempDB,E:\Program Files\Microsoft SQL Server\MSSQL14.MSSQLSERVER\MSSQL\DATA\ReportServerTempDB.mdf,ROWS,2022-12-05 03:29:19,FNR,Mean,0
SSIS01-P,ReportServerTempDB,E:\Program Files\Microsoft SQL Server\MSSQL14.MSSQLSERVER\MSSQL\DATA\ReportServerTempDB.mdf,ROWS,2022-12-05 03:29:19,FNR,Occurence,38
SSIS01-P,ReportServerTempDB,E:\Program Files\Microsoft SQL Server\MSSQL14.MSSQLSERVER\MSSQL\DATA\ReportServerTempDB.mdf,ROWS,2022-12-05 03:29:19,FNR,Variance,0
SSIS01-P,ReportServerTempDB,E:\Program Files\Microsoft SQL Server\MSSQL14.MSSQLSERVER\MSSQL\DATA\ReportServerTempDB.mdf,ROWS,2022-12-05 03:29:19,FNR,Max,0
SSIS01-P,ReportServerTempDB,E:\Program Files\Microsoft SQL Server\MSSQL14.MSSQLSERVER\MSSQL\DATA\ReportServerTempDB.mdf,ROWS,2022-12-05 03:29:19,FRL,Mean,0
SSIS01-P,ReportServerTempDB,E:\Program Files\Microsoft SQL Server\MSSQL14.MSSQLSERVER\MSSQL\DATA\ReportServerTempDB.mdf,ROWS,2022-12-05 03:29:19,FRL,Occurence,38
SSIS01-P,ReportServerTempDB,E:\Program Files\Microsoft SQL Server\MSSQL14.MSSQLSERVER\MSSQL\DATA\ReportServerTempDB.mdf,ROWS,2022-12-05 03:29:19,FRL,Variance,0
SSIS01-P,ReportServerTempDB,E:\Program Files\Microsoft SQL Server\MSSQL14.MSSQLSERVER\MSSQL\DATA\ReportServerTempDB.mdf,ROWS,2022-12-05 03:29:19,FRL,Max,0
SSIS01-P,ReportServerTempDB,E:\Program Files\Microsoft SQL Server\MSSQL14.MSSQLSERVER\MSSQL\DATA\ReportServerTempDB.mdf,ROWS,2022-12-05 03:29:19,FWL,Mean,0
SSIS01-P,ReportServerTempDB,E:\Program Files\Microsoft SQL Server\MSSQL14.MSSQLSERVER\MSSQL\DATA\ReportServerTempDB.mdf,ROWS,2022-12-05 03:29:19,FWL,Occurence,38
SSIS01-P,ReportServerTempDB,E:\Program Files\Microsoft SQL Server\MSSQL14.MSSQLSERVER\MSSQL\DATA\ReportServerTempDB.mdf,ROWS,2022-12-05 03:29:19,FWL,Variance,0
SSIS01-P,ReportServerTempDB,E:\Program Files\Microsoft SQL Server\MSSQL14.MSSQLSERVER\MSSQL\DATA\ReportServerTempDB.mdf,ROWS,2022-12-05 03:29:19,FWL,Max,0
SSIS01-P,ReportServerTempDB,E:\Program Files\Microsoft SQL Server\MSSQL14.MSSQLSERVER\MSSQL\DATA\ReportServerTempDB_log.ldf,LOG,2022-12-05 03:29:19,FRM,Mean,0
SSIS01-P,ReportServerTempDB,E:\Program Files\Microsoft SQL Server\MSSQL14.MSSQLSERVER\MSSQL\DATA\ReportServerTempDB_log.ldf,LOG,2022-12-05 03:29:19,FRM,Occurence,38
SSIS01-P,ReportServerTempDB,E:\Program Files\Microsoft SQL Server\MSSQL14.MSSQLSERVER\MSSQL\DATA\ReportServerTempDB_log.ldf,LOG,2022-12-05 03:29:19,FRM,Variance,0
SSIS01-P,ReportServerTempDB,E:\Program Files\Microsoft SQL Server\MSSQL14.MSSQLSERVER\MSSQL\DATA\ReportServerTempDB_log.ldf,LOG,2022-12-05 03:29:19,FRM,Max,0
SSIS01-P,ReportServerTempDB,E:\Program Files\Microsoft SQL Server\MSSQL14.MSSQLSERVER\MSSQL\DATA\ReportServerTempDB_log.ldf,LOG,2022-12-05 03:29:19,FWM,Mean,0
SSIS01-P,ReportServerTempDB,E:\Program Files\Microsoft SQL Server\MSSQL14.MSSQLSERVER\MSSQL\DATA\ReportServerTempDB_log.ldf,LOG,2022-12-05 03:29:19,FWM,Occurence,38
SSIS01-P,ReportServerTempDB,E:\Program Files\Microsoft SQL Server\MSSQL14.MSSQLSERVER\MSSQL\DATA\ReportServerTempDB_log.ldf,LOG,2022-12-05 03:29:19,FWM,Variance,0
SSIS01-P,ReportServerTempDB,E:\Program Files\Microsoft SQL Server\MSSQL14.MSSQLSERVER\MSSQL\DATA\ReportServerTempDB_log.ldf,LOG,2022-12-05 03:29:19,FWM,Max,0
SSIS01-P,ReportServerTempDB,E:\Program Files\Microsoft SQL Server\MSSQL14.MSSQLSERVER\MSSQL\DATA\ReportServerTempDB_log.ldf,LOG,2022-12-05 03:29:19,FNW,Mean,0
SSIS01-P,ReportServerTempDB,E:\Program Files\Microsoft SQL Server\MSSQL14.MSSQLSERVER\MSSQL\DATA\ReportServerTempDB_log.ldf,LOG,2022-12-05 03:29:19,FNW,Occurence,38
SSIS01-P,ReportServerTempDB,E:\Program Files\Microsoft SQL Server\MSSQL14.MSSQLSERVER\MSSQL\DATA\ReportServerTempDB_log.ldf,LOG,2022-12-05 03:29:19,FNW,Variance,0
SSIS01-P,ReportServerTempDB,E:\Program Files\Microsoft SQL Server\MSSQL14.MSSQLSERVER\MSSQL\DATA\ReportServerTempDB_log.ldf,LOG,2022-12-05 03:29:19,FNW,Max,0
SSIS01-P,ReportServerTempDB,E:\Program Files\Microsoft SQL Server\MSSQL14.MSSQLSERVER\MSSQL\DATA\ReportServerTempDB_log.ldf,LOG,2022-12-05 03:29:19,FNR,Mean,0
SSIS01-P,ReportServerTempDB,E:\Program Files\Microsoft SQL Server\MSSQL14.MSSQLSERVER\MSSQL\DATA\ReportServerTempDB_log.ldf,LOG,2022-12-05 03:29:19,FNR,Occurence,38
SSIS01-P,ReportServerTempDB,E:\Program Files\Microsoft SQL Server\MSSQL14.MSSQLSERVER\MSSQL\DATA\ReportServerTempDB_log.ldf,LOG,2022-12-05 03:29:19,FNR,Variance,0
SSIS01-P,ReportServerTempDB,E:\Program Files\Microsoft SQL Server\MSSQL14.MSSQLSERVER\MSSQL\DATA\ReportServerTempDB_log.ldf,LOG,2022-12-05 03:29:19,FNR,Max,0
SSIS01-P,ReportServerTempDB,E:\Program Files\Microsoft SQL Server\MSSQL14.MSSQLSERVER\MSSQL\DATA\ReportServerTempDB_log.ldf,LOG,2022-12-05 03:29:19,FRL,Mean,0
SSIS01-P,ReportServerTempDB,E:\Program Files\Microsoft SQL Server\MSSQL14.MSSQLSERVER\MSSQL\DATA\ReportServerTempDB_log.ldf,LOG,2022-12-05 03:29:19,FRL,Occurence,38
SSIS01-P,ReportServerTempDB,E:\Program Files\Microsoft SQL Server\MSSQL14.MSSQLSERVER\MSSQL\DATA\ReportServerTempDB_log.ldf,LOG,2022-12-05 03:29:19,FRL,Variance,0
SSIS01-P,ReportServerTempDB,E:\Program Files\Microsoft SQL Server\MSSQL14.MSSQLSERVER\MSSQL\DATA\ReportServerTempDB_log.ldf,LOG,2022-12-05 03:29:19,FRL,Max,0
SSIS01-P,ReportServerTempDB,E:\Program Files\Microsoft SQL Server\MSSQL14.MSSQLSERVER\MSSQL\DATA\ReportServerTempDB_log.ldf,LOG,2022-12-05 03:29:19,FWL,Mean,0
SSIS01-P,ReportServerTempDB,E:\Program Files\Microsoft SQL Server\MSSQL14.MSSQLSERVER\MSSQL\DATA\ReportServerTempDB_log.ldf,LOG,2022-12-05 03:29:19,FWL,Occurence,38
SSIS01-P,ReportServerTempDB,E:\Program Files\Microsoft SQL Server\MSSQL14.MSSQLSERVER\MSSQL\DATA\ReportServerTempDB_log.ldf,LOG,2022-12-05 03:29:19,FWL,Variance,0
SSIS01-P,ReportServerTempDB,E:\Program Files\Microsoft SQL Server\MSSQL14.MSSQLSERVER\MSSQL\DATA\ReportServerTempDB_log.ldf,LOG,2022-12-05 03:29:19,FWL,Max,0
SSIS01-P,SSISDB,E:\Program Files\Microsoft SQL Server\MSSQL14.MSSQLSERVER\MSSQL\DATA\SSISDB.mdf,ROWS,2022-12-05 03:29:19,FRM,Mean,0
SSIS01-P,SSISDB,E:\Program Files\Microsoft SQL Server\MSSQL14.MSSQLSERVER\MSSQL\DATA\SSISDB.mdf,ROWS,2022-12-05 03:29:19,FRM,Occurence,38
SSIS01-P,SSISDB,E:\Program Files\Microsoft SQL Server\MSSQL14.MSSQLSERVER\MSSQL\DATA\SSISDB.mdf,ROWS,2022-12-05 03:29:19,FRM,Variance,0
SSIS01-P,SSISDB,E:\Program Files\Microsoft SQL Server\MSSQL14.MSSQLSERVER\MSSQL\DATA\SSISDB.mdf,ROWS,2022-12-05 03:29:19,FRM,Max,0
SSIS01-P,SSISDB,E:\Program Files\Microsoft SQL Server\MSSQL14.MSSQLSERVER\MSSQL\DATA\SSISDB.mdf,ROWS,2022-12-05 03:29:19,FWM,Mean,0
SSIS01-P,SSISDB,E:\Program Files\Microsoft SQL Server\MSSQL14.MSSQLSERVER\MSSQL\DATA\SSISDB.mdf,ROWS,2022-12-05 03:29:19,FWM,Occurence,38
SSIS01-P,SSISDB,E:\Program Files\Microsoft SQL Server\MSSQL14.MSSQLSERVER\MSSQL\DATA\SSISDB.mdf,ROWS,2022-12-05 03:29:19,FWM,Variance,0
SSIS01-P,SSISDB,E:\Program Files\Microsoft SQL Server\MSSQL14.MSSQLSERVER\MSSQL\DATA\SSISDB.mdf,ROWS,2022-12-05 03:29:19,FWM,Max,0
SSIS01-P,SSISDB,E:\Program Files\Microsoft SQL Server\MSSQL14.MSSQLSERVER\MSSQL\DATA\SSISDB.mdf,ROWS,2022-12-05 03:29:19,FNW,Mean,0
SSIS01-P,SSISDB,E:\Program Files\Microsoft SQL Server\MSSQL14.MSSQLSERVER\MSSQL\DATA\SSISDB.mdf,ROWS,2022-12-05 03:29:19,FNW,Occurence,38
SSIS01-P,SSISDB,E:\Program Files\Microsoft SQL Server\MSSQL14.MSSQLSERVER\MSSQL\DATA\SSISDB.mdf,ROWS,2022-12-05 03:29:19,FNW,Variance,0
SSIS01-P,SSISDB,E:\Program Files\Microsoft SQL Server\MSSQL14.MSSQLSERVER\MSSQL\DATA\SSISDB.mdf,ROWS,2022-12-05 03:29:19,FNW,Max,0
SSIS01-P,SSISDB,E:\Program Files\Microsoft SQL Server\MSSQL14.MSSQLSERVER\MSSQL\DATA\SSISDB.mdf,ROWS,2022-12-05 03:29:19,FNR,Mean,0
SSIS01-P,SSISDB,E:\Program Files\Microsoft SQL Server\MSSQL14.MSSQLSERVER\MSSQL\DATA\SSISDB.mdf,ROWS,2022-12-05 03:29:19,FNR,Occurence,38
SSIS01-P,SSISDB,E:\Program Files\Microsoft SQL Server\MSSQL14.MSSQLSERVER\MSSQL\DATA\SSISDB.mdf,ROWS,2022-12-05 03:29:19,FNR,Variance,0
SSIS01-P,SSISDB,E:\Program Files\Microsoft SQL Server\MSSQL14.MSSQLSERVER\MSSQL\DATA\SSISDB.mdf,ROWS,2022-12-05 03:29:19,FNR,Max,0
SSIS01-P,SSISDB,E:\Program Files\Microsoft SQL Server\MSSQL14.MSSQLSERVER\MSSQL\DATA\SSISDB.mdf,ROWS,2022-12-05 03:29:19,FRL,Mean,0
SSIS01-P,SSISDB,E:\Program Files\Microsoft SQL Server\MSSQL14.MSSQLSERVER\MSSQL\DATA\SSISDB.mdf,ROWS,2022-12-05 03:29:19,FRL,Occurence,38
SSIS01-P,SSISDB,E:\Program Files\Microsoft SQL Server\MSSQL14.MSSQLSERVER\MSSQL\DATA\SSISDB.mdf,ROWS,2022-12-05 03:29:19,FRL,Variance,0
SSIS01-P,SSISDB,E:\Program Files\Microsoft SQL Server\MSSQL14.MSSQLSERVER\MSSQL\DATA\SSISDB.mdf,ROWS,2022-12-05 03:29:19,FRL,Max,0
SSIS01-P,SSISDB,E:\Program Files\Microsoft SQL Server\MSSQL14.MSSQLSERVER\MSSQL\DATA\SSISDB.mdf,ROWS,2022-12-05 03:29:19,FWL,Mean,0
SSIS01-P,SSISDB,E:\Program Files\Microsoft SQL Server\MSSQL14.MSSQLSERVER\MSSQL\DATA\SSISDB.mdf,ROWS,2022-12-05 03:29:19,FWL,Occurence,38
SSIS01-P,SSISDB,E:\Program Files\Microsoft SQL Server\MSSQL14.MSSQLSERVER\MSSQL\DATA\SSISDB.mdf,ROWS,2022-12-05 03:29:19,FWL,Variance,0
SSIS01-P,SSISDB,E:\Program Files\Microsoft SQL Server\MSSQL14.MSSQLSERVER\MSSQL\DATA\SSISDB.mdf,ROWS,2022-12-05 03:29:19,FWL,Max,0
SSIS01-P,SSISDB,E:\Program Files\Microsoft SQL Server\MSSQL14.MSSQLSERVER\MSSQL\DATA\SSISDB.ldf,LOG,2022-12-05 03:29:19,FRM,Mean,0
SSIS01-P,SSISDB,E:\Program Files\Microsoft SQL Server\MSSQL14.MSSQLSERVER\MSSQL\DATA\SSISDB.ldf,LOG,2022-12-05 03:29:19,FRM,Occurence,38
SSIS01-P,SSISDB,E:\Program Files\Microsoft SQL Server\MSSQL14.MSSQLSERVER\MSSQL\DATA\SSISDB.ldf,LOG,2022-12-05 03:29:19,FRM,Variance,0
SSIS01-P,SSISDB,E:\Program Files\Microsoft SQL Server\MSSQL14.MSSQLSERVER\MSSQL\DATA\SSISDB.ldf,LOG,2022-12-05 03:29:19,FRM,Max,0
SSIS01-P,SSISDB,E:\Program Files\Microsoft SQL Server\MSSQL14.MSSQLSERVER\MSSQL\DATA\SSISDB.ldf,LOG,2022-12-05 03:29:19,FWM,Mean,0
SSIS01-P,SSISDB,E:\Program Files\Microsoft SQL Server\MSSQL14.MSSQLSERVER\MSSQL\DATA\SSISDB.ldf,LOG,2022-12-05 03:29:19,FWM,Occurence,38
SSIS01-P,SSISDB,E:\Program Files\Microsoft SQL Server\MSSQL14.MSSQLSERVER\MSSQL\DATA\SSISDB.ldf,LOG,2022-12-05 03:29:19,FWM,Variance,0
SSIS01-P,SSISDB,E:\Program Files\Microsoft SQL Server\MSSQL14.MSSQLSERVER\MSSQL\DATA\SSISDB.ldf,LOG,2022-12-05 03:29:19,FWM,Max,0
SSIS01-P,SSISDB,E:\Program Files\Microsoft SQL Server\MSSQL14.MSSQLSERVER\MSSQL\DATA\SSISDB.ldf,LOG,2022-12-05 03:29:19,FNW,Mean,0
SSIS01-P,SSISDB,E:\Program Files\Microsoft SQL Server\MSSQL14.MSSQLSERVER\MSSQL\DATA\SSISDB.ldf,LOG,2022-12-05 03:29:19,FNW,Occurence,38
SSIS01-P,SSISDB,E:\Program Files\Microsoft SQL Server\MSSQL14.MSSQLSERVER\MSSQL\DATA\SSISDB.ldf,LOG,2022-12-05 03:29:19,FNW,Variance,0
SSIS01-P,SSISDB,E:\Program Files\Microsoft SQL Server\MSSQL14.MSSQLSERVER\MSSQL\DATA\SSISDB.ldf,LOG,2022-12-05 03:29:19,FNW,Max,0
SSIS01-P,SSISDB,E:\Program Files\Microsoft SQL Server\MSSQL14.MSSQLSERVER\MSSQL\DATA\SSISDB.ldf,LOG,2022-12-05 03:29:19,FNR,Mean,0
SSIS01-P,SSISDB,E:\Program Files\Microsoft SQL Server\MSSQL14.MSSQLSERVER\MSSQL\DATA\SSISDB.ldf,LOG,2022-12-05 03:29:19,FNR,Occurence,38
SSIS01-P,SSISDB,E:\Program Files\Microsoft SQL Server\MSSQL14.MSSQLSERVER\MSSQL\DATA\SSISDB.ldf,LOG,2022-12-05 03:29:19,FNR,Variance,0
SSIS01-P,SSISDB,E:\Program Files\Microsoft SQL Server\MSSQL14.MSSQLSERVER\MSSQL\DATA\SSISDB.ldf,LOG,2022-12-05 03:29:19,FNR,Max,0
SSIS01-P,SSISDB,E:\Program Files\Microsoft SQL Server\MSSQL14.MSSQLSERVER\MSSQL\DATA\SSISDB.ldf,LOG,2022-12-05 03:29:19,FRL,Mean,0
SSIS01-P,SSISDB,E:\Program Files\Microsoft SQL Server\MSSQL14.MSSQLSERVER\MSSQL\DATA\SSISDB.ldf,LOG,2022-12-05 03:29:19,FRL,Occurence,38
SSIS01-P,SSISDB,E:\Program Files\Microsoft SQL Server\MSSQL14.MSSQLSERVER\MSSQL\DATA\SSISDB.ldf,LOG,2022-12-05 03:29:19,FRL,Variance,0
SSIS01-P,SSISDB,E:\Program Files\Microsoft SQL Server\MSSQL14.MSSQLSERVER\MSSQL\DATA\SSISDB.ldf,LOG,2022-12-05 03:29:19,FRL,Max,0
SSIS01-P,SSISDB,E:\Program Files\Microsoft SQL Server\MSSQL14.MSSQLSERVER\MSSQL\DATA\SSISDB.ldf,LOG,2022-12-05 03:29:19,FWL,Mean,0
SSIS01-P,SSISDB,E:\Program Files\Microsoft SQL Server\MSSQL14.MSSQLSERVER\MSSQL\DATA\SSISDB.ldf,LOG,2022-12-05 03:29:19,FWL,Occurence,38
SSIS01-P,SSISDB,E:\Program Files\Microsoft SQL Server\MSSQL14.MSSQLSERVER\MSSQL\DATA\SSISDB.ldf,LOG,2022-12-05 03:29:19,FWL,Variance,0
SSIS01-P,SSISDB,E:\Program Files\Microsoft SQL Server\MSSQL14.MSSQLSERVER\MSSQL\DATA\SSISDB.ldf,LOG,2022-12-05 03:29:19,FWL,Max,0
SSIS01-P,FileWatcher,E:\Program Files\Microsoft SQL Server\MSSQL14.MSSQLSERVER\MSSQL\DATA\FileWatcher.mdf,ROWS,2022-12-05 03:29:19,FRM,Mean,0
SSIS01-P,FileWatcher,E:\Program Files\Microsoft SQL Server\MSSQL14.MSSQLSERVER\MSSQL\DATA\FileWatcher.mdf,ROWS,2022-12-05 03:29:19,FRM,Occurence,38
SSIS01-P,FileWatcher,E:\Program Files\Microsoft SQL Server\MSSQL14.MSSQLSERVER\MSSQL\DATA\FileWatcher.mdf,ROWS,2022-12-05 03:29:19,FRM,Variance,0
SSIS01-P,FileWatcher,E:\Program Files\Microsoft SQL Server\MSSQL14.MSSQLSERVER\MSSQL\DATA\FileWatcher.mdf,ROWS,2022-12-05 03:29:19,FRM,Max,0
SSIS01-P,FileWatcher,E:\Program Files\Microsoft SQL Server\MSSQL14.MSSQLSERVER\MSSQL\DATA\FileWatcher.mdf,ROWS,2022-12-05 03:29:19,FWM,Mean,0
SSIS01-P,FileWatcher,E:\Program Files\Microsoft SQL Server\MSSQL14.MSSQLSERVER\MSSQL\DATA\FileWatcher.mdf,ROWS,2022-12-05 03:29:19,FWM,Occurence,38
SSIS01-P,FileWatcher,E:\Program Files\Microsoft SQL Server\MSSQL14.MSSQLSERVER\MSSQL\DATA\FileWatcher.mdf,ROWS,2022-12-05 03:29:19,FWM,Variance,0
SSIS01-P,FileWatcher,E:\Program Files\Microsoft SQL Server\MSSQL14.MSSQLSERVER\MSSQL\DATA\FileWatcher.mdf,ROWS,2022-12-05 03:29:19,FWM,Max,0
SSIS01-P,FileWatcher,E:\Program Files\Microsoft SQL Server\MSSQL14.MSSQLSERVER\MSSQL\DATA\FileWatcher.mdf,ROWS,2022-12-05 03:29:19,FNW,Mean,0
SSIS01-P,FileWatcher,E:\Program Files\Microsoft SQL Server\MSSQL14.MSSQLSERVER\MSSQL\DATA\FileWatcher.mdf,ROWS,2022-12-05 03:29:19,FNW,Occurence,38
SSIS01-P,FileWatcher,E:\Program Files\Microsoft SQL Server\MSSQL14.MSSQLSERVER\MSSQL\DATA\FileWatcher.mdf,ROWS,2022-12-05 03:29:19,FNW,Variance,0
SSIS01-P,FileWatcher,E:\Program Files\Microsoft SQL Server\MSSQL14.MSSQLSERVER\MSSQL\DATA\FileWatcher.mdf,ROWS,2022-12-05 03:29:19,FNW,Max,0
SSIS01-P,FileWatcher,E:\Program Files\Microsoft SQL Server\MSSQL14.MSSQLSERVER\MSSQL\DATA\FileWatcher.mdf,ROWS,2022-12-05 03:29:19,FNR,Mean,0
SSIS01-P,FileWatcher,E:\Program Files\Microsoft SQL Server\MSSQL14.MSSQLSERVER\MSSQL\DATA\FileWatcher.mdf,ROWS,2022-12-05 03:29:19,FNR,Occurence,38
SSIS01-P,FileWatcher,E:\Program Files\Microsoft SQL Server\MSSQL14.MSSQLSERVER\MSSQL\DATA\FileWatcher.mdf,ROWS,2022-12-05 03:29:19,FNR,Variance,0
SSIS01-P,FileWatcher,E:\Program Files\Microsoft SQL Server\MSSQL14.MSSQLSERVER\MSSQL\DATA\FileWatcher.mdf,ROWS,2022-12-05 03:29:19,FNR,Max,0
SSIS01-P,FileWatcher,E:\Program Files\Microsoft SQL Server\MSSQL14.MSSQLSERVER\MSSQL\DATA\FileWatcher.mdf,ROWS,2022-12-05 03:29:19,FRL,Mean,0
SSIS01-P,FileWatcher,E:\Program Files\Microsoft SQL Server\MSSQL14.MSSQLSERVER\MSSQL\DATA\FileWatcher.mdf,ROWS,2022-12-05 03:29:19,FRL,Occurence,38
SSIS01-P,FileWatcher,E:\Program Files\Microsoft SQL Server\MSSQL14.MSSQLSERVER\MSSQL\DATA\FileWatcher.mdf,ROWS,2022-12-05 03:29:19,FRL,Variance,0
SSIS01-P,FileWatcher,E:\Program Files\Microsoft SQL Server\MSSQL14.MSSQLSERVER\MSSQL\DATA\FileWatcher.mdf,ROWS,2022-12-05 03:29:19,FRL,Max,0
SSIS01-P,FileWatcher,E:\Program Files\Microsoft SQL Server\MSSQL14.MSSQLSERVER\MSSQL\DATA\FileWatcher.mdf,ROWS,2022-12-05 03:29:19,FWL,Mean,0
SSIS01-P,FileWatcher,E:\Program Files\Microsoft SQL Server\MSSQL14.MSSQLSERVER\MSSQL\DATA\FileWatcher.mdf,ROWS,2022-12-05 03:29:19,FWL,Occurence,38
SSIS01-P,FileWatcher,E:\Program Files\Microsoft SQL Server\MSSQL14.MSSQLSERVER\MSSQL\DATA\FileWatcher.mdf,ROWS,2022-12-05 03:29:19,FWL,Variance,0
SSIS01-P,FileWatcher,E:\Program Files\Microsoft SQL Server\MSSQL14.MSSQLSERVER\MSSQL\DATA\FileWatcher.mdf,ROWS,2022-12-05 03:29:19,FWL,Max,0
SSIS01-P,FileWatcher,E:\Program Files\Microsoft SQL Server\MSSQL14.MSSQLSERVER\MSSQL\DATA\FileWatcher_log.ldf,LOG,2022-12-05 03:29:19,FRM,Mean,0
SSIS01-P,FileWatcher,E:\Program Files\Microsoft SQL Server\MSSQL14.MSSQLSERVER\MSSQL\DATA\FileWatcher_log.ldf,LOG,2022-12-05 03:29:19,FRM,Occurence,38
SSIS01-P,FileWatcher,E:\Program Files\Microsoft SQL Server\MSSQL14.MSSQLSERVER\MSSQL\DATA\FileWatcher_log.ldf,LOG,2022-12-05 03:29:19,FRM,Variance,0
SSIS01-P,FileWatcher,E:\Program Files\Microsoft SQL Server\MSSQL14.MSSQLSERVER\MSSQL\DATA\FileWatcher_log.ldf,LOG,2022-12-05 03:29:19,FRM,Max,0
SSIS01-P,FileWatcher,E:\Program Files\Microsoft SQL Server\MSSQL14.MSSQLSERVER\MSSQL\DATA\FileWatcher_log.ldf,LOG,2022-12-05 03:29:19,FWM,Mean,0
SSIS01-P,FileWatcher,E:\Program Files\Microsoft SQL Server\MSSQL14.MSSQLSERVER\MSSQL\DATA\FileWatcher_log.ldf,LOG,2022-12-05 03:29:19,FWM,Occurence,38
SSIS01-P,FileWatcher,E:\Program Files\Microsoft SQL Server\MSSQL14.MSSQLSERVER\MSSQL\DATA\FileWatcher_log.ldf,LOG,2022-12-05 03:29:19,FWM,Variance,0
SSIS01-P,FileWatcher,E:\Program Files\Microsoft SQL Server\MSSQL14.MSSQLSERVER\MSSQL\DATA\FileWatcher_log.ldf,LOG,2022-12-05 03:29:19,FWM,Max,0
SSIS01-P,FileWatcher,E:\Program Files\Microsoft SQL Server\MSSQL14.MSSQLSERVER\MSSQL\DATA\FileWatcher_log.ldf,LOG,2022-12-05 03:29:19,FNW,Mean,0
SSIS01-P,FileWatcher,E:\Program Files\Microsoft SQL Server\MSSQL14.MSSQLSERVER\MSSQL\DATA\FileWatcher_log.ldf,LOG,2022-12-05 03:29:19,FNW,Occurence,38
SSIS01-P,FileWatcher,E:\Program Files\Microsoft SQL Server\MSSQL14.MSSQLSERVER\MSSQL\DATA\FileWatcher_log.ldf,LOG,2022-12-05 03:29:19,FNW,Variance,0
SSIS01-P,FileWatcher,E:\Program Files\Microsoft SQL Server\MSSQL14.MSSQLSERVER\MSSQL\DATA\FileWatcher_log.ldf,LOG,2022-12-05 03:29:19,FNW,Max,0
SSIS01-P,FileWatcher,E:\Program Files\Microsoft SQL Server\MSSQL14.MSSQLSERVER\MSSQL\DATA\FileWatcher_log.ldf,LOG,2022-12-05 03:29:19,FNR,Mean,0
SSIS01-P,FileWatcher,E:\Program Files\Microsoft SQL Server\MSSQL14.MSSQLSERVER\MSSQL\DATA\FileWatcher_log.ldf,LOG,2022-12-05 03:29:19,FNR,Occurence,38
SSIS01-P,FileWatcher,E:\Program Files\Microsoft SQL Server\MSSQL14.MSSQLSERVER\MSSQL\DATA\FileWatcher_log.ldf,LOG,2022-12-05 03:29:19,FNR,Variance,0
SSIS01-P,FileWatcher,E:\Program Files\Microsoft SQL Server\MSSQL14.MSSQLSERVER\MSSQL\DATA\FileWatcher_log.ldf,LOG,2022-12-05 03:29:19,FNR,Max,0
SSIS01-P,FileWatcher,E:\Program Files\Microsoft SQL Server\MSSQL14.MSSQLSERVER\MSSQL\DATA\FileWatcher_log.ldf,LOG,2022-12-05 03:29:19,FRL,Mean,0
SSIS01-P,FileWatcher,E:\Program Files\Microsoft SQL Server\MSSQL14.MSSQLSERVER\MSSQL\DATA\FileWatcher_log.ldf,LOG,2022-12-05 03:29:19,FRL,Occurence,38
SSIS01-P,FileWatcher,E:\Program Files\Microsoft SQL Server\MSSQL14.MSSQLSERVER\MSSQL\DATA\FileWatcher_log.ldf,LOG,2022-12-05 03:29:19,FRL,Variance,0
SSIS01-P,FileWatcher,E:\Program Files\Microsoft SQL Server\MSSQL14.MSSQLSERVER\MSSQL\DATA\FileWatcher_log.ldf,LOG,2022-12-05 03:29:19,FRL,Max,0
SSIS01-P,FileWatcher,E:\Program Files\Microsoft SQL Server\MSSQL14.MSSQLSERVER\MSSQL\DATA\FileWatcher_log.ldf,LOG,2022-12-05 03:29:19,FWL,Mean,0
SSIS01-P,FileWatcher,E:\Program Files\Microsoft SQL Server\MSSQL14.MSSQLSERVER\MSSQL\DATA\FileWatcher_log.ldf,LOG,2022-12-05 03:29:19,FWL,Occurence,38
SSIS01-P,FileWatcher,E:\Program Files\Microsoft SQL Server\MSSQL14.MSSQLSERVER\MSSQL\DATA\FileWatcher_log.ldf,LOG,2022-12-05 03:29:19,FWL,Variance,0
SSIS01-P,FileWatcher,E:\Program Files\Microsoft SQL Server\MSSQL14.MSSQLSERVER\MSSQL\DATA\FileWatcher_log.ldf,LOG,2022-12-05 03:29:19,FWL,Max,0
