ServerName,DatabaseName,DatabaseFileName,FileType,TimeDataCollected,CounterName,AggregatorType,Value
FUZIONSSIS01-DE,SSISDB,E:\Program Files\Microsoft SQL Server\MSSQL14.MSSQLSERVER\MSSQL\DATA\SSISDB.mdf,ROWS,2022-11-30 21:16:25,FRM,Mean,0
FUZIONSSIS01-DE,SSISDB,E:\Program Files\Microsoft SQL Server\MSSQL14.MSSQLSERVER\MSSQL\DATA\SSISDB.mdf,ROWS,2022-11-30 21:16:25,FRM,Occurence,39
FUZIONSSIS01-DE,SSISDB,E:\Program Files\Microsoft SQL Server\MSSQL14.MSSQLSERVER\MSSQL\DATA\SSISDB.mdf,ROWS,2022-11-30 21:16:25,FRM,Variance,0
FUZIONSSIS01-DE,SSISDB,E:\Program Files\Microsoft SQL Server\MSSQL14.MSSQLSERVER\MSSQL\DATA\SSISDB.mdf,ROWS,2022-11-30 21:16:25,FRM,Max,0
FUZIONSSIS01-DE,SSISDB,E:\Program Files\Microsoft SQL Server\MSSQL14.MSSQLSERVER\MSSQL\DATA\SSISDB.mdf,ROWS,2022-11-30 21:16:25,FWM,Mean,0
FUZIONSSIS01-DE,SSISDB,E:\Program Files\Microsoft SQL Server\MSSQL14.MSSQLSERVER\MSSQL\DATA\SSISDB.mdf,ROWS,2022-11-30 21:16:25,FWM,Occurence,39
FUZIONSSIS01-DE,SSISDB,E:\Program Files\Microsoft SQL Server\MSSQL14.MSSQLSERVER\MSSQL\DATA\SSISDB.mdf,ROWS,2022-11-30 21:16:25,FWM,Variance,0
FUZIONSSIS01-DE,SSISDB,E:\Program Files\Microsoft SQL Server\MSSQL14.MSSQLSERVER\MSSQL\DATA\SSISDB.mdf,ROWS,2022-11-30 21:16:25,FWM,Max,0
FUZIONSSIS01-DE,SSISDB,E:\Program Files\Microsoft SQL Server\MSSQL14.MSSQLSERVER\MSSQL\DATA\SSISDB.mdf,ROWS,2022-11-30 21:16:25,FNW,Mean,0
FUZIONSSIS01-DE,SSISDB,E:\Program Files\Microsoft SQL Server\MSSQL14.MSSQLSERVER\MSSQL\DATA\SSISDB.mdf,ROWS,2022-11-30 21:16:25,FNW,Occurence,39
FUZIONSSIS01-DE,SSISDB,E:\Program Files\Microsoft SQL Server\MSSQL14.MSSQLSERVER\MSSQL\DATA\SSISDB.mdf,ROWS,2022-11-30 21:16:25,FNW,Variance,0
FUZIONSSIS01-DE,SSISDB,E:\Program Files\Microsoft SQL Server\MSSQL14.MSSQLSERVER\MSSQL\DATA\SSISDB.mdf,ROWS,2022-11-30 21:16:25,FNW,Max,0
FUZIONSSIS01-DE,SSISDB,E:\Program Files\Microsoft SQL Server\MSSQL14.MSSQLSERVER\MSSQL\DATA\SSISDB.mdf,ROWS,2022-11-30 21:16:25,FNR,Mean,0
FUZIONSSIS01-DE,SSISDB,E:\Program Files\Microsoft SQL Server\MSSQL14.MSSQLSERVER\MSSQL\DATA\SSISDB.mdf,ROWS,2022-11-30 21:16:25,FNR,Occurence,39
FUZIONSSIS01-DE,SSISDB,E:\Program Files\Microsoft SQL Server\MSSQL14.MSSQLSERVER\MSSQL\DATA\SSISDB.mdf,ROWS,2022-11-30 21:16:25,FNR,Variance,0
FUZIONSSIS01-DE,SSISDB,E:\Program Files\Microsoft SQL Server\MSSQL14.MSSQLSERVER\MSSQL\DATA\SSISDB.mdf,ROWS,2022-11-30 21:16:25,FNR,Max,0
FUZIONSSIS01-DE,SSISDB,E:\Program Files\Microsoft SQL Server\MSSQL14.MSSQLSERVER\MSSQL\DATA\SSISDB.mdf,ROWS,2022-11-30 21:16:25,FRL,Mean,0
FUZIONSSIS01-DE,SSISDB,E:\Program Files\Microsoft SQL Server\MSSQL14.MSSQLSERVER\MSSQL\DATA\SSISDB.mdf,ROWS,2022-11-30 21:16:25,FRL,Occurence,39
FUZIONSSIS01-DE,SSISDB,E:\Program Files\Microsoft SQL Server\MSSQL14.MSSQLSERVER\MSSQL\DATA\SSISDB.mdf,ROWS,2022-11-30 21:16:25,FRL,Variance,0
FUZIONSSIS01-DE,SSISDB,E:\Program Files\Microsoft SQL Server\MSSQL14.MSSQLSERVER\MSSQL\DATA\SSISDB.mdf,ROWS,2022-11-30 21:16:25,FRL,Max,0
FUZIONSSIS01-DE,SSISDB,E:\Program Files\Microsoft SQL Server\MSSQL14.MSSQLSERVER\MSSQL\DATA\SSISDB.mdf,ROWS,2022-11-30 21:16:25,FWL,Mean,0
FUZIONSSIS01-DE,SSISDB,E:\Program Files\Microsoft SQL Server\MSSQL14.MSSQLSERVER\MSSQL\DATA\SSISDB.mdf,ROWS,2022-11-30 21:16:25,FWL,Occurence,39
FUZIONSSIS01-DE,SSISDB,E:\Program Files\Microsoft SQL Server\MSSQL14.MSSQLSERVER\MSSQL\DATA\SSISDB.mdf,ROWS,2022-11-30 21:16:25,FWL,Variance,0
FUZIONSSIS01-DE,SSISDB,E:\Program Files\Microsoft SQL Server\MSSQL14.MSSQLSERVER\MSSQL\DATA\SSISDB.mdf,ROWS,2022-11-30 21:16:25,FWL,Max,0
FUZIONSSIS01-DE,SSISDB,E:\Program Files\Microsoft SQL Server\MSSQL14.MSSQLSERVER\MSSQL\DATA\SSISDB.ldf,LOG,2022-11-30 21:16:25,FRM,Mean,0
FUZIONSSIS01-DE,SSISDB,E:\Program Files\Microsoft SQL Server\MSSQL14.MSSQLSERVER\MSSQL\DATA\SSISDB.ldf,LOG,2022-11-30 21:16:25,FRM,Occurence,39
FUZIONSSIS01-DE,SSISDB,E:\Program Files\Microsoft SQL Server\MSSQL14.MSSQLSERVER\MSSQL\DATA\SSISDB.ldf,LOG,2022-11-30 21:16:25,FRM,Variance,0
FUZIONSSIS01-DE,SSISDB,E:\Program Files\Microsoft SQL Server\MSSQL14.MSSQLSERVER\MSSQL\DATA\SSISDB.ldf,LOG,2022-11-30 21:16:25,FRM,Max,0
FUZIONSSIS01-DE,SSISDB,E:\Program Files\Microsoft SQL Server\MSSQL14.MSSQLSERVER\MSSQL\DATA\SSISDB.ldf,LOG,2022-11-30 21:16:25,FWM,Mean,0
FUZIONSSIS01-DE,SSISDB,E:\Program Files\Microsoft SQL Server\MSSQL14.MSSQLSERVER\MSSQL\DATA\SSISDB.ldf,LOG,2022-11-30 21:16:25,FWM,Occurence,39
FUZIONSSIS01-DE,SSISDB,E:\Program Files\Microsoft SQL Server\MSSQL14.MSSQLSERVER\MSSQL\DATA\SSISDB.ldf,LOG,2022-11-30 21:16:25,FWM,Variance,0
FUZIONSSIS01-DE,SSISDB,E:\Program Files\Microsoft SQL Server\MSSQL14.MSSQLSERVER\MSSQL\DATA\SSISDB.ldf,LOG,2022-11-30 21:16:25,FWM,Max,0
FUZIONSSIS01-DE,SSISDB,E:\Program Files\Microsoft SQL Server\MSSQL14.MSSQLSERVER\MSSQL\DATA\SSISDB.ldf,LOG,2022-11-30 21:16:25,FNW,Mean,1.5128205
FUZIONSSIS01-DE,SSISDB,E:\Program Files\Microsoft SQL Server\MSSQL14.MSSQLSERVER\MSSQL\DATA\SSISDB.ldf,LOG,2022-11-30 21:16:25,FNW,Occurence,39
FUZIONSSIS01-DE,SSISDB,E:\Program Files\Microsoft SQL Server\MSSQL14.MSSQLSERVER\MSSQL\DATA\SSISDB.ldf,LOG,2022-11-30 21:16:25,FNW,Variance,0.24983563
FUZIONSSIS01-DE,SSISDB,E:\Program Files\Microsoft SQL Server\MSSQL14.MSSQLSERVER\MSSQL\DATA\SSISDB.ldf,LOG,2022-11-30 21:16:25,FNW,Max,2
FUZIONSSIS01-DE,SSISDB,E:\Program Files\Microsoft SQL Server\MSSQL14.MSSQLSERVER\MSSQL\DATA\SSISDB.ldf,LOG,2022-11-30 21:16:25,FNR,Mean,0
FUZIONSSIS01-DE,SSISDB,E:\Program Files\Microsoft SQL Server\MSSQL14.MSSQLSERVER\MSSQL\DATA\SSISDB.ldf,LOG,2022-11-30 21:16:25,FNR,Occurence,39
FUZIONSSIS01-DE,SSISDB,E:\Program Files\Microsoft SQL Server\MSSQL14.MSSQLSERVER\MSSQL\DATA\SSISDB.ldf,LOG,2022-11-30 21:16:25,FNR,Variance,0
FUZIONSSIS01-DE,SSISDB,E:\Program Files\Microsoft SQL Server\MSSQL14.MSSQLSERVER\MSSQL\DATA\SSISDB.ldf,LOG,2022-11-30 21:16:25,FNR,Max,0
FUZIONSSIS01-DE,SSISDB,E:\Program Files\Microsoft SQL Server\MSSQL14.MSSQLSERVER\MSSQL\DATA\SSISDB.ldf,LOG,2022-11-30 21:16:25,FRL,Mean,0
FUZIONSSIS01-DE,SSISDB,E:\Program Files\Microsoft SQL Server\MSSQL14.MSSQLSERVER\MSSQL\DATA\SSISDB.ldf,LOG,2022-11-30 21:16:25,FRL,Occurence,39
FUZIONSSIS01-DE,SSISDB,E:\Program Files\Microsoft SQL Server\MSSQL14.MSSQLSERVER\MSSQL\DATA\SSISDB.ldf,LOG,2022-11-30 21:16:25,FRL,Variance,0
FUZIONSSIS01-DE,SSISDB,E:\Program Files\Microsoft SQL Server\MSSQL14.MSSQLSERVER\MSSQL\DATA\SSISDB.ldf,LOG,2022-11-30 21:16:25,FRL,Max,0
FUZIONSSIS01-DE,SSISDB,E:\Program Files\Microsoft SQL Server\MSSQL14.MSSQLSERVER\MSSQL\DATA\SSISDB.ldf,LOG,2022-11-30 21:16:25,FWL,Mean,3.8846154
FUZIONSSIS01-DE,SSISDB,E:\Program Files\Microsoft SQL Server\MSSQL14.MSSQLSERVER\MSSQL\DATA\SSISDB.ldf,LOG,2022-11-30 21:16:25,FWL,Occurence,39
FUZIONSSIS01-DE,SSISDB,E:\Program Files\Microsoft SQL Server\MSSQL14.MSSQLSERVER\MSSQL\DATA\SSISDB.ldf,LOG,2022-11-30 21:16:25,FWL,Variance,3.5187383
FUZIONSSIS01-DE,SSISDB,E:\Program Files\Microsoft SQL Server\MSSQL14.MSSQLSERVER\MSSQL\DATA\SSISDB.ldf,LOG,2022-11-30 21:16:25,FWL,Max,13
FUZIONSSIS01-DE,ReportServer,E:\Program Files\Microsoft SQL Server\MSSQL14.MSSQLSERVER\MSSQL\DATA\ReportServer.mdf,ROWS,2022-11-30 21:16:25,FRM,Mean,0
FUZIONSSIS01-DE,ReportServer,E:\Program Files\Microsoft SQL Server\MSSQL14.MSSQLSERVER\MSSQL\DATA\ReportServer.mdf,ROWS,2022-11-30 21:16:25,FRM,Occurence,39
FUZIONSSIS01-DE,ReportServer,E:\Program Files\Microsoft SQL Server\MSSQL14.MSSQLSERVER\MSSQL\DATA\ReportServer.mdf,ROWS,2022-11-30 21:16:25,FRM,Variance,0
FUZIONSSIS01-DE,ReportServer,E:\Program Files\Microsoft SQL Server\MSSQL14.MSSQLSERVER\MSSQL\DATA\ReportServer.mdf,ROWS,2022-11-30 21:16:25,FRM,Max,0
FUZIONSSIS01-DE,ReportServer,E:\Program Files\Microsoft SQL Server\MSSQL14.MSSQLSERVER\MSSQL\DATA\ReportServer.mdf,ROWS,2022-11-30 21:16:25,FWM,Mean,0
FUZIONSSIS01-DE,ReportServer,E:\Program Files\Microsoft SQL Server\MSSQL14.MSSQLSERVER\MSSQL\DATA\ReportServer.mdf,ROWS,2022-11-30 21:16:25,FWM,Occurence,39
FUZIONSSIS01-DE,ReportServer,E:\Program Files\Microsoft SQL Server\MSSQL14.MSSQLSERVER\MSSQL\DATA\ReportServer.mdf,ROWS,2022-11-30 21:16:25,FWM,Variance,0
FUZIONSSIS01-DE,ReportServer,E:\Program Files\Microsoft SQL Server\MSSQL14.MSSQLSERVER\MSSQL\DATA\ReportServer.mdf,ROWS,2022-11-30 21:16:25,FWM,Max,0
FUZIONSSIS01-DE,ReportServer,E:\Program Files\Microsoft SQL Server\MSSQL14.MSSQLSERVER\MSSQL\DATA\ReportServer.mdf,ROWS,2022-11-30 21:16:25,FNW,Mean,0
FUZIONSSIS01-DE,ReportServer,E:\Program Files\Microsoft SQL Server\MSSQL14.MSSQLSERVER\MSSQL\DATA\ReportServer.mdf,ROWS,2022-11-30 21:16:25,FNW,Occurence,39
FUZIONSSIS01-DE,ReportServer,E:\Program Files\Microsoft SQL Server\MSSQL14.MSSQLSERVER\MSSQL\DATA\ReportServer.mdf,ROWS,2022-11-30 21:16:25,FNW,Variance,0
FUZIONSSIS01-DE,ReportServer,E:\Program Files\Microsoft SQL Server\MSSQL14.MSSQLSERVER\MSSQL\DATA\ReportServer.mdf,ROWS,2022-11-30 21:16:25,FNW,Max,0
FUZIONSSIS01-DE,ReportServer,E:\Program Files\Microsoft SQL Server\MSSQL14.MSSQLSERVER\MSSQL\DATA\ReportServer.mdf,ROWS,2022-11-30 21:16:25,FNR,Mean,0
FUZIONSSIS01-DE,ReportServer,E:\Program Files\Microsoft SQL Server\MSSQL14.MSSQLSERVER\MSSQL\DATA\ReportServer.mdf,ROWS,2022-11-30 21:16:25,FNR,Occurence,39
FUZIONSSIS01-DE,ReportServer,E:\Program Files\Microsoft SQL Server\MSSQL14.MSSQLSERVER\MSSQL\DATA\ReportServer.mdf,ROWS,2022-11-30 21:16:25,FNR,Variance,0
FUZIONSSIS01-DE,ReportServer,E:\Program Files\Microsoft SQL Server\MSSQL14.MSSQLSERVER\MSSQL\DATA\ReportServer.mdf,ROWS,2022-11-30 21:16:25,FNR,Max,0
FUZIONSSIS01-DE,ReportServer,E:\Program Files\Microsoft SQL Server\MSSQL14.MSSQLSERVER\MSSQL\DATA\ReportServer.mdf,ROWS,2022-11-30 21:16:25,FRL,Mean,0
FUZIONSSIS01-DE,ReportServer,E:\Program Files\Microsoft SQL Server\MSSQL14.MSSQLSERVER\MSSQL\DATA\ReportServer.mdf,ROWS,2022-11-30 21:16:25,FRL,Occurence,39
FUZIONSSIS01-DE,ReportServer,E:\Program Files\Microsoft SQL Server\MSSQL14.MSSQLSERVER\MSSQL\DATA\ReportServer.mdf,ROWS,2022-11-30 21:16:25,FRL,Variance,0
FUZIONSSIS01-DE,ReportServer,E:\Program Files\Microsoft SQL Server\MSSQL14.MSSQLSERVER\MSSQL\DATA\ReportServer.mdf,ROWS,2022-11-30 21:16:25,FRL,Max,0
FUZIONSSIS01-DE,ReportServer,E:\Program Files\Microsoft SQL Server\MSSQL14.MSSQLSERVER\MSSQL\DATA\ReportServer.mdf,ROWS,2022-11-30 21:16:25,FWL,Mean,0
FUZIONSSIS01-DE,ReportServer,E:\Program Files\Microsoft SQL Server\MSSQL14.MSSQLSERVER\MSSQL\DATA\ReportServer.mdf,ROWS,2022-11-30 21:16:25,FWL,Occurence,39
FUZIONSSIS01-DE,ReportServer,E:\Program Files\Microsoft SQL Server\MSSQL14.MSSQLSERVER\MSSQL\DATA\ReportServer.mdf,ROWS,2022-11-30 21:16:25,FWL,Variance,0
FUZIONSSIS01-DE,ReportServer,E:\Program Files\Microsoft SQL Server\MSSQL14.MSSQLSERVER\MSSQL\DATA\ReportServer.mdf,ROWS,2022-11-30 21:16:25,FWL,Max,0
FUZIONSSIS01-DE,ReportServer,E:\Program Files\Microsoft SQL Server\MSSQL14.MSSQLSERVER\MSSQL\DATA\ReportServer_log.ldf,LOG,2022-11-30 21:16:25,FRM,Mean,0
FUZIONSSIS01-DE,ReportServer,E:\Program Files\Microsoft SQL Server\MSSQL14.MSSQLSERVER\MSSQL\DATA\ReportServer_log.ldf,LOG,2022-11-30 21:16:25,FRM,Occurence,39
FUZIONSSIS01-DE,ReportServer,E:\Program Files\Microsoft SQL Server\MSSQL14.MSSQLSERVER\MSSQL\DATA\ReportServer_log.ldf,LOG,2022-11-30 21:16:25,FRM,Variance,0
FUZIONSSIS01-DE,ReportServer,E:\Program Files\Microsoft SQL Server\MSSQL14.MSSQLSERVER\MSSQL\DATA\ReportServer_log.ldf,LOG,2022-11-30 21:16:25,FRM,Max,0
FUZIONSSIS01-DE,ReportServer,E:\Program Files\Microsoft SQL Server\MSSQL14.MSSQLSERVER\MSSQL\DATA\ReportServer_log.ldf,LOG,2022-11-30 21:16:25,FWM,Mean,0
FUZIONSSIS01-DE,ReportServer,E:\Program Files\Microsoft SQL Server\MSSQL14.MSSQLSERVER\MSSQL\DATA\ReportServer_log.ldf,LOG,2022-11-30 21:16:25,FWM,Occurence,39
FUZIONSSIS01-DE,ReportServer,E:\Program Files\Microsoft SQL Server\MSSQL14.MSSQLSERVER\MSSQL\DATA\ReportServer_log.ldf,LOG,2022-11-30 21:16:25,FWM,Variance,0
FUZIONSSIS01-DE,ReportServer,E:\Program Files\Microsoft SQL Server\MSSQL14.MSSQLSERVER\MSSQL\DATA\ReportServer_log.ldf,LOG,2022-11-30 21:16:25,FWM,Max,0
FUZIONSSIS01-DE,ReportServer,E:\Program Files\Microsoft SQL Server\MSSQL14.MSSQLSERVER\MSSQL\DATA\ReportServer_log.ldf,LOG,2022-11-30 21:16:25,FNW,Mean,0
FUZIONSSIS01-DE,ReportServer,E:\Program Files\Microsoft SQL Server\MSSQL14.MSSQLSERVER\MSSQL\DATA\ReportServer_log.ldf,LOG,2022-11-30 21:16:25,FNW,Occurence,39
FUZIONSSIS01-DE,ReportServer,E:\Program Files\Microsoft SQL Server\MSSQL14.MSSQLSERVER\MSSQL\DATA\ReportServer_log.ldf,LOG,2022-11-30 21:16:25,FNW,Variance,0
FUZIONSSIS01-DE,ReportServer,E:\Program Files\Microsoft SQL Server\MSSQL14.MSSQLSERVER\MSSQL\DATA\ReportServer_log.ldf,LOG,2022-11-30 21:16:25,FNW,Max,0
FUZIONSSIS01-DE,ReportServer,E:\Program Files\Microsoft SQL Server\MSSQL14.MSSQLSERVER\MSSQL\DATA\ReportServer_log.ldf,LOG,2022-11-30 21:16:25,FNR,Mean,0
FUZIONSSIS01-DE,ReportServer,E:\Program Files\Microsoft SQL Server\MSSQL14.MSSQLSERVER\MSSQL\DATA\ReportServer_log.ldf,LOG,2022-11-30 21:16:25,FNR,Occurence,39
FUZIONSSIS01-DE,ReportServer,E:\Program Files\Microsoft SQL Server\MSSQL14.MSSQLSERVER\MSSQL\DATA\ReportServer_log.ldf,LOG,2022-11-30 21:16:25,FNR,Variance,0
FUZIONSSIS01-DE,ReportServer,E:\Program Files\Microsoft SQL Server\MSSQL14.MSSQLSERVER\MSSQL\DATA\ReportServer_log.ldf,LOG,2022-11-30 21:16:25,FNR,Max,0
FUZIONSSIS01-DE,ReportServer,E:\Program Files\Microsoft SQL Server\MSSQL14.MSSQLSERVER\MSSQL\DATA\ReportServer_log.ldf,LOG,2022-11-30 21:16:25,FRL,Mean,0
FUZIONSSIS01-DE,ReportServer,E:\Program Files\Microsoft SQL Server\MSSQL14.MSSQLSERVER\MSSQL\DATA\ReportServer_log.ldf,LOG,2022-11-30 21:16:25,FRL,Occurence,39
FUZIONSSIS01-DE,ReportServer,E:\Program Files\Microsoft SQL Server\MSSQL14.MSSQLSERVER\MSSQL\DATA\ReportServer_log.ldf,LOG,2022-11-30 21:16:25,FRL,Variance,0
FUZIONSSIS01-DE,ReportServer,E:\Program Files\Microsoft SQL Server\MSSQL14.MSSQLSERVER\MSSQL\DATA\ReportServer_log.ldf,LOG,2022-11-30 21:16:25,FRL,Max,0
FUZIONSSIS01-DE,ReportServer,E:\Program Files\Microsoft SQL Server\MSSQL14.MSSQLSERVER\MSSQL\DATA\ReportServer_log.ldf,LOG,2022-11-30 21:16:25,FWL,Mean,0
FUZIONSSIS01-DE,ReportServer,E:\Program Files\Microsoft SQL Server\MSSQL14.MSSQLSERVER\MSSQL\DATA\ReportServer_log.ldf,LOG,2022-11-30 21:16:25,FWL,Occurence,39
FUZIONSSIS01-DE,ReportServer,E:\Program Files\Microsoft SQL Server\MSSQL14.MSSQLSERVER\MSSQL\DATA\ReportServer_log.ldf,LOG,2022-11-30 21:16:25,FWL,Variance,0
FUZIONSSIS01-DE,ReportServer,E:\Program Files\Microsoft SQL Server\MSSQL14.MSSQLSERVER\MSSQL\DATA\ReportServer_log.ldf,LOG,2022-11-30 21:16:25,FWL,Max,0
FUZIONSSIS01-DE,ReportServerTempDB,E:\Program Files\Microsoft SQL Server\MSSQL14.MSSQLSERVER\MSSQL\DATA\ReportServerTempDB.mdf,ROWS,2022-11-30 21:16:25,FRM,Mean,0
FUZIONSSIS01-DE,ReportServerTempDB,E:\Program Files\Microsoft SQL Server\MSSQL14.MSSQLSERVER\MSSQL\DATA\ReportServerTempDB.mdf,ROWS,2022-11-30 21:16:25,FRM,Occurence,39
FUZIONSSIS01-DE,ReportServerTempDB,E:\Program Files\Microsoft SQL Server\MSSQL14.MSSQLSERVER\MSSQL\DATA\ReportServerTempDB.mdf,ROWS,2022-11-30 21:16:25,FRM,Variance,0
FUZIONSSIS01-DE,ReportServerTempDB,E:\Program Files\Microsoft SQL Server\MSSQL14.MSSQLSERVER\MSSQL\DATA\ReportServerTempDB.mdf,ROWS,2022-11-30 21:16:25,FRM,Max,0
FUZIONSSIS01-DE,ReportServerTempDB,E:\Program Files\Microsoft SQL Server\MSSQL14.MSSQLSERVER\MSSQL\DATA\ReportServerTempDB.mdf,ROWS,2022-11-30 21:16:25,FWM,Mean,0
FUZIONSSIS01-DE,ReportServerTempDB,E:\Program Files\Microsoft SQL Server\MSSQL14.MSSQLSERVER\MSSQL\DATA\ReportServerTempDB.mdf,ROWS,2022-11-30 21:16:25,FWM,Occurence,39
FUZIONSSIS01-DE,ReportServerTempDB,E:\Program Files\Microsoft SQL Server\MSSQL14.MSSQLSERVER\MSSQL\DATA\ReportServerTempDB.mdf,ROWS,2022-11-30 21:16:25,FWM,Variance,0
FUZIONSSIS01-DE,ReportServerTempDB,E:\Program Files\Microsoft SQL Server\MSSQL14.MSSQLSERVER\MSSQL\DATA\ReportServerTempDB.mdf,ROWS,2022-11-30 21:16:25,FWM,Max,0
FUZIONSSIS01-DE,ReportServerTempDB,E:\Program Files\Microsoft SQL Server\MSSQL14.MSSQLSERVER\MSSQL\DATA\ReportServerTempDB.mdf,ROWS,2022-11-30 21:16:25,FNW,Mean,0
FUZIONSSIS01-DE,ReportServerTempDB,E:\Program Files\Microsoft SQL Server\MSSQL14.MSSQLSERVER\MSSQL\DATA\ReportServerTempDB.mdf,ROWS,2022-11-30 21:16:25,FNW,Occurence,39
FUZIONSSIS01-DE,ReportServerTempDB,E:\Program Files\Microsoft SQL Server\MSSQL14.MSSQLSERVER\MSSQL\DATA\ReportServerTempDB.mdf,ROWS,2022-11-30 21:16:25,FNW,Variance,0
FUZIONSSIS01-DE,ReportServerTempDB,E:\Program Files\Microsoft SQL Server\MSSQL14.MSSQLSERVER\MSSQL\DATA\ReportServerTempDB.mdf,ROWS,2022-11-30 21:16:25,FNW,Max,0
FUZIONSSIS01-DE,ReportServerTempDB,E:\Program Files\Microsoft SQL Server\MSSQL14.MSSQLSERVER\MSSQL\DATA\ReportServerTempDB.mdf,ROWS,2022-11-30 21:16:25,FNR,Mean,0
FUZIONSSIS01-DE,ReportServerTempDB,E:\Program Files\Microsoft SQL Server\MSSQL14.MSSQLSERVER\MSSQL\DATA\ReportServerTempDB.mdf,ROWS,2022-11-30 21:16:25,FNR,Occurence,39
FUZIONSSIS01-DE,ReportServerTempDB,E:\Program Files\Microsoft SQL Server\MSSQL14.MSSQLSERVER\MSSQL\DATA\ReportServerTempDB.mdf,ROWS,2022-11-30 21:16:25,FNR,Variance,0
FUZIONSSIS01-DE,ReportServerTempDB,E:\Program Files\Microsoft SQL Server\MSSQL14.MSSQLSERVER\MSSQL\DATA\ReportServerTempDB.mdf,ROWS,2022-11-30 21:16:25,FNR,Max,0
FUZIONSSIS01-DE,ReportServerTempDB,E:\Program Files\Microsoft SQL Server\MSSQL14.MSSQLSERVER\MSSQL\DATA\ReportServerTempDB.mdf,ROWS,2022-11-30 21:16:25,FRL,Mean,0
FUZIONSSIS01-DE,ReportServerTempDB,E:\Program Files\Microsoft SQL Server\MSSQL14.MSSQLSERVER\MSSQL\DATA\ReportServerTempDB.mdf,ROWS,2022-11-30 21:16:25,FRL,Occurence,39
FUZIONSSIS01-DE,ReportServerTempDB,E:\Program Files\Microsoft SQL Server\MSSQL14.MSSQLSERVER\MSSQL\DATA\ReportServerTempDB.mdf,ROWS,2022-11-30 21:16:25,FRL,Variance,0
FUZIONSSIS01-DE,ReportServerTempDB,E:\Program Files\Microsoft SQL Server\MSSQL14.MSSQLSERVER\MSSQL\DATA\ReportServerTempDB.mdf,ROWS,2022-11-30 21:16:25,FRL,Max,0
FUZIONSSIS01-DE,ReportServerTempDB,E:\Program Files\Microsoft SQL Server\MSSQL14.MSSQLSERVER\MSSQL\DATA\ReportServerTempDB.mdf,ROWS,2022-11-30 21:16:25,FWL,Mean,0
FUZIONSSIS01-DE,ReportServerTempDB,E:\Program Files\Microsoft SQL Server\MSSQL14.MSSQLSERVER\MSSQL\DATA\ReportServerTempDB.mdf,ROWS,2022-11-30 21:16:25,FWL,Occurence,39
FUZIONSSIS01-DE,ReportServerTempDB,E:\Program Files\Microsoft SQL Server\MSSQL14.MSSQLSERVER\MSSQL\DATA\ReportServerTempDB.mdf,ROWS,2022-11-30 21:16:25,FWL,Variance,0
FUZIONSSIS01-DE,ReportServerTempDB,E:\Program Files\Microsoft SQL Server\MSSQL14.MSSQLSERVER\MSSQL\DATA\ReportServerTempDB.mdf,ROWS,2022-11-30 21:16:25,FWL,Max,0
FUZIONSSIS01-DE,ReportServerTempDB,E:\Program Files\Microsoft SQL Server\MSSQL14.MSSQLSERVER\MSSQL\DATA\ReportServerTempDB_log.ldf,LOG,2022-11-30 21:16:25,FRM,Mean,0
FUZIONSSIS01-DE,ReportServerTempDB,E:\Program Files\Microsoft SQL Server\MSSQL14.MSSQLSERVER\MSSQL\DATA\ReportServerTempDB_log.ldf,LOG,2022-11-30 21:16:25,FRM,Occurence,39
FUZIONSSIS01-DE,ReportServerTempDB,E:\Program Files\Microsoft SQL Server\MSSQL14.MSSQLSERVER\MSSQL\DATA\ReportServerTempDB_log.ldf,LOG,2022-11-30 21:16:25,FRM,Variance,0
FUZIONSSIS01-DE,ReportServerTempDB,E:\Program Files\Microsoft SQL Server\MSSQL14.MSSQLSERVER\MSSQL\DATA\ReportServerTempDB_log.ldf,LOG,2022-11-30 21:16:25,FRM,Max,0
FUZIONSSIS01-DE,ReportServerTempDB,E:\Program Files\Microsoft SQL Server\MSSQL14.MSSQLSERVER\MSSQL\DATA\ReportServerTempDB_log.ldf,LOG,2022-11-30 21:16:25,FWM,Mean,0
FUZIONSSIS01-DE,ReportServerTempDB,E:\Program Files\Microsoft SQL Server\MSSQL14.MSSQLSERVER\MSSQL\DATA\ReportServerTempDB_log.ldf,LOG,2022-11-30 21:16:25,FWM,Occurence,39
FUZIONSSIS01-DE,ReportServerTempDB,E:\Program Files\Microsoft SQL Server\MSSQL14.MSSQLSERVER\MSSQL\DATA\ReportServerTempDB_log.ldf,LOG,2022-11-30 21:16:25,FWM,Variance,0
FUZIONSSIS01-DE,ReportServerTempDB,E:\Program Files\Microsoft SQL Server\MSSQL14.MSSQLSERVER\MSSQL\DATA\ReportServerTempDB_log.ldf,LOG,2022-11-30 21:16:25,FWM,Max,0
FUZIONSSIS01-DE,ReportServerTempDB,E:\Program Files\Microsoft SQL Server\MSSQL14.MSSQLSERVER\MSSQL\DATA\ReportServerTempDB_log.ldf,LOG,2022-11-30 21:16:25,FNW,Mean,0
FUZIONSSIS01-DE,ReportServerTempDB,E:\Program Files\Microsoft SQL Server\MSSQL14.MSSQLSERVER\MSSQL\DATA\ReportServerTempDB_log.ldf,LOG,2022-11-30 21:16:25,FNW,Occurence,39
FUZIONSSIS01-DE,ReportServerTempDB,E:\Program Files\Microsoft SQL Server\MSSQL14.MSSQLSERVER\MSSQL\DATA\ReportServerTempDB_log.ldf,LOG,2022-11-30 21:16:25,FNW,Variance,0
FUZIONSSIS01-DE,ReportServerTempDB,E:\Program Files\Microsoft SQL Server\MSSQL14.MSSQLSERVER\MSSQL\DATA\ReportServerTempDB_log.ldf,LOG,2022-11-30 21:16:25,FNW,Max,0
FUZIONSSIS01-DE,ReportServerTempDB,E:\Program Files\Microsoft SQL Server\MSSQL14.MSSQLSERVER\MSSQL\DATA\ReportServerTempDB_log.ldf,LOG,2022-11-30 21:16:25,FNR,Mean,0
FUZIONSSIS01-DE,ReportServerTempDB,E:\Program Files\Microsoft SQL Server\MSSQL14.MSSQLSERVER\MSSQL\DATA\ReportServerTempDB_log.ldf,LOG,2022-11-30 21:16:25,FNR,Occurence,39
FUZIONSSIS01-DE,ReportServerTempDB,E:\Program Files\Microsoft SQL Server\MSSQL14.MSSQLSERVER\MSSQL\DATA\ReportServerTempDB_log.ldf,LOG,2022-11-30 21:16:25,FNR,Variance,0
FUZIONSSIS01-DE,ReportServerTempDB,E:\Program Files\Microsoft SQL Server\MSSQL14.MSSQLSERVER\MSSQL\DATA\ReportServerTempDB_log.ldf,LOG,2022-11-30 21:16:25,FNR,Max,0
FUZIONSSIS01-DE,ReportServerTempDB,E:\Program Files\Microsoft SQL Server\MSSQL14.MSSQLSERVER\MSSQL\DATA\ReportServerTempDB_log.ldf,LOG,2022-11-30 21:16:25,FRL,Mean,0
FUZIONSSIS01-DE,ReportServerTempDB,E:\Program Files\Microsoft SQL Server\MSSQL14.MSSQLSERVER\MSSQL\DATA\ReportServerTempDB_log.ldf,LOG,2022-11-30 21:16:25,FRL,Occurence,39
FUZIONSSIS01-DE,ReportServerTempDB,E:\Program Files\Microsoft SQL Server\MSSQL14.MSSQLSERVER\MSSQL\DATA\ReportServerTempDB_log.ldf,LOG,2022-11-30 21:16:25,FRL,Variance,0
FUZIONSSIS01-DE,ReportServerTempDB,E:\Program Files\Microsoft SQL Server\MSSQL14.MSSQLSERVER\MSSQL\DATA\ReportServerTempDB_log.ldf,LOG,2022-11-30 21:16:25,FRL,Max,0
FUZIONSSIS01-DE,ReportServerTempDB,E:\Program Files\Microsoft SQL Server\MSSQL14.MSSQLSERVER\MSSQL\DATA\ReportServerTempDB_log.ldf,LOG,2022-11-30 21:16:25,FWL,Mean,0
FUZIONSSIS01-DE,ReportServerTempDB,E:\Program Files\Microsoft SQL Server\MSSQL14.MSSQLSERVER\MSSQL\DATA\ReportServerTempDB_log.ldf,LOG,2022-11-30 21:16:25,FWL,Occurence,39
FUZIONSSIS01-DE,ReportServerTempDB,E:\Program Files\Microsoft SQL Server\MSSQL14.MSSQLSERVER\MSSQL\DATA\ReportServerTempDB_log.ldf,LOG,2022-11-30 21:16:25,FWL,Variance,0
FUZIONSSIS01-DE,ReportServerTempDB,E:\Program Files\Microsoft SQL Server\MSSQL14.MSSQLSERVER\MSSQL\DATA\ReportServerTempDB_log.ldf,LOG,2022-11-30 21:16:25,FWL,Max,0
FUZIONSSIS01-DE,FileWatcher,E:\Program Files\Microsoft SQL Server\MSSQL14.MSSQLSERVER\MSSQL\DATA\FileWatcher.mdf,ROWS,2022-11-30 21:16:25,FRM,Mean,0
FUZIONSSIS01-DE,FileWatcher,E:\Program Files\Microsoft SQL Server\MSSQL14.MSSQLSERVER\MSSQL\DATA\FileWatcher.mdf,ROWS,2022-11-30 21:16:25,FRM,Occurence,39
FUZIONSSIS01-DE,FileWatcher,E:\Program Files\Microsoft SQL Server\MSSQL14.MSSQLSERVER\MSSQL\DATA\FileWatcher.mdf,ROWS,2022-11-30 21:16:25,FRM,Variance,0
FUZIONSSIS01-DE,FileWatcher,E:\Program Files\Microsoft SQL Server\MSSQL14.MSSQLSERVER\MSSQL\DATA\FileWatcher.mdf,ROWS,2022-11-30 21:16:25,FRM,Max,0
FUZIONSSIS01-DE,FileWatcher,E:\Program Files\Microsoft SQL Server\MSSQL14.MSSQLSERVER\MSSQL\DATA\FileWatcher.mdf,ROWS,2022-11-30 21:16:25,FWM,Mean,0
FUZIONSSIS01-DE,FileWatcher,E:\Program Files\Microsoft SQL Server\MSSQL14.MSSQLSERVER\MSSQL\DATA\FileWatcher.mdf,ROWS,2022-11-30 21:16:25,FWM,Occurence,39
FUZIONSSIS01-DE,FileWatcher,E:\Program Files\Microsoft SQL Server\MSSQL14.MSSQLSERVER\MSSQL\DATA\FileWatcher.mdf,ROWS,2022-11-30 21:16:25,FWM,Variance,0
FUZIONSSIS01-DE,FileWatcher,E:\Program Files\Microsoft SQL Server\MSSQL14.MSSQLSERVER\MSSQL\DATA\FileWatcher.mdf,ROWS,2022-11-30 21:16:25,FWM,Max,0
FUZIONSSIS01-DE,FileWatcher,E:\Program Files\Microsoft SQL Server\MSSQL14.MSSQLSERVER\MSSQL\DATA\FileWatcher.mdf,ROWS,2022-11-30 21:16:25,FNW,Mean,0
FUZIONSSIS01-DE,FileWatcher,E:\Program Files\Microsoft SQL Server\MSSQL14.MSSQLSERVER\MSSQL\DATA\FileWatcher.mdf,ROWS,2022-11-30 21:16:25,FNW,Occurence,39
FUZIONSSIS01-DE,FileWatcher,E:\Program Files\Microsoft SQL Server\MSSQL14.MSSQLSERVER\MSSQL\DATA\FileWatcher.mdf,ROWS,2022-11-30 21:16:25,FNW,Variance,0
FUZIONSSIS01-DE,FileWatcher,E:\Program Files\Microsoft SQL Server\MSSQL14.MSSQLSERVER\MSSQL\DATA\FileWatcher.mdf,ROWS,2022-11-30 21:16:25,FNW,Max,0
FUZIONSSIS01-DE,FileWatcher,E:\Program Files\Microsoft SQL Server\MSSQL14.MSSQLSERVER\MSSQL\DATA\FileWatcher.mdf,ROWS,2022-11-30 21:16:25,FNR,Mean,0
FUZIONSSIS01-DE,FileWatcher,E:\Program Files\Microsoft SQL Server\MSSQL14.MSSQLSERVER\MSSQL\DATA\FileWatcher.mdf,ROWS,2022-11-30 21:16:25,FNR,Occurence,39
FUZIONSSIS01-DE,FileWatcher,E:\Program Files\Microsoft SQL Server\MSSQL14.MSSQLSERVER\MSSQL\DATA\FileWatcher.mdf,ROWS,2022-11-30 21:16:25,FNR,Variance,0
FUZIONSSIS01-DE,FileWatcher,E:\Program Files\Microsoft SQL Server\MSSQL14.MSSQLSERVER\MSSQL\DATA\FileWatcher.mdf,ROWS,2022-11-30 21:16:25,FNR,Max,0
FUZIONSSIS01-DE,FileWatcher,E:\Program Files\Microsoft SQL Server\MSSQL14.MSSQLSERVER\MSSQL\DATA\FileWatcher.mdf,ROWS,2022-11-30 21:16:25,FRL,Mean,0
FUZIONSSIS01-DE,FileWatcher,E:\Program Files\Microsoft SQL Server\MSSQL14.MSSQLSERVER\MSSQL\DATA\FileWatcher.mdf,ROWS,2022-11-30 21:16:25,FRL,Occurence,39
FUZIONSSIS01-DE,FileWatcher,E:\Program Files\Microsoft SQL Server\MSSQL14.MSSQLSERVER\MSSQL\DATA\FileWatcher.mdf,ROWS,2022-11-30 21:16:25,FRL,Variance,0
FUZIONSSIS01-DE,FileWatcher,E:\Program Files\Microsoft SQL Server\MSSQL14.MSSQLSERVER\MSSQL\DATA\FileWatcher.mdf,ROWS,2022-11-30 21:16:25,FRL,Max,0
FUZIONSSIS01-DE,FileWatcher,E:\Program Files\Microsoft SQL Server\MSSQL14.MSSQLSERVER\MSSQL\DATA\FileWatcher.mdf,ROWS,2022-11-30 21:16:25,FWL,Mean,0
FUZIONSSIS01-DE,FileWatcher,E:\Program Files\Microsoft SQL Server\MSSQL14.MSSQLSERVER\MSSQL\DATA\FileWatcher.mdf,ROWS,2022-11-30 21:16:25,FWL,Occurence,39
FUZIONSSIS01-DE,FileWatcher,E:\Program Files\Microsoft SQL Server\MSSQL14.MSSQLSERVER\MSSQL\DATA\FileWatcher.mdf,ROWS,2022-11-30 21:16:25,FWL,Variance,0
FUZIONSSIS01-DE,FileWatcher,E:\Program Files\Microsoft SQL Server\MSSQL14.MSSQLSERVER\MSSQL\DATA\FileWatcher.mdf,ROWS,2022-11-30 21:16:25,FWL,Max,0
FUZIONSSIS01-DE,FileWatcher,E:\Program Files\Microsoft SQL Server\MSSQL14.MSSQLSERVER\MSSQL\DATA\FileWatcher_log.ldf,LOG,2022-11-30 21:16:25,FRM,Mean,0
FUZIONSSIS01-DE,FileWatcher,E:\Program Files\Microsoft SQL Server\MSSQL14.MSSQLSERVER\MSSQL\DATA\FileWatcher_log.ldf,LOG,2022-11-30 21:16:25,FRM,Occurence,39
FUZIONSSIS01-DE,FileWatcher,E:\Program Files\Microsoft SQL Server\MSSQL14.MSSQLSERVER\MSSQL\DATA\FileWatcher_log.ldf,LOG,2022-11-30 21:16:25,FRM,Variance,0
FUZIONSSIS01-DE,FileWatcher,E:\Program Files\Microsoft SQL Server\MSSQL14.MSSQLSERVER\MSSQL\DATA\FileWatcher_log.ldf,LOG,2022-11-30 21:16:25,FRM,Max,0
FUZIONSSIS01-DE,FileWatcher,E:\Program Files\Microsoft SQL Server\MSSQL14.MSSQLSERVER\MSSQL\DATA\FileWatcher_log.ldf,LOG,2022-11-30 21:16:25,FWM,Mean,0
FUZIONSSIS01-DE,FileWatcher,E:\Program Files\Microsoft SQL Server\MSSQL14.MSSQLSERVER\MSSQL\DATA\FileWatcher_log.ldf,LOG,2022-11-30 21:16:25,FWM,Occurence,39
FUZIONSSIS01-DE,FileWatcher,E:\Program Files\Microsoft SQL Server\MSSQL14.MSSQLSERVER\MSSQL\DATA\FileWatcher_log.ldf,LOG,2022-11-30 21:16:25,FWM,Variance,0
FUZIONSSIS01-DE,FileWatcher,E:\Program Files\Microsoft SQL Server\MSSQL14.MSSQLSERVER\MSSQL\DATA\FileWatcher_log.ldf,LOG,2022-11-30 21:16:25,FWM,Max,0
FUZIONSSIS01-DE,FileWatcher,E:\Program Files\Microsoft SQL Server\MSSQL14.MSSQLSERVER\MSSQL\DATA\FileWatcher_log.ldf,LOG,2022-11-30 21:16:25,FNW,Mean,0
FUZIONSSIS01-DE,FileWatcher,E:\Program Files\Microsoft SQL Server\MSSQL14.MSSQLSERVER\MSSQL\DATA\FileWatcher_log.ldf,LOG,2022-11-30 21:16:25,FNW,Occurence,39
FUZIONSSIS01-DE,FileWatcher,E:\Program Files\Microsoft SQL Server\MSSQL14.MSSQLSERVER\MSSQL\DATA\FileWatcher_log.ldf,LOG,2022-11-30 21:16:25,FNW,Variance,0
FUZIONSSIS01-DE,FileWatcher,E:\Program Files\Microsoft SQL Server\MSSQL14.MSSQLSERVER\MSSQL\DATA\FileWatcher_log.ldf,LOG,2022-11-30 21:16:25,FNW,Max,0
FUZIONSSIS01-DE,FileWatcher,E:\Program Files\Microsoft SQL Server\MSSQL14.MSSQLSERVER\MSSQL\DATA\FileWatcher_log.ldf,LOG,2022-11-30 21:16:25,FNR,Mean,0
FUZIONSSIS01-DE,FileWatcher,E:\Program Files\Microsoft SQL Server\MSSQL14.MSSQLSERVER\MSSQL\DATA\FileWatcher_log.ldf,LOG,2022-11-30 21:16:25,FNR,Occurence,39
FUZIONSSIS01-DE,FileWatcher,E:\Program Files\Microsoft SQL Server\MSSQL14.MSSQLSERVER\MSSQL\DATA\FileWatcher_log.ldf,LOG,2022-11-30 21:16:25,FNR,Variance,0
FUZIONSSIS01-DE,FileWatcher,E:\Program Files\Microsoft SQL Server\MSSQL14.MSSQLSERVER\MSSQL\DATA\FileWatcher_log.ldf,LOG,2022-11-30 21:16:25,FNR,Max,0
FUZIONSSIS01-DE,FileWatcher,E:\Program Files\Microsoft SQL Server\MSSQL14.MSSQLSERVER\MSSQL\DATA\FileWatcher_log.ldf,LOG,2022-11-30 21:16:25,FRL,Mean,0
FUZIONSSIS01-DE,FileWatcher,E:\Program Files\Microsoft SQL Server\MSSQL14.MSSQLSERVER\MSSQL\DATA\FileWatcher_log.ldf,LOG,2022-11-30 21:16:25,FRL,Occurence,39
FUZIONSSIS01-DE,FileWatcher,E:\Program Files\Microsoft SQL Server\MSSQL14.MSSQLSERVER\MSSQL\DATA\FileWatcher_log.ldf,LOG,2022-11-30 21:16:25,FRL,Variance,0
FUZIONSSIS01-DE,FileWatcher,E:\Program Files\Microsoft SQL Server\MSSQL14.MSSQLSERVER\MSSQL\DATA\FileWatcher_log.ldf,LOG,2022-11-30 21:16:25,FRL,Max,0
FUZIONSSIS01-DE,FileWatcher,E:\Program Files\Microsoft SQL Server\MSSQL14.MSSQLSERVER\MSSQL\DATA\FileWatcher_log.ldf,LOG,2022-11-30 21:16:25,FWL,Mean,0
FUZIONSSIS01-DE,FileWatcher,E:\Program Files\Microsoft SQL Server\MSSQL14.MSSQLSERVER\MSSQL\DATA\FileWatcher_log.ldf,LOG,2022-11-30 21:16:25,FWL,Occurence,39
FUZIONSSIS01-DE,FileWatcher,E:\Program Files\Microsoft SQL Server\MSSQL14.MSSQLSERVER\MSSQL\DATA\FileWatcher_log.ldf,LOG,2022-11-30 21:16:25,FWL,Variance,0
FUZIONSSIS01-DE,FileWatcher,E:\Program Files\Microsoft SQL Server\MSSQL14.MSSQLSERVER\MSSQL\DATA\FileWatcher_log.ldf,LOG,2022-11-30 21:16:25,FWL,Max,0
FUZIONSSIS01-DE,Confluence,E:\Program Files\Microsoft SQL Server\MSSQL14.MSSQLSERVER\MSSQL\DATA\Confluence.mdf,ROWS,2022-11-30 21:16:25,FRM,Mean,0
FUZIONSSIS01-DE,Confluence,E:\Program Files\Microsoft SQL Server\MSSQL14.MSSQLSERVER\MSSQL\DATA\Confluence.mdf,ROWS,2022-11-30 21:16:25,FRM,Occurence,39
FUZIONSSIS01-DE,Confluence,E:\Program Files\Microsoft SQL Server\MSSQL14.MSSQLSERVER\MSSQL\DATA\Confluence.mdf,ROWS,2022-11-30 21:16:25,FRM,Variance,0
FUZIONSSIS01-DE,Confluence,E:\Program Files\Microsoft SQL Server\MSSQL14.MSSQLSERVER\MSSQL\DATA\Confluence.mdf,ROWS,2022-11-30 21:16:25,FRM,Max,0
FUZIONSSIS01-DE,Confluence,E:\Program Files\Microsoft SQL Server\MSSQL14.MSSQLSERVER\MSSQL\DATA\Confluence.mdf,ROWS,2022-11-30 21:16:25,FWM,Mean,0
FUZIONSSIS01-DE,Confluence,E:\Program Files\Microsoft SQL Server\MSSQL14.MSSQLSERVER\MSSQL\DATA\Confluence.mdf,ROWS,2022-11-30 21:16:25,FWM,Occurence,39
FUZIONSSIS01-DE,Confluence,E:\Program Files\Microsoft SQL Server\MSSQL14.MSSQLSERVER\MSSQL\DATA\Confluence.mdf,ROWS,2022-11-30 21:16:25,FWM,Variance,0
FUZIONSSIS01-DE,Confluence,E:\Program Files\Microsoft SQL Server\MSSQL14.MSSQLSERVER\MSSQL\DATA\Confluence.mdf,ROWS,2022-11-30 21:16:25,FWM,Max,0
FUZIONSSIS01-DE,Confluence,E:\Program Files\Microsoft SQL Server\MSSQL14.MSSQLSERVER\MSSQL\DATA\Confluence.mdf,ROWS,2022-11-30 21:16:25,FNW,Mean,0
FUZIONSSIS01-DE,Confluence,E:\Program Files\Microsoft SQL Server\MSSQL14.MSSQLSERVER\MSSQL\DATA\Confluence.mdf,ROWS,2022-11-30 21:16:25,FNW,Occurence,39
FUZIONSSIS01-DE,Confluence,E:\Program Files\Microsoft SQL Server\MSSQL14.MSSQLSERVER\MSSQL\DATA\Confluence.mdf,ROWS,2022-11-30 21:16:25,FNW,Variance,0
FUZIONSSIS01-DE,Confluence,E:\Program Files\Microsoft SQL Server\MSSQL14.MSSQLSERVER\MSSQL\DATA\Confluence.mdf,ROWS,2022-11-30 21:16:25,FNW,Max,0
FUZIONSSIS01-DE,Confluence,E:\Program Files\Microsoft SQL Server\MSSQL14.MSSQLSERVER\MSSQL\DATA\Confluence.mdf,ROWS,2022-11-30 21:16:25,FNR,Mean,0
FUZIONSSIS01-DE,Confluence,E:\Program Files\Microsoft SQL Server\MSSQL14.MSSQLSERVER\MSSQL\DATA\Confluence.mdf,ROWS,2022-11-30 21:16:25,FNR,Occurence,39
FUZIONSSIS01-DE,Confluence,E:\Program Files\Microsoft SQL Server\MSSQL14.MSSQLSERVER\MSSQL\DATA\Confluence.mdf,ROWS,2022-11-30 21:16:25,FNR,Variance,0
FUZIONSSIS01-DE,Confluence,E:\Program Files\Microsoft SQL Server\MSSQL14.MSSQLSERVER\MSSQL\DATA\Confluence.mdf,ROWS,2022-11-30 21:16:25,FNR,Max,0
FUZIONSSIS01-DE,Confluence,E:\Program Files\Microsoft SQL Server\MSSQL14.MSSQLSERVER\MSSQL\DATA\Confluence.mdf,ROWS,2022-11-30 21:16:25,FRL,Mean,0
FUZIONSSIS01-DE,Confluence,E:\Program Files\Microsoft SQL Server\MSSQL14.MSSQLSERVER\MSSQL\DATA\Confluence.mdf,ROWS,2022-11-30 21:16:25,FRL,Occurence,39
FUZIONSSIS01-DE,Confluence,E:\Program Files\Microsoft SQL Server\MSSQL14.MSSQLSERVER\MSSQL\DATA\Confluence.mdf,ROWS,2022-11-30 21:16:25,FRL,Variance,0
FUZIONSSIS01-DE,Confluence,E:\Program Files\Microsoft SQL Server\MSSQL14.MSSQLSERVER\MSSQL\DATA\Confluence.mdf,ROWS,2022-11-30 21:16:25,FRL,Max,0
FUZIONSSIS01-DE,Confluence,E:\Program Files\Microsoft SQL Server\MSSQL14.MSSQLSERVER\MSSQL\DATA\Confluence.mdf,ROWS,2022-11-30 21:16:25,FWL,Mean,0
FUZIONSSIS01-DE,Confluence,E:\Program Files\Microsoft SQL Server\MSSQL14.MSSQLSERVER\MSSQL\DATA\Confluence.mdf,ROWS,2022-11-30 21:16:25,FWL,Occurence,39
FUZIONSSIS01-DE,Confluence,E:\Program Files\Microsoft SQL Server\MSSQL14.MSSQLSERVER\MSSQL\DATA\Confluence.mdf,ROWS,2022-11-30 21:16:25,FWL,Variance,0
FUZIONSSIS01-DE,Confluence,E:\Program Files\Microsoft SQL Server\MSSQL14.MSSQLSERVER\MSSQL\DATA\Confluence.mdf,ROWS,2022-11-30 21:16:25,FWL,Max,0
FUZIONSSIS01-DE,Confluence,E:\Program Files\Microsoft SQL Server\MSSQL14.MSSQLSERVER\MSSQL\DATA\Confluence_log.ldf,LOG,2022-11-30 21:16:25,FRM,Mean,0
FUZIONSSIS01-DE,Confluence,E:\Program Files\Microsoft SQL Server\MSSQL14.MSSQLSERVER\MSSQL\DATA\Confluence_log.ldf,LOG,2022-11-30 21:16:25,FRM,Occurence,39
FUZIONSSIS01-DE,Confluence,E:\Program Files\Microsoft SQL Server\MSSQL14.MSSQLSERVER\MSSQL\DATA\Confluence_log.ldf,LOG,2022-11-30 21:16:25,FRM,Variance,0
FUZIONSSIS01-DE,Confluence,E:\Program Files\Microsoft SQL Server\MSSQL14.MSSQLSERVER\MSSQL\DATA\Confluence_log.ldf,LOG,2022-11-30 21:16:25,FRM,Max,0
FUZIONSSIS01-DE,Confluence,E:\Program Files\Microsoft SQL Server\MSSQL14.MSSQLSERVER\MSSQL\DATA\Confluence_log.ldf,LOG,2022-11-30 21:16:25,FWM,Mean,0
FUZIONSSIS01-DE,Confluence,E:\Program Files\Microsoft SQL Server\MSSQL14.MSSQLSERVER\MSSQL\DATA\Confluence_log.ldf,LOG,2022-11-30 21:16:25,FWM,Occurence,39
FUZIONSSIS01-DE,Confluence,E:\Program Files\Microsoft SQL Server\MSSQL14.MSSQLSERVER\MSSQL\DATA\Confluence_log.ldf,LOG,2022-11-30 21:16:25,FWM,Variance,0
FUZIONSSIS01-DE,Confluence,E:\Program Files\Microsoft SQL Server\MSSQL14.MSSQLSERVER\MSSQL\DATA\Confluence_log.ldf,LOG,2022-11-30 21:16:25,FWM,Max,0
FUZIONSSIS01-DE,Confluence,E:\Program Files\Microsoft SQL Server\MSSQL14.MSSQLSERVER\MSSQL\DATA\Confluence_log.ldf,LOG,2022-11-30 21:16:25,FNW,Mean,0
FUZIONSSIS01-DE,Confluence,E:\Program Files\Microsoft SQL Server\MSSQL14.MSSQLSERVER\MSSQL\DATA\Confluence_log.ldf,LOG,2022-11-30 21:16:25,FNW,Occurence,39
FUZIONSSIS01-DE,Confluence,E:\Program Files\Microsoft SQL Server\MSSQL14.MSSQLSERVER\MSSQL\DATA\Confluence_log.ldf,LOG,2022-11-30 21:16:25,FNW,Variance,0
FUZIONSSIS01-DE,Confluence,E:\Program Files\Microsoft SQL Server\MSSQL14.MSSQLSERVER\MSSQL\DATA\Confluence_log.ldf,LOG,2022-11-30 21:16:25,FNW,Max,0
FUZIONSSIS01-DE,Confluence,E:\Program Files\Microsoft SQL Server\MSSQL14.MSSQLSERVER\MSSQL\DATA\Confluence_log.ldf,LOG,2022-11-30 21:16:25,FNR,Mean,0
FUZIONSSIS01-DE,Confluence,E:\Program Files\Microsoft SQL Server\MSSQL14.MSSQLSERVER\MSSQL\DATA\Confluence_log.ldf,LOG,2022-11-30 21:16:25,FNR,Occurence,39
FUZIONSSIS01-DE,Confluence,E:\Program Files\Microsoft SQL Server\MSSQL14.MSSQLSERVER\MSSQL\DATA\Confluence_log.ldf,LOG,2022-11-30 21:16:25,FNR,Variance,0
FUZIONSSIS01-DE,Confluence,E:\Program Files\Microsoft SQL Server\MSSQL14.MSSQLSERVER\MSSQL\DATA\Confluence_log.ldf,LOG,2022-11-30 21:16:25,FNR,Max,0
FUZIONSSIS01-DE,Confluence,E:\Program Files\Microsoft SQL Server\MSSQL14.MSSQLSERVER\MSSQL\DATA\Confluence_log.ldf,LOG,2022-11-30 21:16:25,FRL,Mean,0
FUZIONSSIS01-DE,Confluence,E:\Program Files\Microsoft SQL Server\MSSQL14.MSSQLSERVER\MSSQL\DATA\Confluence_log.ldf,LOG,2022-11-30 21:16:25,FRL,Occurence,39
FUZIONSSIS01-DE,Confluence,E:\Program Files\Microsoft SQL Server\MSSQL14.MSSQLSERVER\MSSQL\DATA\Confluence_log.ldf,LOG,2022-11-30 21:16:25,FRL,Variance,0
FUZIONSSIS01-DE,Confluence,E:\Program Files\Microsoft SQL Server\MSSQL14.MSSQLSERVER\MSSQL\DATA\Confluence_log.ldf,LOG,2022-11-30 21:16:25,FRL,Max,0
FUZIONSSIS01-DE,Confluence,E:\Program Files\Microsoft SQL Server\MSSQL14.MSSQLSERVER\MSSQL\DATA\Confluence_log.ldf,LOG,2022-11-30 21:16:25,FWL,Mean,0
FUZIONSSIS01-DE,Confluence,E:\Program Files\Microsoft SQL Server\MSSQL14.MSSQLSERVER\MSSQL\DATA\Confluence_log.ldf,LOG,2022-11-30 21:16:25,FWL,Occurence,39
FUZIONSSIS01-DE,Confluence,E:\Program Files\Microsoft SQL Server\MSSQL14.MSSQLSERVER\MSSQL\DATA\Confluence_log.ldf,LOG,2022-11-30 21:16:25,FWL,Variance,0
FUZIONSSIS01-DE,Confluence,E:\Program Files\Microsoft SQL Server\MSSQL14.MSSQLSERVER\MSSQL\DATA\Confluence_log.ldf,LOG,2022-11-30 21:16:25,FWL,Max,0
FUZIONSSIS01-DE,Confluence,,,2022-11-30 21:16:25,DCS,Mean,13.520001
FUZIONSSIS01-DE,Confluence,,,2022-11-30 21:16:25,DCS,Occurence,40
FUZIONSSIS01-DE,Confluence,,,2022-11-30 21:16:25,DCS,Variance,9.094947E-13
FUZIONSSIS01-DE,Confluence,,,2022-11-30 21:16:25,DCS,Max,13.52
FUZIONSSIS01-DE,Confluence,,,2022-11-30 21:16:25,DCP,Mean,0
FUZIONSSIS01-DE,Confluence,,,2022-11-30 21:16:25,DCP,Occurence,39
FUZIONSSIS01-DE,Confluence,,,2022-11-30 21:16:25,DCP,Variance,0
FUZIONSSIS01-DE,Confluence,,,2022-11-30 21:16:25,DCP,Max,0
FUZIONSSIS01-DE,ReportServer,,,2022-11-30 21:16:25,DCS,Mean,4.34
FUZIONSSIS01-DE,ReportServer,,,2022-11-30 21:16:25,DCS,Occurence,40
FUZIONSSIS01-DE,ReportServer,,,2022-11-30 21:16:25,DCS,Variance,0
FUZIONSSIS01-DE,ReportServer,,,2022-11-30 21:16:25,DCS,Max,4.34
FUZIONSSIS01-DE,ReportServer,,,2022-11-30 21:16:25,DCP,Mean,85.94017
FUZIONSSIS01-DE,ReportServer,,,2022-11-30 21:16:25,DCP,Occurence,39
FUZIONSSIS01-DE,ReportServer,,,2022-11-30 21:16:25,DCP,Variance,492.9907
FUZIONSSIS01-DE,ReportServer,,,2022-11-30 21:16:25,DCP,Max,100
FUZIONSSIS01-DE,ReportServerTempDB,,,2022-11-30 21:16:25,DCS,Mean,2.63
FUZIONSSIS01-DE,ReportServerTempDB,,,2022-11-30 21:16:25,DCS,Occurence,40
FUZIONSSIS01-DE,ReportServerTempDB,,,2022-11-30 21:16:25,DCS,Variance,0
FUZIONSSIS01-DE,ReportServerTempDB,,,2022-11-30 21:16:25,DCS,Max,2.63
FUZIONSSIS01-DE,ReportServerTempDB,,,2022-11-30 21:16:25,DCP,Mean,0
FUZIONSSIS01-DE,ReportServerTempDB,,,2022-11-30 21:16:25,DCP,Occurence,39
FUZIONSSIS01-DE,ReportServerTempDB,,,2022-11-30 21:16:25,DCP,Variance,0
FUZIONSSIS01-DE,ReportServerTempDB,,,2022-11-30 21:16:25,DCP,Max,0
FUZIONSSIS01-DE,SSISDB,,,2022-11-30 21:16:25,DCS,Mean,22.52
FUZIONSSIS01-DE,SSISDB,,,2022-11-30 21:16:25,DCS,Occurence,40
FUZIONSSIS01-DE,SSISDB,,,2022-11-30 21:16:25,DCS,Variance,0
FUZIONSSIS01-DE,SSISDB,,,2022-11-30 21:16:25,DCS,Max,22.52
FUZIONSSIS01-DE,SSISDB,,,2022-11-30 21:16:25,DCP,Mean,11.495727
FUZIONSSIS01-DE,SSISDB,,,2022-11-30 21:16:25,DCP,Occurence,39
FUZIONSSIS01-DE,SSISDB,,,2022-11-30 21:16:25,DCP,Variance,302.10754
FUZIONSSIS01-DE,SSISDB,,,2022-11-30 21:16:25,DCP,Max,66.66667
FUZIONSSIS01-DE,FileWatcher,,,2022-11-30 21:16:25,DCS,Mean,2.23
FUZIONSSIS01-DE,FileWatcher,,,2022-11-30 21:16:25,DCS,Occurence,40
FUZIONSSIS01-DE,FileWatcher,,,2022-11-30 21:16:25,DCS,Variance,0
FUZIONSSIS01-DE,FileWatcher,,,2022-11-30 21:16:25,DCS,Max,2.23
FUZIONSSIS01-DE,FileWatcher,,,2022-11-30 21:16:25,DCP,Mean,0
FUZIONSSIS01-DE,FileWatcher,,,2022-11-30 21:16:25,DCP,Occurence,39
FUZIONSSIS01-DE,FileWatcher,,,2022-11-30 21:16:25,DCP,Variance,0
FUZIONSSIS01-DE,FileWatcher,,,2022-11-30 21:16:25,DCP,Max,0
FUZIONSSIS01-DE,,,,2022-11-30 21:16:25,IM,Mean,1203.25
FUZIONSSIS01-DE,,,,2022-11-30 21:16:25,IM,Occurence,40
FUZIONSSIS01-DE,,,,2022-11-30 21:16:25,IM,Variance,2.2375
FUZIONSSIS01-DE,,,,2022-11-30 21:16:25,IM,Max,1205
FUZIONSSIS01-DE,,,,2022-11-30 21:16:25,IMP,Mean,100
FUZIONSSIS01-DE,,,,2022-11-30 21:16:25,IMP,Occurence,40
FUZIONSSIS01-DE,,,,2022-11-30 21:16:25,IMP,Variance,0
FUZIONSSIS01-DE,,,,2022-11-30 21:16:25,IMP,Max,100
FUZIONSSIS01-DE,,,,2022-11-30 21:16:25,ICP,Mean,0
FUZIONSSIS01-DE,,,,2022-11-30 21:16:25,ICP,Occurence,40
FUZIONSSIS01-DE,,,,2022-11-30 21:16:25,ICP,Variance,0
FUZIONSSIS01-DE,,,,2022-11-30 21:16:25,ICP,Max,0
