ServerName,DatabaseName,LogicalName,PhysicalFullName,FileType,SizeMB,IsMemoryOptimizedDataOptionEnabled,TimeDataCollected
FUZIONSSIS01-DE,SSISDB,data,E:\Program Files\Microsoft SQL Server\MSSQL14.MSSQLSERVER\MSSQL\DATA\SSISDB.mdf,Rows,2088,False,2022-11-30 23:13:54
FUZIONSSIS01-DE,SSISDB,log,E:\Program Files\Microsoft SQL Server\MSSQL14.MSSQLSERVER\MSSQL\DATA\SSISDB.ldf,Log,1030.125,False,2022-11-30 23:13:54
FUZIONSSIS01-DE,ReportServer,ReportServer,E:\Program Files\Microsoft SQL Server\MSSQL14.MSSQLSERVER\MSSQL\DATA\ReportServer.mdf,Rows,100,False,2022-11-30 23:13:54
FUZIONSSIS01-DE,ReportServer,ReportServer_log,E:\Program Files\Microsoft SQL Server\MSSQL14.MSSQLSERVER\MSSQL\DATA\ReportServer_log.ldf,Log,50,False,2022-11-30 23:13:54
FUZIONSSIS01-DE,ReportServerTempDB,ReportServerTempDB,E:\Program Files\Microsoft SQL Server\MSSQL14.MSSQLSERVER\MSSQL\DATA\ReportServerTempDB.mdf,Rows,100,False,2022-11-30 23:13:54
FUZIONSSIS01-DE,ReportServerTempDB,ReportServerTempDB_log,E:\Program Files\Microsoft SQL Server\MSSQL14.MSSQLSERVER\MSSQL\DATA\ReportServerTempDB_log.ldf,Log,50,False,2022-11-30 23:13:54
FUZIONSSIS01-DE,FileWatcher,FileWatcher,E:\Program Files\Microsoft SQL Server\MSSQL14.MSSQLSERVER\MSSQL\DATA\FileWatcher.mdf,Rows,100,False,2022-11-30 23:13:54
FUZIONSSIS01-DE,FileWatcher,FileWatcher_log,E:\Program Files\Microsoft SQL Server\MSSQL14.MSSQLSERVER\MSSQL\DATA\FileWatcher_log.ldf,Log,50,False,2022-11-30 23:13:54
FUZIONSSIS01-DE,Confluence,Confluence,E:\Program Files\Microsoft SQL Server\MSSQL14.MSSQLSERVER\MSSQL\DATA\Confluence.mdf,Rows,3710,False,2022-11-30 23:13:54
FUZIONSSIS01-DE,Confluence,Confluence_log,E:\Program Files\Microsoft SQL Server\MSSQL14.MSSQLSERVER\MSSQL\DATA\Confluence_log.ldf,Log,5667.875,False,2022-11-30 23:13:54
