ServerName,DatabaseName,LogicalName,PhysicalFullName,FileType,SizeMB,IsMemoryOptimizedDataOptionEnabled,TimeDataCollected
FUZIONSQL02\FUZIONDW_PRD,TimeTracking,TimeTracking,N:\SQL_data_files\TimeTracking.mdf,Rows,28,False,2022-12-01 15:30:52
FUZIONSQL02\FUZIONDW_PRD,TimeTracking,TimeTracking_log,L:\SQL_log_files\TimeTracking_log.ldf,Log,2.75,False,2022-12-01 15:30:52
FUZIONSQL02\FUZIONDW_PRD,SHIP_DW_Prod_JIRA_NEW,SHIP_DW_PROD,N:\SQL_data_files\SHIP_DW_Prod_JIRA_NEW_data.mdf,Rows,69520,False,2022-12-01 15:30:52
FUZIONSQL02\FUZIONDW_PRD,SHIP_DW_Prod_JIRA_NEW,SHIP_DW_PROD_log,L:\SQL_log_files\SHIP_DW_Prod_JIRA_NEW_log.ldf,Log,76332.25,False,2022-12-01 15:30:52
FUZIONSQL02\FUZIONDW_PRD,Cabinet_Master,Cabinet_Master,N:\SQL_data_files\Cabinet_Master.mdf,Rows,100,False,2022-12-01 15:30:52
FUZIONSQL02\FUZIONDW_PRD,Cabinet_Master,Cabinet_Master_log,L:\SQL_log_files\Cabinet_Master_log.ldf,Log,100,False,2022-12-01 15:30:52
FUZIONSQL02\FUZIONDW_PRD,Cabinet_SHIP,Cabinet_SHIP,N:\SQL_data_files\Cabinet_SHIP.mdf,Rows,100,False,2022-12-01 15:30:52
FUZIONSQL02\FUZIONDW_PRD,Cabinet_SHIP,Cabinet_SHIP_log,L:\SQL_log_files\Cabinet_SHIP_log.ldf,Log,100,False,2022-12-01 15:30:52
FUZIONSQL02\FUZIONDW_PRD,Sentinel_Master,Sentinel_Master,N:\SQL_data_files\Sentinel_Master.mdf,Rows,200,False,2022-12-01 15:30:52
FUZIONSQL02\FUZIONDW_PRD,Sentinel_Master,Sentinel_Master_log,L:\SQL_log_files\Sentinel_Master_log.ldf,Log,50,False,2022-12-01 15:30:52
FUZIONSQL02\FUZIONDW_PRD,PRU_Sentinel,PRU_Sentinel,N:\SQL_data_files\PRU_Sentinel.mdf,Rows,380.1875,False,2022-12-01 15:30:52
FUZIONSQL02\FUZIONDW_PRD,PRU_Sentinel,PRU_Sentinel_log,L:\SQL_log_files\PRU_Sentinel_log.ldf,Log,1085.1875,False,2022-12-01 15:30:52
FUZIONSQL02\FUZIONDW_PRD,SHIP_DW_Prod_JIRA,SHIP_DW_PROD,N:\SQL_data_files\SHIP_DW_Prod_JIRA.mdf,Rows,106384,False,2022-12-01 15:30:52
FUZIONSQL02\FUZIONDW_PRD,SHIP_DW_Prod_JIRA,SHIP_DW_PROD_log,L:\SQL_log_files\SHIP_DW_Prod_JIRA_log.ldf,Log,76332.25,False,2022-12-01 15:30:52
FUZIONSQL02\FUZIONDW_PRD,Tfs_Configuration,Tfs_Configuration,N:\SQL_data_files\Tfs_Configuration.mdf,Rows,441.0625,False,2022-12-01 15:30:52
FUZIONSQL02\FUZIONDW_PRD,Tfs_Configuration,Tfs_Configuration_log,L:\SQL_log_files\Tfs_Configuration_log.ldf,Log,333.6875,False,2022-12-01 15:30:52
FUZIONSQL02\FUZIONDW_PRD,TimeTracking_preCNA_changes,TimeTracking,C:\Program Files\Microsoft SQL Server\MSSQL12.FUZIONDW_PRD\MSSQL\DATA\TimeTracking_preCNA_changes.mdf,Rows,23,False,2022-12-01 15:30:52
FUZIONSQL02\FUZIONDW_PRD,TimeTracking_preCNA_changes,TimeTracking_log,C:\Program Files\Microsoft SQL Server\MSSQL12.FUZIONDW_PRD\MSSQL\DATA\TimeTracking_preCNA_changes_log.ldf,Log,46.5,False,2022-12-01 15:30:52
FUZIONSQL02\FUZIONDW_PRD,ReportServer,ReportServer,N:\SQL_data_files\ReportServer.mdf,Rows,13.1875,False,2022-12-01 15:30:52
FUZIONSQL02\FUZIONDW_PRD,ReportServer,ReportServer_log,L:\SQL_log_files\ReportServer_log.ldf,Log,1.5625,False,2022-12-01 15:30:52
FUZIONSQL02\FUZIONDW_PRD,RINC_Master,RINC_Master,N:\SQL_data_files\RINC_Master.mdf,Rows,4,False,2022-12-01 15:30:52
FUZIONSQL02\FUZIONDW_PRD,RINC_Master,RINC_Master_log,L:\SQL_log_files\RINC_Master_log.ldf,Log,1,False,2022-12-01 15:30:52
FUZIONSQL02\FUZIONDW_PRD,DeathMaster,DeathMaster_2,N:\SQL_data_files\DeathMaster.mdf,Rows,10683,False,2022-12-01 15:30:52
FUZIONSQL02\FUZIONDW_PRD,DeathMaster,DeathMaster_2_log,L:\SQL_log_files\DeathMaster_log.ldf,Log,132.875,False,2022-12-01 15:30:52
FUZIONSQL02\FUZIONDW_PRD,DataTeam,DataTeam,N:\SQL_data_files\DataTeam.mdf,Rows,483593,False,2022-12-01 15:30:52
FUZIONSQL02\FUZIONDW_PRD,DataTeam,DataTeam_log,L:\SQL_log_files\DataTeam_log.ldf,Log,27565.125,False,2022-12-01 15:30:52
FUZIONSQL02\FUZIONDW_PRD,RINC_SHIP,RINC_SHIP,N:\SQL_data_files\RINC_SHIP.mdf,Rows,442,False,2022-12-01 15:30:52
FUZIONSQL02\FUZIONDW_PRD,RINC_SHIP,RINC_SHIP_log,L:\SQL_log_files\RINC_SHIP_log.ldf,Log,505.0625,False,2022-12-01 15:30:52
FUZIONSQL02\FUZIONDW_PRD,SHIP_SRC_PROD,SHIP_SRC_PROD,M:\sql_data_files\SHIP_SRC_PROD.mdf,Rows,4672512,False,2022-12-01 15:30:52
FUZIONSQL02\FUZIONDW_PRD,SHIP_SRC_PROD,SHIP_SRC_PROD_log,L:\SQL_log_files\SHIP_SRC_PROD_log.ldf,Log,113171,False,2022-12-01 15:30:52
FUZIONSQL02\FUZIONDW_PRD,SHIP_SRC_PROD,SHIP_SRC_PROD_data3,M:\sql_data_files\SHIP_SRC_PROD_Data3.ndf,Rows,610304,False,2022-12-01 15:30:52
FUZIONSQL02\FUZIONDW_PRD,SHIP_STG_PROD,SHIP_STG_PROD,M:\sql_data_files\SHIP_STG_PROD.mdf,Rows,2187018.3125,False,2022-12-01 15:30:52
FUZIONSQL02\FUZIONDW_PRD,SHIP_STG_PROD,SHIP_STG_PROD_log,L:\SQL_log_files\SHIP_STG_PROD_log.ldf,Log,520736.8125,False,2022-12-01 15:30:52
FUZIONSQL02\FUZIONDW_PRD,Dinghy_Dummy_DW,ShipJr_DW_Dummy,N:\SQL_data_files\Dinghy_Dummy_DW.mdf,Rows,303.25,False,2022-12-01 15:30:52
FUZIONSQL02\FUZIONDW_PRD,Dinghy_Dummy_DW,ShipJr_DW_Dummy_log,L:\SQL_log_files\Dinghy_Dummy_DW_log.ldf,Log,81,False,2022-12-01 15:30:52
FUZIONSQL02\FUZIONDW_PRD,LEIE,LEIE,N:\SQL_data_files\LEIE.mdf,Rows,17,False,2022-12-01 15:30:52
FUZIONSQL02\FUZIONDW_PRD,LEIE,LEIE_log,L:\SQL_log_files\LEIE_log.ldf,Log,1.5,False,2022-12-01 15:30:52
FUZIONSQL02\FUZIONDW_PRD,Renovofyi,Renovofyi,N:\SQL_data_files\Renovofyi.mdf,Rows,1230.625,False,2022-12-01 15:30:52
FUZIONSQL02\FUZIONDW_PRD,Renovofyi,Renovofyi_log,L:\SQL_log_files\Renovofyi_log.LDF,Log,1613.75,False,2022-12-01 15:30:52
FUZIONSQL02\FUZIONDW_PRD,ReportServerTempDB,ReportServerTempDB,N:\SQL_data_files\ReportServerTempDB.mdf,Rows,7.1875,False,2022-12-01 15:30:52
FUZIONSQL02\FUZIONDW_PRD,ReportServerTempDB,ReportServerTempDB_log,L:\SQL_log_files\ReportServerTempDB_log.ldf,Log,6.875,False,2022-12-01 15:30:52
FUZIONSQL02\FUZIONDW_PRD,SHARED_SRC,SHARED_SRC_2,N:\SQL_data_files\SHARED_SRC.mdf,Rows,10279,False,2022-12-01 15:30:52
FUZIONSQL02\FUZIONDW_PRD,SHARED_SRC,SHARED_SRC_2_log,L:\SQL_log_files\SHARED_SRC_log.ldf,Log,3.0625,False,2022-12-01 15:30:52
FUZIONSQL02\FUZIONDW_PRD,SHIP_SCM,SHIP_SCM,N:\SQL_data_files\SHIP_SCM.mdf,Rows,29.5625,False,2022-12-01 15:30:52
FUZIONSQL02\FUZIONDW_PRD,SHIP_SCM,SHIP_SCM_log,L:\SQL_log_files\SHIP_SCM_log.ldf,Log,68.125,False,2022-12-01 15:30:52
FUZIONSQL02\FUZIONDW_PRD,Tfs_Datawarehouse,Tfs_Datawarehouse,N:\SQL_data_files\Tfs_Datawarehouse.mdf,Rows,49176.0625,False,2022-12-01 15:30:52
FUZIONSQL02\FUZIONDW_PRD,Tfs_Datawarehouse,Tfs_Datawarehouse_log,L:\SQL_log_files\Tfs_Datawarehouse_log.ldf,Log,180.0625,False,2022-12-01 15:30:52
FUZIONSQL02\FUZIONDW_PRD,VendorScoreCard,VendorScoreCard,N:\SQL_data_files\VendorScoreCard.mdf,Rows,4,False,2022-12-01 15:30:52
FUZIONSQL02\FUZIONDW_PRD,VendorScoreCard,VendorScoreCard_log,L:\SQL_log_files\VendorScoreCard_log.ldf,Log,1,False,2022-12-01 15:30:52
FUZIONSQL02\FUZIONDW_PRD,VUESHIP_Historical,VUESHIP_Historical,N:\SQL_data_files\VUESHIP_Historical.mdf,Rows,9,False,2022-12-01 15:30:52
FUZIONSQL02\FUZIONDW_PRD,VUESHIP_Historical,VUESHIP_Historical_log,L:\SQL_log_files\VUESHIP_Historical_log.ldf,Log,8.1875,False,2022-12-01 15:30:52
FUZIONSQL02\FUZIONDW_PRD,CNA_Sentinel,CNA_Sentinel,N:\SQL_data_files\CNA_Sentinel.mdf,Rows,200,False,2022-12-01 15:30:52
FUZIONSQL02\FUZIONDW_PRD,CNA_Sentinel,CNA_Sentinel_log,L:\SQL_log_files\CNA_Sentinel_log.ldf,Log,50,False,2022-12-01 15:30:52
FUZIONSQL02\FUZIONDW_PRD,SHP_Sentinel,SHP_Sentinel,N:\SQL_data_files\SHP_Sentinel.mdf,Rows,500,False,2022-12-01 15:30:52
FUZIONSQL02\FUZIONDW_PRD,SHP_Sentinel,SHP_Sentinel_log,L:\SQL_log_files\SHP_Sentinel_log.ldf,Log,612.5,False,2022-12-01 15:30:52
FUZIONSQL02\FUZIONDW_PRD,SHIP_DW_PROD,SHIP_DW_PROD,N:\SQL_data_files\SHIP_DW_PROD.mdf,Rows,106384,False,2022-12-01 15:30:52
FUZIONSQL02\FUZIONDW_PRD,SHIP_DW_PROD,SHIP_DW_PROD_log,L:\SQL_log_files\SHIP_DW_PROD_log.ldf,Log,76332.25,False,2022-12-01 15:30:52
FUZIONSQL02\FUZIONDW_PRD,Polaris_SHIP,Polaris_SHIP,N:\SQL_data_files\Polaris_SHIP.mdf,Rows,131,False,2022-12-01 15:30:52
FUZIONSQL02\FUZIONDW_PRD,Polaris_SHIP,Polaris_SHIP_log,L:\SQL_log_files\Polaris_SHIP_log.ldf,Log,194.625,False,2022-12-01 15:30:52
FUZIONSQL02\FUZIONDW_PRD,Polaris_Master,Polaris_Master,N:\SQL_data_files\Polaris_Master.mdf,Rows,4,False,2022-12-01 15:30:52
FUZIONSQL02\FUZIONDW_PRD,Polaris_Master,Polaris_Master_log,L:\SQL_log_files\Polaris_Master_log.ldf,Log,1,False,2022-12-01 15:30:52
FUZIONSQL02\FUZIONDW_PRD,Polaris_SHIP_Restore1,Polaris_SHIP,N:\SQL_data_files\Polaris_SHIP_Restore1.mdf,Rows,126,False,2022-12-01 15:30:52
FUZIONSQL02\FUZIONDW_PRD,Polaris_SHIP_Restore1,Polaris_SHIP_log,L:\SQL_log_files\Polaris_SHIP_Restore1_log.ldf,Log,176.9375,False,2022-12-01 15:30:52
