{
  "Servers": [
    {
      "ServerName": "FUZIONSQL02-DEV",
      "TargetPlatform": "AzureSqlManagedInstance",
      "Requirements": {
        "CpuRequirementInCores": 1.01,
        "DataStorageRequirementInMB": 5479813.38,
        "LogStorageRequirementInMB": 745749.81,
        "MemoryRequirementInMB": 43330.31,
        "DataIOPSRequirement": 5424.59,
        "LogIOPSRequirement": 111.83,
        "IOLatencyRequirementInMs": 15.13,
        "IOThroughputRequirementInMBps": 239.23,
        "TempDBSizeInMB": 219000.00,
        "DataPointsStartTime": "0001-01-01T00:00:00",
        "DataPointsEndTime": "9999-12-31T23:59:00",
        "AggregationTargetPercentile": 95,
        "PerfDataCollectionIntervalInSeconds": 30,
        "SqlServerHostRequirements": {
          "HostNICCount": 1
        },
        "DatabaseLevelRequirements": [
          {
            "CpuRequirementInCores": 0.90,
            "DataIOPSRequirement": 0.05,
            "LogIOPSRequirement": 0.00,
            "IOLatencyRequirementInMs": 2.82,
            "IOThroughputRequirementInMBps": 0.00,
            "DataStorageRequirementInMB": 5.19,
            "LogStorageRequirementInMB": 6.88,
            "DatabaseName": "ReportServer",
            "MemoryRequirementInMB": 0.09,
            "CpuRequirementInPercentageOfTotalInstance": 89.38,
            "FileLevelRequirements": [
              {
                "FileName": "E:\\SQL Server\\MSSQL12.MSSQLSERVER\\MSSQL\\DATA\\ReportServer.mdf",
                "FileType": "Rows",
                "SizeInMB": 5.19,
                "ReadLatencyInMs": 2.82,
                "WriteLatencyInMs": 0.00,
                "IOPSRequirement": 0.05,
                "IOThroughputRequirementInMBps": 0.00,
                "NumberOfDataPointsAnalyzed": 234.00
              },
              {
                "FileName": "E:\\SQL Server\\MSSQL12.MSSQLSERVER\\MSSQL\\DATA\\ReportServer_log.ldf",
                "FileType": "Log",
                "SizeInMB": 6.88,
                "ReadLatencyInMs": 0.00,
                "WriteLatencyInMs": 0.00,
                "IOPSRequirement": 0.00,
                "IOThroughputRequirementInMBps": 0.00,
                "NumberOfDataPointsAnalyzed": 234.00
              }
            ],
            "NumberOfDataPointsAnalyzed": 73.00
          },
          {
            "CpuRequirementInCores": 0.00,
            "DataIOPSRequirement": 0.02,
            "LogIOPSRequirement": 0.00,
            "IOLatencyRequirementInMs": 1.43,
            "IOThroughputRequirementInMBps": 0.00,
            "DataStorageRequirementInMB": 4.19,
            "LogStorageRequirementInMB": 1.06,
            "DatabaseName": "ReportServerTempDB",
            "MemoryRequirementInMB": 0.02,
            "CpuRequirementInPercentageOfTotalInstance": 0.00,
            "FileLevelRequirements": [
              {
                "FileName": "E:\\SQL Server\\MSSQL12.MSSQLSERVER\\MSSQL\\DATA\\ReportServerTempDB.mdf",
                "FileType": "Rows",
                "SizeInMB": 4.19,
                "ReadLatencyInMs": 1.43,
                "WriteLatencyInMs": 0.00,
                "IOPSRequirement": 0.02,
                "IOThroughputRequirementInMBps": 0.00,
                "NumberOfDataPointsAnalyzed": 234.00
              },
              {
                "FileName": "E:\\SQL Server\\MSSQL12.MSSQLSERVER\\MSSQL\\DATA\\ReportServerTempDB_log.ldf",
                "FileType": "Log",
                "SizeInMB": 1.06,
                "ReadLatencyInMs": 0.00,
                "WriteLatencyInMs": 0.00,
                "IOPSRequirement": 0.00,
                "IOThroughputRequirementInMBps": 0.00,
                "NumberOfDataPointsAnalyzed": 234.00
              }
            ],
            "NumberOfDataPointsAnalyzed": 41.00
          },
          {
            "CpuRequirementInCores": 0.00,
            "DataIOPSRequirement": 84.26,
            "LogIOPSRequirement": 0.00,
            "IOLatencyRequirementInMs": 129.33,
            "IOThroughputRequirementInMBps": 37.30,
            "DataStorageRequirementInMB": 10683.00,
            "LogStorageRequirementInMB": 132.88,
            "DatabaseName": "DeathMaster",
            "MemoryRequirementInMB": 6182.45,
            "CpuRequirementInPercentageOfTotalInstance": 0.00,
            "FileLevelRequirements": [
              {
                "FileName": "i:\\Data\\DeathMaster.mdf",
                "FileType": "Rows",
                "SizeInMB": 10683.00,
                "ReadLatencyInMs": 129.33,
                "WriteLatencyInMs": 0.00,
                "IOPSRequirement": 84.26,
                "IOThroughputRequirementInMBps": 37.30,
                "NumberOfDataPointsAnalyzed": 234.00
              },
              {
                "FileName": "l:\\Data\\DeathMaster_log.ldf",
                "FileType": "Log",
                "SizeInMB": 132.88,
                "ReadLatencyInMs": 0.00,
                "WriteLatencyInMs": 0.00,
                "IOPSRequirement": 0.00,
                "IOThroughputRequirementInMBps": 0.00,
                "NumberOfDataPointsAnalyzed": 234.00
              }
            ],
            "NumberOfDataPointsAnalyzed": 51.00
          },
          {
            "CpuRequirementInCores": 0.66,
            "DataIOPSRequirement": 5311.06,
            "LogIOPSRequirement": 111.20,
            "IOLatencyRequirementInMs": 27.58,
            "IOThroughputRequirementInMBps": 199.52,
            "DataStorageRequirementInMB": 3190646.50,
            "LogStorageRequirementInMB": 31750.75,
            "DatabaseName": "SHIP_SRC_DEV",
            "MemoryRequirementInMB": 36894.27,
            "CpuRequirementInPercentageOfTotalInstance": 65.95,
            "FileLevelRequirements": [
              {
                "FileName": "J:\\Moo\\SHIP_SRC_DEV_data.mdf",
                "FileType": "Rows",
                "SizeInMB": 2883257.69,
                "ReadLatencyInMs": 8.07,
                "WriteLatencyInMs": 38.42,
                "IOPSRequirement": 5020.00,
                "IOThroughputRequirementInMBps": 111.59,
                "NumberOfDataPointsAnalyzed": 234.00
              },
              {
                "FileName": "M:\\Foo\\SHIP_SRC_DEV_log.ldf",
                "FileType": "Log",
                "SizeInMB": 31750.75,
                "ReadLatencyInMs": 1.15,
                "WriteLatencyInMs": 19.05,
                "IOPSRequirement": 111.20,
                "IOThroughputRequirementInMBps": 6.49,
                "NumberOfDataPointsAnalyzed": 234.00
              },
              {
                "FileName": "F:\\Data\\SHIP_SRC_PROD_Data_2.ndf",
                "FileType": "Rows",
                "SizeInMB": 307388.81,
                "ReadLatencyInMs": 199.22,
                "WriteLatencyInMs": 0.00,
                "IOPSRequirement": 291.07,
                "IOThroughputRequirementInMBps": 81.44,
                "NumberOfDataPointsAnalyzed": 234.00
              }
            ],
            "NumberOfDataPointsAnalyzed": 73.00
          },
          {
            "CpuRequirementInCores": 0.00,
            "DataIOPSRequirement": 0.03,
            "LogIOPSRequirement": 0.00,
            "IOLatencyRequirementInMs": 4.20,
            "IOThroughputRequirementInMBps": 0.00,
            "DataStorageRequirementInMB": 74640.00,
            "LogStorageRequirementInMB": 76332.25,
            "DatabaseName": "SHIP_DW_DEV",
            "MemoryRequirementInMB": 0.02,
            "CpuRequirementInPercentageOfTotalInstance": 0.00,
            "FileLevelRequirements": [
              {
                "FileName": "N:\\Data\\SHIP_DW_PROD.mdf",
                "FileType": "Rows",
                "SizeInMB": 74640.00,
                "ReadLatencyInMs": 4.20,
                "WriteLatencyInMs": 0.00,
                "IOPSRequirement": 0.03,
                "IOThroughputRequirementInMBps": 0.00,
                "NumberOfDataPointsAnalyzed": 234.00
              },
              {
                "FileName": "N:\\Logs\\SHIP_DW_PROD_log.ldf",
                "FileType": "Log",
                "SizeInMB": 76332.25,
                "ReadLatencyInMs": 0.00,
                "WriteLatencyInMs": 0.00,
                "IOPSRequirement": 0.00,
                "IOThroughputRequirementInMBps": 0.00,
                "NumberOfDataPointsAnalyzed": 234.00
              }
            ],
            "NumberOfDataPointsAnalyzed": 41.00
          },
          {
            "CpuRequirementInCores": 0.00,
            "DataIOPSRequirement": 0.02,
            "LogIOPSRequirement": 0.00,
            "IOLatencyRequirementInMs": 1.58,
            "IOThroughputRequirementInMBps": 0.00,
            "DataStorageRequirementInMB": 87924.69,
            "LogStorageRequirementInMB": 1313.13,
            "DatabaseName": "AuditTesting",
            "MemoryRequirementInMB": 0.02,
            "CpuRequirementInPercentageOfTotalInstance": 0.00,
            "FileLevelRequirements": [
              {
                "FileName": "O:\\Data\\AuditTesting.mdf",
                "FileType": "Rows",
                "SizeInMB": 87924.69,
                "ReadLatencyInMs": 1.58,
                "WriteLatencyInMs": 0.00,
                "IOPSRequirement": 0.02,
                "IOThroughputRequirementInMBps": 0.00,
                "NumberOfDataPointsAnalyzed": 234.00
              },
              {
                "FileName": "E:\\SQLLogs\\AuditTesting_log.ldf",
                "FileType": "Log",
                "SizeInMB": 1313.13,
                "ReadLatencyInMs": 0.00,
                "WriteLatencyInMs": 0.00,
                "IOPSRequirement": 0.00,
                "IOThroughputRequirementInMBps": 0.00,
                "NumberOfDataPointsAnalyzed": 234.00
              }
            ],
            "NumberOfDataPointsAnalyzed": 41.00
          },
          {
            "CpuRequirementInCores": 0.00,
            "DataIOPSRequirement": 0.03,
            "LogIOPSRequirement": 0.00,
            "IOLatencyRequirementInMs": 1.81,
            "IOThroughputRequirementInMBps": 0.00,
            "DataStorageRequirementInMB": 66448.00,
            "LogStorageRequirementInMB": 76332.25,
            "DatabaseName": "SHIP_DW_PROD_jira",
            "MemoryRequirementInMB": 0.02,
            "CpuRequirementInPercentageOfTotalInstance": 0.00,
            "FileLevelRequirements": [
              {
                "FileName": "K:\\Data\\SHIP_DW_PROD_jira2_data.mdf",
                "FileType": "Rows",
                "SizeInMB": 66448.00,
                "ReadLatencyInMs": 1.81,
                "WriteLatencyInMs": 0.00,
                "IOPSRequirement": 0.03,
                "IOThroughputRequirementInMBps": 0.00,
                "NumberOfDataPointsAnalyzed": 234.00
              },
              {
                "FileName": "K:\\logs\\SHIP_DW_PROD_jira2_log.ldf",
                "FileType": "Log",
                "SizeInMB": 76332.25,
                "ReadLatencyInMs": 0.00,
                "WriteLatencyInMs": 0.00,
                "IOPSRequirement": 0.00,
                "IOThroughputRequirementInMBps": 0.00,
                "NumberOfDataPointsAnalyzed": 234.00
              }
            ],
            "NumberOfDataPointsAnalyzed": 41.00
          },
          {
            "CpuRequirementInCores": 0.00,
            "DataIOPSRequirement": 0.02,
            "LogIOPSRequirement": 0.00,
            "IOLatencyRequirementInMs": 3.15,
            "IOThroughputRequirementInMBps": 0.00,
            "DataStorageRequirementInMB": 10.00,
            "LogStorageRequirementInMB": 1.00,
            "DatabaseName": "CNA_BI_Fraud",
            "MemoryRequirementInMB": 0.02,
            "CpuRequirementInPercentageOfTotalInstance": 0.00,
            "FileLevelRequirements": [
              {
                "FileName": "E:\\SQLData\\CNA_BI_Fraud.mdf",
                "FileType": "Rows",
                "SizeInMB": 10.00,
                "ReadLatencyInMs": 3.15,
                "WriteLatencyInMs": 0.00,
                "IOPSRequirement": 0.02,
                "IOThroughputRequirementInMBps": 0.00,
                "NumberOfDataPointsAnalyzed": 234.00
              },
              {
                "FileName": "E:\\SQLLogs\\CNA_BI_Fraud_log.ldf",
                "FileType": "Log",
                "SizeInMB": 1.00,
                "ReadLatencyInMs": 0.00,
                "WriteLatencyInMs": 0.00,
                "IOPSRequirement": 0.00,
                "IOThroughputRequirementInMBps": 0.00,
                "NumberOfDataPointsAnalyzed": 234.00
              }
            ],
            "NumberOfDataPointsAnalyzed": 41.00
          },
          {
            "CpuRequirementInCores": 0.00,
            "DataIOPSRequirement": 0.02,
            "LogIOPSRequirement": 0.00,
            "IOLatencyRequirementInMs": 1.29,
            "IOThroughputRequirementInMBps": 0.00,
            "DataStorageRequirementInMB": 10.00,
            "LogStorageRequirementInMB": 2.00,
            "DatabaseName": "CNA_SCM",
            "MemoryRequirementInMB": 0.02,
            "CpuRequirementInPercentageOfTotalInstance": 0.00,
            "FileLevelRequirements": [
              {
                "FileName": "E:\\SQLData\\CNA_SCM.mdf",
                "FileType": "Rows",
                "SizeInMB": 10.00,
                "ReadLatencyInMs": 1.29,
                "WriteLatencyInMs": 0.00,
                "IOPSRequirement": 0.02,
                "IOThroughputRequirementInMBps": 0.00,
                "NumberOfDataPointsAnalyzed": 234.00
              },
              {
                "FileName": "E:\\SQLLogs\\CNA_SCM_log.ldf",
                "FileType": "Log",
                "SizeInMB": 2.00,
                "ReadLatencyInMs": 0.00,
                "WriteLatencyInMs": 0.00,
                "IOPSRequirement": 0.00,
                "IOThroughputRequirementInMBps": 0.00,
                "NumberOfDataPointsAnalyzed": 234.00
              }
            ],
            "NumberOfDataPointsAnalyzed": 41.00
          },
          {
            "CpuRequirementInCores": 0.00,
            "DataIOPSRequirement": 27.52,
            "LogIOPSRequirement": 0.09,
            "IOLatencyRequirementInMs": 22.16,
            "IOThroughputRequirementInMBps": 2.38,
            "DataStorageRequirementInMB": 256265.00,
            "LogStorageRequirementInMB": 27565.13,
            "DatabaseName": "DataTeam",
            "MemoryRequirementInMB": 251.28,
            "CpuRequirementInPercentageOfTotalInstance": 0.02,
            "FileLevelRequirements": [
              {
                "FileName": "x:\\data\\DataTeam.mdf",
                "FileType": "Rows",
                "SizeInMB": 256265.00,
                "ReadLatencyInMs": 27.73,
                "WriteLatencyInMs": 13.84,
                "IOPSRequirement": 27.52,
                "IOThroughputRequirementInMBps": 2.38,
                "NumberOfDataPointsAnalyzed": 234.00
              },
              {
                "FileName": "x:\\logs\\DataTeam_log.ldf",
                "FileType": "Log",
                "SizeInMB": 27565.13,
                "ReadLatencyInMs": 0.00,
                "WriteLatencyInMs": 5.12,
                "IOPSRequirement": 0.09,
                "IOThroughputRequirementInMBps": 0.00,
                "NumberOfDataPointsAnalyzed": 234.00
              }
            ],
            "NumberOfDataPointsAnalyzed": 59.00
          },
          {
            "CpuRequirementInCores": 0.00,
            "DataIOPSRequirement": 0.02,
            "LogIOPSRequirement": 0.00,
            "IOLatencyRequirementInMs": 2.01,
            "IOThroughputRequirementInMBps": 0.00,
            "DataStorageRequirementInMB": 10459.00,
            "LogStorageRequirementInMB": 56.31,
            "DatabaseName": "SHARED_SRC",
            "MemoryRequirementInMB": 0.02,
            "CpuRequirementInPercentageOfTotalInstance": 0.00,
            "FileLevelRequirements": [
              {
                "FileName": "I:\\Data\\SHARED_SRC.mdf",
                "FileType": "Rows",
                "SizeInMB": 10459.00,
                "ReadLatencyInMs": 2.01,
                "WriteLatencyInMs": 0.00,
                "IOPSRequirement": 0.02,
                "IOThroughputRequirementInMBps": 0.00,
                "NumberOfDataPointsAnalyzed": 234.00
              },
              {
                "FileName": "L:\\Logs\\SHARED_SRC_log.ldf",
                "FileType": "Log",
                "SizeInMB": 56.31,
                "ReadLatencyInMs": 0.00,
                "WriteLatencyInMs": 0.00,
                "IOPSRequirement": 0.00,
                "IOThroughputRequirementInMBps": 0.00,
                "NumberOfDataPointsAnalyzed": 234.00
              }
            ],
            "NumberOfDataPointsAnalyzed": 41.00
          },
          {
            "CpuRequirementInCores": 0.00,
            "DataIOPSRequirement": 0.02,
            "LogIOPSRequirement": 0.00,
            "IOLatencyRequirementInMs": 1.43,
            "IOThroughputRequirementInMBps": 0.00,
            "DataStorageRequirementInMB": 2.38,
            "LogStorageRequirementInMB": 5.06,
            "DatabaseName": "DemoCorruptMetadata",
            "MemoryRequirementInMB": 0.02,
            "CpuRequirementInPercentageOfTotalInstance": 0.00,
            "FileLevelRequirements": [
              {
                "FileName": "E:\\SQLData\\DemoCorruptMetadata.mdf",
                "FileType": "Rows",
                "SizeInMB": 2.38,
                "ReadLatencyInMs": 1.43,
                "WriteLatencyInMs": 0.00,
                "IOPSRequirement": 0.02,
                "IOThroughputRequirementInMBps": 0.00,
                "NumberOfDataPointsAnalyzed": 234.00
              },
              {
                "FileName": "E:\\SQLLogs\\DemoCorruptMetadata_log.ldf",
                "FileType": "Log",
                "SizeInMB": 5.06,
                "ReadLatencyInMs": 0.00,
                "WriteLatencyInMs": 0.00,
                "IOPSRequirement": 0.00,
                "IOThroughputRequirementInMBps": 0.00,
                "NumberOfDataPointsAnalyzed": 234.00
              }
            ],
            "NumberOfDataPointsAnalyzed": 41.00
          },
          {
            "CpuRequirementInCores": 0.00,
            "DataIOPSRequirement": 0.02,
            "LogIOPSRequirement": 0.00,
            "IOLatencyRequirementInMs": 1.43,
            "IOThroughputRequirementInMBps": 0.00,
            "DataStorageRequirementInMB": 303.25,
            "LogStorageRequirementInMB": 81.00,
            "DatabaseName": "Dinghy_Dummy_DW",
            "MemoryRequirementInMB": 0.02,
            "CpuRequirementInPercentageOfTotalInstance": 0.00,
            "FileLevelRequirements": [
              {
                "FileName": "E:\\SQLData\\ShipJr_DW_Dummy.mdf",
                "FileType": "Rows",
                "SizeInMB": 303.25,
                "ReadLatencyInMs": 1.43,
                "WriteLatencyInMs": 0.00,
                "IOPSRequirement": 0.02,
                "IOThroughputRequirementInMBps": 0.00,
                "NumberOfDataPointsAnalyzed": 234.00
              },
              {
                "FileName": "E:\\SQLLogs\\ShipJr_DW_Dummy_log.ldf",
                "FileType": "Log",
                "SizeInMB": 81.00,
                "ReadLatencyInMs": 0.00,
                "WriteLatencyInMs": 0.00,
                "IOPSRequirement": 0.00,
                "IOThroughputRequirementInMBps": 0.00,
                "NumberOfDataPointsAnalyzed": 234.00
              }
            ],
            "NumberOfDataPointsAnalyzed": 41.00
          },
          {
            "CpuRequirementInCores": 0.00,
            "DataIOPSRequirement": 0.02,
            "LogIOPSRequirement": 0.00,
            "IOLatencyRequirementInMs": 3.72,
            "IOThroughputRequirementInMBps": 0.00,
            "DataStorageRequirementInMB": 380.19,
            "LogStorageRequirementInMB": 506.19,
            "DatabaseName": "PRU_Sentinel",
            "MemoryRequirementInMB": 0.02,
            "CpuRequirementInPercentageOfTotalInstance": 0.00,
            "FileLevelRequirements": [
              {
                "FileName": "E:\\SqlData\\PRU_Sentinel.mdf",
                "FileType": "Rows",
                "SizeInMB": 380.19,
                "ReadLatencyInMs": 3.72,
                "WriteLatencyInMs": 0.00,
                "IOPSRequirement": 0.02,
                "IOThroughputRequirementInMBps": 0.00,
                "NumberOfDataPointsAnalyzed": 234.00
              },
              {
                "FileName": "E:\\SQLLogs\\PRU_Sentinel_log.ldf",
                "FileType": "Log",
                "SizeInMB": 506.19,
                "ReadLatencyInMs": 0.00,
                "WriteLatencyInMs": 0.00,
                "IOPSRequirement": 0.00,
                "IOThroughputRequirementInMBps": 0.00,
                "NumberOfDataPointsAnalyzed": 234.00
              }
            ],
            "NumberOfDataPointsAnalyzed": 41.00
          },
          {
            "CpuRequirementInCores": 0.00,
            "DataIOPSRequirement": 0.02,
            "LogIOPSRequirement": 0.00,
            "IOLatencyRequirementInMs": 1.72,
            "IOThroughputRequirementInMBps": 0.00,
            "DataStorageRequirementInMB": 86.00,
            "LogStorageRequirementInMB": 2.00,
            "DatabaseName": "GAWF",
            "MemoryRequirementInMB": 0.02,
            "CpuRequirementInPercentageOfTotalInstance": 0.00,
            "FileLevelRequirements": [
              {
                "FileName": "E:\\SQLData\\GAWF.mdf",
                "FileType": "Rows",
                "SizeInMB": 86.00,
                "ReadLatencyInMs": 1.72,
                "WriteLatencyInMs": 0.00,
                "IOPSRequirement": 0.02,
                "IOThroughputRequirementInMBps": 0.00,
                "NumberOfDataPointsAnalyzed": 234.00
              },
              {
                "FileName": "E:\\SQLLogs\\GAWF_log.ldf",
                "FileType": "Log",
                "SizeInMB": 2.00,
                "ReadLatencyInMs": 0.00,
                "WriteLatencyInMs": 0.00,
                "IOPSRequirement": 0.00,
                "IOThroughputRequirementInMBps": 0.00,
                "NumberOfDataPointsAnalyzed": 234.00
              }
            ],
            "NumberOfDataPointsAnalyzed": 41.00
          },
          {
            "CpuRequirementInCores": 0.00,
            "DataIOPSRequirement": 0.02,
            "LogIOPSRequirement": 0.00,
            "IOLatencyRequirementInMs": 2.01,
            "IOThroughputRequirementInMBps": 0.00,
            "DataStorageRequirementInMB": 15.00,
            "LogStorageRequirementInMB": 1.50,
            "DatabaseName": "LEIE",
            "MemoryRequirementInMB": 0.02,
            "CpuRequirementInPercentageOfTotalInstance": 0.00,
            "FileLevelRequirements": [
              {
                "FileName": "I:\\Data\\LEIE.mdf",
                "FileType": "Rows",
                "SizeInMB": 15.00,
                "ReadLatencyInMs": 2.01,
                "WriteLatencyInMs": 0.00,
                "IOPSRequirement": 0.02,
                "IOThroughputRequirementInMBps": 0.00,
                "NumberOfDataPointsAnalyzed": 234.00
              },
              {
                "FileName": "L:\\Logs\\LEIE_log.ldf",
                "FileType": "Log",
                "SizeInMB": 1.50,
                "ReadLatencyInMs": 0.00,
                "WriteLatencyInMs": 0.00,
                "IOPSRequirement": 0.00,
                "IOThroughputRequirementInMBps": 0.00,
                "NumberOfDataPointsAnalyzed": 234.00
              }
            ],
            "NumberOfDataPointsAnalyzed": 41.00
          },
          {
            "CpuRequirementInCores": 0.00,
            "DataIOPSRequirement": 0.02,
            "LogIOPSRequirement": 0.00,
            "IOLatencyRequirementInMs": 6.87,
            "IOThroughputRequirementInMBps": 0.00,
            "DataStorageRequirementInMB": 100.00,
            "LogStorageRequirementInMB": 100.00,
            "DatabaseName": "Cabinet_Master",
            "MemoryRequirementInMB": 0.02,
            "CpuRequirementInPercentageOfTotalInstance": 0.00,
            "FileLevelRequirements": [
              {
                "FileName": "E:\\SqlData\\Cabinet_Master.mdf",
                "FileType": "Rows",
                "SizeInMB": 100.00,
                "ReadLatencyInMs": 6.87,
                "WriteLatencyInMs": 0.00,
                "IOPSRequirement": 0.02,
                "IOThroughputRequirementInMBps": 0.00,
                "NumberOfDataPointsAnalyzed": 234.00
              },
              {
                "FileName": "E:\\SQLLogs\\Cabinet_Master_log.ldf",
                "FileType": "Log",
                "SizeInMB": 100.00,
                "ReadLatencyInMs": 0.00,
                "WriteLatencyInMs": 0.00,
                "IOPSRequirement": 0.00,
                "IOThroughputRequirementInMBps": 0.00,
                "NumberOfDataPointsAnalyzed": 234.00
              }
            ],
            "NumberOfDataPointsAnalyzed": 41.00
          },
          {
            "CpuRequirementInCores": 0.00,
            "DataIOPSRequirement": 0.02,
            "LogIOPSRequirement": 0.00,
            "IOLatencyRequirementInMs": 1.00,
            "IOThroughputRequirementInMBps": 0.00,
            "DataStorageRequirementInMB": 4.00,
            "LogStorageRequirementInMB": 1.00,
            "DatabaseName": "VendorScoreCard_Restored",
            "MemoryRequirementInMB": 0.02,
            "CpuRequirementInPercentageOfTotalInstance": 0.00,
            "FileLevelRequirements": [
              {
                "FileName": "P:\\SQLdata\\VendorScoreCard.mdf",
                "FileType": "Rows",
                "SizeInMB": 4.00,
                "ReadLatencyInMs": 1.00,
                "WriteLatencyInMs": 0.00,
                "IOPSRequirement": 0.02,
                "IOThroughputRequirementInMBps": 0.00,
                "NumberOfDataPointsAnalyzed": 234.00
              },
              {
                "FileName": "P:\\SQLLogs\\VendorScoreCard_log.ldf",
                "FileType": "Log",
                "SizeInMB": 1.00,
                "ReadLatencyInMs": 0.00,
                "WriteLatencyInMs": 0.00,
                "IOPSRequirement": 0.00,
                "IOThroughputRequirementInMBps": 0.00,
                "NumberOfDataPointsAnalyzed": 234.00
              }
            ],
            "NumberOfDataPointsAnalyzed": 41.00
          },
          {
            "CpuRequirementInCores": 0.00,
            "DataIOPSRequirement": 0.03,
            "LogIOPSRequirement": 0.00,
            "IOLatencyRequirementInMs": 6.24,
            "IOThroughputRequirementInMBps": 0.00,
            "DataStorageRequirementInMB": 177.25,
            "LogStorageRequirementInMB": 146.44,
            "DatabaseName": "Polaris_Dinghy",
            "MemoryRequirementInMB": 0.02,
            "CpuRequirementInPercentageOfTotalInstance": 0.00,
            "FileLevelRequirements": [
              {
                "FileName": "E:\\SqlData\\Polaris_Dinghy.mdf",
                "FileType": "Rows",
                "SizeInMB": 177.25,
                "ReadLatencyInMs": 6.24,
                "WriteLatencyInMs": 0.00,
                "IOPSRequirement": 0.03,
                "IOThroughputRequirementInMBps": 0.00,
                "NumberOfDataPointsAnalyzed": 234.00
              },
              {
                "FileName": "E:\\SQLLogs\\Polaris_Dinghy_log.ldf",
                "FileType": "Log",
                "SizeInMB": 146.44,
                "ReadLatencyInMs": 0.00,
                "WriteLatencyInMs": 0.00,
                "IOPSRequirement": 0.00,
                "IOThroughputRequirementInMBps": 0.00,
                "NumberOfDataPointsAnalyzed": 234.00
              }
            ],
            "NumberOfDataPointsAnalyzed": 54.00
          },
          {
            "CpuRequirementInCores": 0.00,
            "DataIOPSRequirement": 0.02,
            "LogIOPSRequirement": 0.00,
            "IOLatencyRequirementInMs": 1.43,
            "IOThroughputRequirementInMBps": 0.00,
            "DataStorageRequirementInMB": 20.00,
            "LogStorageRequirementInMB": 10.00,
            "DatabaseName": "TestRail",
            "MemoryRequirementInMB": 0.02,
            "CpuRequirementInPercentageOfTotalInstance": 0.00,
            "FileLevelRequirements": [
              {
                "FileName": "G:\\Data\\TestRail.mdf",
                "FileType": "Rows",
                "SizeInMB": 20.00,
                "ReadLatencyInMs": 1.43,
                "WriteLatencyInMs": 0.00,
                "IOPSRequirement": 0.02,
                "IOThroughputRequirementInMBps": 0.00,
                "NumberOfDataPointsAnalyzed": 234.00
              },
              {
                "FileName": "G:\\Logs\\TestRail_log.ldf",
                "FileType": "Log",
                "SizeInMB": 10.00,
                "ReadLatencyInMs": 0.00,
                "WriteLatencyInMs": 0.00,
                "IOPSRequirement": 0.00,
                "IOThroughputRequirementInMBps": 0.00,
                "NumberOfDataPointsAnalyzed": 234.00
              }
            ],
            "NumberOfDataPointsAnalyzed": 41.00
          },
          {
            "CpuRequirementInCores": 0.00,
            "DataIOPSRequirement": 0.02,
            "LogIOPSRequirement": 0.00,
            "IOLatencyRequirementInMs": 3.15,
            "IOThroughputRequirementInMBps": 0.00,
            "DataStorageRequirementInMB": 460.13,
            "LogStorageRequirementInMB": 177.25,
            "DatabaseName": "RINC_SHIP",
            "MemoryRequirementInMB": 0.02,
            "CpuRequirementInPercentageOfTotalInstance": 0.00,
            "FileLevelRequirements": [
              {
                "FileName": "E:\\SqlData\\RINC_SHIP.mdf",
                "FileType": "Rows",
                "SizeInMB": 460.13,
                "ReadLatencyInMs": 3.15,
                "WriteLatencyInMs": 0.00,
                "IOPSRequirement": 0.02,
                "IOThroughputRequirementInMBps": 0.00,
                "NumberOfDataPointsAnalyzed": 234.00
              },
              {
                "FileName": "E:\\SQLLogs\\RINC_SHIP_log.ldf",
                "FileType": "Log",
                "SizeInMB": 177.25,
                "ReadLatencyInMs": 0.00,
                "WriteLatencyInMs": 0.00,
                "IOPSRequirement": 0.00,
                "IOThroughputRequirementInMBps": 0.00,
                "NumberOfDataPointsAnalyzed": 234.00
              }
            ],
            "NumberOfDataPointsAnalyzed": 41.00
          },
          {
            "CpuRequirementInCores": 0.00,
            "DataIOPSRequirement": 0.02,
            "LogIOPSRequirement": 0.00,
            "IOLatencyRequirementInMs": 1.72,
            "IOThroughputRequirementInMBps": 0.00,
            "DataStorageRequirementInMB": 100.00,
            "LogStorageRequirementInMB": 100.00,
            "DatabaseName": "RINC_Master",
            "MemoryRequirementInMB": 0.02,
            "CpuRequirementInPercentageOfTotalInstance": 0.00,
            "FileLevelRequirements": [
              {
                "FileName": "E:\\SqlData\\RINC_Master.mdf",
                "FileType": "Rows",
                "SizeInMB": 100.00,
                "ReadLatencyInMs": 1.72,
                "WriteLatencyInMs": 0.00,
                "IOPSRequirement": 0.02,
                "IOThroughputRequirementInMBps": 0.00,
                "NumberOfDataPointsAnalyzed": 234.00
              },
              {
                "FileName": "E:\\SQLLogs\\RINC_Master_log.ldf",
                "FileType": "Log",
                "SizeInMB": 100.00,
                "ReadLatencyInMs": 0.00,
                "WriteLatencyInMs": 0.00,
                "IOPSRequirement": 0.00,
                "IOThroughputRequirementInMBps": 0.00,
                "NumberOfDataPointsAnalyzed": 234.00
              }
            ],
            "NumberOfDataPointsAnalyzed": 41.00
          },
          {
            "CpuRequirementInCores": 0.00,
            "DataIOPSRequirement": 0.02,
            "LogIOPSRequirement": 0.00,
            "IOLatencyRequirementInMs": 1.86,
            "IOThroughputRequirementInMBps": 0.00,
            "DataStorageRequirementInMB": 235.31,
            "LogStorageRequirementInMB": 46.50,
            "DatabaseName": "SHIP_SCM",
            "MemoryRequirementInMB": 0.02,
            "CpuRequirementInPercentageOfTotalInstance": 0.00,
            "FileLevelRequirements": [
              {
                "FileName": "V:\\Data\\SHIP_SCM.mdf",
                "FileType": "Rows",
                "SizeInMB": 235.31,
                "ReadLatencyInMs": 1.86,
                "WriteLatencyInMs": 0.00,
                "IOPSRequirement": 0.02,
                "IOThroughputRequirementInMBps": 0.00,
                "NumberOfDataPointsAnalyzed": 234.00
              },
              {
                "FileName": "E:\\SQLLogs\\SHIP_SCM_log.ldf",
                "FileType": "Log",
                "SizeInMB": 46.50,
                "ReadLatencyInMs": 0.00,
                "WriteLatencyInMs": 0.00,
                "IOPSRequirement": 0.00,
                "IOThroughputRequirementInMBps": 0.00,
                "NumberOfDataPointsAnalyzed": 234.00
              }
            ],
            "NumberOfDataPointsAnalyzed": 41.00
          },
          {
            "CpuRequirementInCores": 1.01,
            "DataIOPSRequirement": 0.79,
            "LogIOPSRequirement": 0.54,
            "IOLatencyRequirementInMs": 9.62,
            "IOThroughputRequirementInMBps": 0.02,
            "DataStorageRequirementInMB": 4190.00,
            "LogStorageRequirementInMB": 44734.50,
            "DatabaseName": "FZNJira_UAT_TEST",
            "MemoryRequirementInMB": 1.36,
            "CpuRequirementInPercentageOfTotalInstance": 100.00,
            "FileLevelRequirements": [
              {
                "FileName": "E:\\SqlData\\FZNJiraOps.mdf",
                "FileType": "Rows",
                "SizeInMB": 4190.00,
                "ReadLatencyInMs": 10.07,
                "WriteLatencyInMs": 3.23,
                "IOPSRequirement": 0.79,
                "IOThroughputRequirementInMBps": 0.01,
                "NumberOfDataPointsAnalyzed": 234.00
              },
              {
                "FileName": "E:\\SQLLogs\\FZNJiraOps_log.ldf",
                "FileType": "Log",
                "SizeInMB": 44734.50,
                "ReadLatencyInMs": 0.00,
                "WriteLatencyInMs": 6.57,
                "IOPSRequirement": 0.54,
                "IOThroughputRequirementInMBps": 0.01,
                "NumberOfDataPointsAnalyzed": 234.00
              }
            ],
            "NumberOfDataPointsAnalyzed": 73.00
          },
          {
            "CpuRequirementInCores": 0.00,
            "DataIOPSRequirement": 0.02,
            "LogIOPSRequirement": 0.00,
            "IOLatencyRequirementInMs": 3.44,
            "IOThroughputRequirementInMBps": 0.00,
            "DataStorageRequirementInMB": 4008.00,
            "LogStorageRequirementInMB": 71.00,
            "DatabaseName": "FZNJiraNonOps",
            "MemoryRequirementInMB": 0.02,
            "CpuRequirementInPercentageOfTotalInstance": 0.00,
            "FileLevelRequirements": [
              {
                "FileName": "E:\\SqlData\\FZNJiraNonOps.mdf",
                "FileType": "Rows",
                "SizeInMB": 4008.00,
                "ReadLatencyInMs": 3.44,
                "WriteLatencyInMs": 0.00,
                "IOPSRequirement": 0.02,
                "IOThroughputRequirementInMBps": 0.00,
                "NumberOfDataPointsAnalyzed": 234.00
              },
              {
                "FileName": "E:\\SQLLogs\\FZNJiraNonOps_log.ldf",
                "FileType": "Log",
                "SizeInMB": 71.00,
                "ReadLatencyInMs": 0.00,
                "WriteLatencyInMs": 0.00,
                "IOPSRequirement": 0.00,
                "IOThroughputRequirementInMBps": 0.00,
                "NumberOfDataPointsAnalyzed": 234.00
              }
            ],
            "NumberOfDataPointsAnalyzed": 41.00
          },
          {
            "CpuRequirementInCores": 0.00,
            "DataIOPSRequirement": 0.03,
            "LogIOPSRequirement": 0.00,
            "IOLatencyRequirementInMs": 1.43,
            "IOThroughputRequirementInMBps": 0.00,
            "DataStorageRequirementInMB": 1769226.31,
            "LogStorageRequirementInMB": 483872.81,
            "DatabaseName": "SHIP_STG_DEV",
            "MemoryRequirementInMB": 0.02,
            "CpuRequirementInPercentageOfTotalInstance": 0.00,
            "FileLevelRequirements": [
              {
                "FileName": "P:\\SqlData\\SHIP_STG_PROD.mdf",
                "FileType": "Rows",
                "SizeInMB": 1769226.31,
                "ReadLatencyInMs": 1.43,
                "WriteLatencyInMs": 0.00,
                "IOPSRequirement": 0.03,
                "IOThroughputRequirementInMBps": 0.00,
                "NumberOfDataPointsAnalyzed": 234.00
              },
              {
                "FileName": "P:\\SQLLogs\\SHIP_STG_PROD_log.ldf",
                "FileType": "Log",
                "SizeInMB": 483872.81,
                "ReadLatencyInMs": 0.00,
                "WriteLatencyInMs": 0.00,
                "IOPSRequirement": 0.00,
                "IOThroughputRequirementInMBps": 0.00,
                "NumberOfDataPointsAnalyzed": 234.00
              }
            ],
            "NumberOfDataPointsAnalyzed": 41.00
          },
          {
            "CpuRequirementInCores": 0.00,
            "DataIOPSRequirement": 0.02,
            "LogIOPSRequirement": 0.00,
            "IOLatencyRequirementInMs": 1.58,
            "IOThroughputRequirementInMBps": 0.00,
            "DataStorageRequirementInMB": 100.00,
            "LogStorageRequirementInMB": 100.00,
            "DatabaseName": "ACH_AUDITDB",
            "MemoryRequirementInMB": 0.02,
            "CpuRequirementInPercentageOfTotalInstance": 0.00,
            "FileLevelRequirements": [
              {
                "FileName": "E:\\SqlData\\ACH_VALIDATION.mdf",
                "FileType": "Rows",
                "SizeInMB": 100.00,
                "ReadLatencyInMs": 1.58,
                "WriteLatencyInMs": 0.00,
                "IOPSRequirement": 0.02,
                "IOThroughputRequirementInMBps": 0.00,
                "NumberOfDataPointsAnalyzed": 234.00
              },
              {
                "FileName": "E:\\SQLLogs\\ACH_VALIDATION_log.ldf",
                "FileType": "Log",
                "SizeInMB": 100.00,
                "ReadLatencyInMs": 0.00,
                "WriteLatencyInMs": 0.00,
                "IOPSRequirement": 0.00,
                "IOThroughputRequirementInMBps": 0.00,
                "NumberOfDataPointsAnalyzed": 234.00
              }
            ],
            "NumberOfDataPointsAnalyzed": 41.00
          },
          {
            "CpuRequirementInCores": 0.00,
            "DataIOPSRequirement": 0.04,
            "LogIOPSRequirement": 0.00,
            "IOLatencyRequirementInMs": 1.79,
            "IOThroughputRequirementInMBps": 0.00,
            "DataStorageRequirementInMB": 840.44,
            "LogStorageRequirementInMB": 50.50,
            "DatabaseName": "SSISDB",
            "MemoryRequirementInMB": 0.03,
            "CpuRequirementInPercentageOfTotalInstance": 0.00,
            "FileLevelRequirements": [
              {
                "FileName": "U:\\Data\\SSISDB.mdf",
                "FileType": "Rows",
                "SizeInMB": 840.44,
                "ReadLatencyInMs": 1.43,
                "WriteLatencyInMs": 2.15,
                "IOPSRequirement": 0.04,
                "IOThroughputRequirementInMBps": 0.00,
                "NumberOfDataPointsAnalyzed": 234.00
              },
              {
                "FileName": "U:\\Data\\SSISDB.ldf",
                "FileType": "Log",
                "SizeInMB": 50.50,
                "ReadLatencyInMs": 0.00,
                "WriteLatencyInMs": 0.00,
                "IOPSRequirement": 0.00,
                "IOThroughputRequirementInMBps": 0.00,
                "NumberOfDataPointsAnalyzed": 234.00
              }
            ],
            "NumberOfDataPointsAnalyzed": 45.00
          },
          {
            "CpuRequirementInCores": 0.00,
            "DataIOPSRequirement": 0.02,
            "LogIOPSRequirement": 0.00,
            "IOLatencyRequirementInMs": 1.72,
            "IOThroughputRequirementInMBps": 0.00,
            "DataStorageRequirementInMB": 100.00,
            "LogStorageRequirementInMB": 100.00,
            "DatabaseName": "Cabinet_SHIP",
            "MemoryRequirementInMB": 0.02,
            "CpuRequirementInPercentageOfTotalInstance": 0.00,
            "FileLevelRequirements": [
              {
                "FileName": "E:\\SqlData\\Cabinet_SHIP.mdf",
                "FileType": "Rows",
                "SizeInMB": 100.00,
                "ReadLatencyInMs": 1.72,
                "WriteLatencyInMs": 0.00,
                "IOPSRequirement": 0.02,
                "IOThroughputRequirementInMBps": 0.00,
                "NumberOfDataPointsAnalyzed": 234.00
              },
              {
                "FileName": "E:\\SQLLogs\\Cabinet_SHIP_log.ldf",
                "FileType": "Log",
                "SizeInMB": 100.00,
                "ReadLatencyInMs": 0.00,
                "WriteLatencyInMs": 0.00,
                "IOPSRequirement": 0.00,
                "IOThroughputRequirementInMBps": 0.00,
                "NumberOfDataPointsAnalyzed": 234.00
              }
            ],
            "NumberOfDataPointsAnalyzed": 41.00
          },
          {
            "CpuRequirementInCores": 0.00,
            "DataIOPSRequirement": 0.11,
            "LogIOPSRequirement": 0.00,
            "IOLatencyRequirementInMs": 4.17,
            "IOThroughputRequirementInMBps": 0.00,
            "DataStorageRequirementInMB": 95.19,
            "LogStorageRequirementInMB": 101.56,
            "DatabaseName": "Tfs_Configuration",
            "MemoryRequirementInMB": 0.11,
            "CpuRequirementInPercentageOfTotalInstance": 0.00,
            "FileLevelRequirements": [
              {
                "FileName": "E:\\SQLData\\Tfs_Configuration.mdf",
                "FileType": "Rows",
                "SizeInMB": 95.19,
                "ReadLatencyInMs": 4.17,
                "WriteLatencyInMs": 0.00,
                "IOPSRequirement": 0.11,
                "IOThroughputRequirementInMBps": 0.00,
                "NumberOfDataPointsAnalyzed": 234.00
              },
              {
                "FileName": "E:\\SQLLogs\\Tfs_Configuration_log.ldf",
                "FileType": "Log",
                "SizeInMB": 101.56,
                "ReadLatencyInMs": 0.00,
                "WriteLatencyInMs": 0.00,
                "IOPSRequirement": 0.00,
                "IOThroughputRequirementInMBps": 0.00,
                "NumberOfDataPointsAnalyzed": 234.00
              }
            ],
            "NumberOfDataPointsAnalyzed": 73.00
          },
          {
            "CpuRequirementInCores": 0.00,
            "DataIOPSRequirement": 0.03,
            "LogIOPSRequirement": 0.00,
            "IOLatencyRequirementInMs": 3.13,
            "IOThroughputRequirementInMBps": 0.00,
            "DataStorageRequirementInMB": 75.19,
            "LogStorageRequirementInMB": 122.94,
            "DatabaseName": "Tfs_DefaultCollection",
            "MemoryRequirementInMB": 0.02,
            "CpuRequirementInPercentageOfTotalInstance": 0.00,
            "FileLevelRequirements": [
              {
                "FileName": "E:\\SQLData\\Tfs_DefaultCollection.mdf",
                "FileType": "Rows",
                "SizeInMB": 75.19,
                "ReadLatencyInMs": 3.13,
                "WriteLatencyInMs": 0.00,
                "IOPSRequirement": 0.03,
                "IOThroughputRequirementInMBps": 0.00,
                "NumberOfDataPointsAnalyzed": 234.00
              },
              {
                "FileName": "E:\\SQLLogs\\Tfs_DefaultCollection_log.ldf",
                "FileType": "Log",
                "SizeInMB": 122.94,
                "ReadLatencyInMs": 0.00,
                "WriteLatencyInMs": 0.00,
                "IOPSRequirement": 0.00,
                "IOThroughputRequirementInMBps": 0.00,
                "NumberOfDataPointsAnalyzed": 234.00
              }
            ],
            "NumberOfDataPointsAnalyzed": 55.00
          },
          {
            "CpuRequirementInCores": 0.00,
            "DataIOPSRequirement": 0.02,
            "LogIOPSRequirement": 0.00,
            "IOLatencyRequirementInMs": 1.43,
            "IOThroughputRequirementInMBps": 0.01,
            "DataStorageRequirementInMB": 100.00,
            "LogStorageRequirementInMB": 100.00,
            "DatabaseName": "Rehab_App",
            "MemoryRequirementInMB": 0.02,
            "CpuRequirementInPercentageOfTotalInstance": 0.00,
            "FileLevelRequirements": [
              {
                "FileName": "E:\\SqlData\\Rehab_App.mdf",
                "FileType": "Rows",
                "SizeInMB": 100.00,
                "ReadLatencyInMs": 1.43,
                "WriteLatencyInMs": 0.00,
                "IOPSRequirement": 0.02,
                "IOThroughputRequirementInMBps": 0.01,
                "NumberOfDataPointsAnalyzed": 234.00
              },
              {
                "FileName": "E:\\SQLLogs\\Rehab_App_log.ldf",
                "FileType": "Log",
                "SizeInMB": 100.00,
                "ReadLatencyInMs": 0.00,
                "WriteLatencyInMs": 0.00,
                "IOPSRequirement": 0.00,
                "IOThroughputRequirementInMBps": 0.00,
                "NumberOfDataPointsAnalyzed": 234.00
              }
            ],
            "NumberOfDataPointsAnalyzed": 41.00
          },
          {
            "CpuRequirementInCores": 0.00,
            "DataIOPSRequirement": 0.02,
            "LogIOPSRequirement": 0.00,
            "IOLatencyRequirementInMs": 11.03,
            "IOThroughputRequirementInMBps": 0.00,
            "DataStorageRequirementInMB": 100.00,
            "LogStorageRequirementInMB": 100.00,
            "DatabaseName": "Polaris_Master",
            "MemoryRequirementInMB": 0.02,
            "CpuRequirementInPercentageOfTotalInstance": 0.00,
            "FileLevelRequirements": [
              {
                "FileName": "E:\\SqlData\\Polaris_Master.mdf",
                "FileType": "Rows",
                "SizeInMB": 100.00,
                "ReadLatencyInMs": 11.03,
                "WriteLatencyInMs": 0.00,
                "IOPSRequirement": 0.02,
                "IOThroughputRequirementInMBps": 0.00,
                "NumberOfDataPointsAnalyzed": 234.00
              },
              {
                "FileName": "E:\\SQLLogs\\Polaris_Master_log.ldf",
                "FileType": "Log",
                "SizeInMB": 100.00,
                "ReadLatencyInMs": 0.00,
                "WriteLatencyInMs": 0.00,
                "IOPSRequirement": 0.00,
                "IOThroughputRequirementInMBps": 0.00,
                "NumberOfDataPointsAnalyzed": 234.00
              }
            ],
            "NumberOfDataPointsAnalyzed": 41.00
          },
          {
            "CpuRequirementInCores": 0.19,
            "DataIOPSRequirement": 0.06,
            "LogIOPSRequirement": 0.00,
            "IOLatencyRequirementInMs": 3.80,
            "IOThroughputRequirementInMBps": 0.00,
            "DataStorageRequirementInMB": 177.25,
            "LogStorageRequirementInMB": 146.44,
            "DatabaseName": "Polaris_SHIP",
            "MemoryRequirementInMB": 0.04,
            "CpuRequirementInPercentageOfTotalInstance": 19.28,
            "FileLevelRequirements": [
              {
                "FileName": "E:\\SqlData\\Polaris_SHIP.mdf",
                "FileType": "Rows",
                "SizeInMB": 177.25,
                "ReadLatencyInMs": 3.80,
                "WriteLatencyInMs": 0.00,
                "IOPSRequirement": 0.06,
                "IOThroughputRequirementInMBps": 0.00,
                "NumberOfDataPointsAnalyzed": 234.00
              },
              {
                "FileName": "E:\\SQLLogs\\Polaris_SHIP_log.ldf",
                "FileType": "Log",
                "SizeInMB": 146.44,
                "ReadLatencyInMs": 0.00,
                "WriteLatencyInMs": 0.00,
                "IOPSRequirement": 0.00,
                "IOThroughputRequirementInMBps": 0.00,
                "NumberOfDataPointsAnalyzed": 234.00
              }
            ],
            "NumberOfDataPointsAnalyzed": 55.00
          },
          {
            "CpuRequirementInCores": 0.00,
            "DataIOPSRequirement": 0.02,
            "LogIOPSRequirement": 0.00,
            "IOLatencyRequirementInMs": 6.87,
            "IOThroughputRequirementInMBps": 0.00,
            "DataStorageRequirementInMB": 100.00,
            "LogStorageRequirementInMB": 25.00,
            "DatabaseName": "OpsReport",
            "MemoryRequirementInMB": 0.02,
            "CpuRequirementInPercentageOfTotalInstance": 0.00,
            "FileLevelRequirements": [
              {
                "FileName": "E:\\SqlData\\OpsReport.mdf",
                "FileType": "Rows",
                "SizeInMB": 100.00,
                "ReadLatencyInMs": 6.87,
                "WriteLatencyInMs": 0.00,
                "IOPSRequirement": 0.02,
                "IOThroughputRequirementInMBps": 0.00,
                "NumberOfDataPointsAnalyzed": 234.00
              },
              {
                "FileName": "E:\\SQLLogs\\OpsReport_log.ldf",
                "FileType": "Log",
                "SizeInMB": 25.00,
                "ReadLatencyInMs": 0.00,
                "WriteLatencyInMs": 0.00,
                "IOPSRequirement": 0.00,
                "IOThroughputRequirementInMBps": 0.00,
                "NumberOfDataPointsAnalyzed": 234.00
              }
            ],
            "NumberOfDataPointsAnalyzed": 41.00
          },
          {
            "CpuRequirementInCores": 0.00,
            "DataIOPSRequirement": 0.02,
            "LogIOPSRequirement": 0.00,
            "IOLatencyRequirementInMs": 1.29,
            "IOThroughputRequirementInMBps": 0.00,
            "DataStorageRequirementInMB": 100.00,
            "LogStorageRequirementInMB": 100.00,
            "DatabaseName": "QA_Test_Onboarding",
            "MemoryRequirementInMB": 0.02,
            "CpuRequirementInPercentageOfTotalInstance": 0.00,
            "FileLevelRequirements": [
              {
                "FileName": "E:\\SqlData\\QA_Test_Onboarding.mdf",
                "FileType": "Rows",
                "SizeInMB": 100.00,
                "ReadLatencyInMs": 1.29,
                "WriteLatencyInMs": 0.00,
                "IOPSRequirement": 0.02,
                "IOThroughputRequirementInMBps": 0.00,
                "NumberOfDataPointsAnalyzed": 234.00
              },
              {
                "FileName": "E:\\SQLLogs\\QA_Test_Onboarding_log.ldf",
                "FileType": "Log",
                "SizeInMB": 100.00,
                "ReadLatencyInMs": 0.00,
                "WriteLatencyInMs": 0.00,
                "IOPSRequirement": 0.00,
                "IOThroughputRequirementInMBps": 0.00,
                "NumberOfDataPointsAnalyzed": 234.00
              }
            ],
            "NumberOfDataPointsAnalyzed": 41.00
          },
          {
            "CpuRequirementInCores": 0.00,
            "DataIOPSRequirement": 0.02,
            "LogIOPSRequirement": 0.00,
            "IOLatencyRequirementInMs": 1.86,
            "IOThroughputRequirementInMBps": 0.00,
            "DataStorageRequirementInMB": 100.00,
            "LogStorageRequirementInMB": 100.00,
            "DatabaseName": "Sentinel_Master",
            "MemoryRequirementInMB": 0.02,
            "CpuRequirementInPercentageOfTotalInstance": 0.00,
            "FileLevelRequirements": [
              {
                "FileName": "E:\\SqlData\\Sentinel_Master.mdf",
                "FileType": "Rows",
                "SizeInMB": 100.00,
                "ReadLatencyInMs": 1.86,
                "WriteLatencyInMs": 0.00,
                "IOPSRequirement": 0.02,
                "IOThroughputRequirementInMBps": 0.00,
                "NumberOfDataPointsAnalyzed": 234.00
              },
              {
                "FileName": "E:\\SQLLogs\\Sentinel_Master_log.ldf",
                "FileType": "Log",
                "SizeInMB": 100.00,
                "ReadLatencyInMs": 0.00,
                "WriteLatencyInMs": 0.00,
                "IOPSRequirement": 0.00,
                "IOThroughputRequirementInMBps": 0.00,
                "NumberOfDataPointsAnalyzed": 234.00
              }
            ],
            "NumberOfDataPointsAnalyzed": 41.00
          },
          {
            "CpuRequirementInCores": 0.00,
            "DataIOPSRequirement": 0.02,
            "LogIOPSRequirement": 0.00,
            "IOLatencyRequirementInMs": 1.86,
            "IOThroughputRequirementInMBps": 0.00,
            "DataStorageRequirementInMB": 345.63,
            "LogStorageRequirementInMB": 314.19,
            "DatabaseName": "CNA_Sentinel",
            "MemoryRequirementInMB": 0.02,
            "CpuRequirementInPercentageOfTotalInstance": 0.00,
            "FileLevelRequirements": [
              {
                "FileName": "E:\\SQL Server\\MSSQL12.MSSQLSERVER\\MSSQL\\DATA\\CNA_Sentinel.mdf",
                "FileType": "Rows",
                "SizeInMB": 345.63,
                "ReadLatencyInMs": 1.86,
                "WriteLatencyInMs": 0.00,
                "IOPSRequirement": 0.02,
                "IOThroughputRequirementInMBps": 0.00,
                "NumberOfDataPointsAnalyzed": 234.00
              },
              {
                "FileName": "E:\\SQL Server\\MSSQL12.MSSQLSERVER\\MSSQL\\DATA\\CNA_Sentinel_log.ldf",
                "FileType": "Log",
                "SizeInMB": 314.19,
                "ReadLatencyInMs": 0.00,
                "WriteLatencyInMs": 0.00,
                "IOPSRequirement": 0.00,
                "IOThroughputRequirementInMBps": 0.00,
                "NumberOfDataPointsAnalyzed": 234.00
              }
            ],
            "NumberOfDataPointsAnalyzed": 41.00
          },
          {
            "CpuRequirementInCores": 0.00,
            "DataIOPSRequirement": 0.02,
            "LogIOPSRequirement": 0.00,
            "IOLatencyRequirementInMs": 1.58,
            "IOThroughputRequirementInMBps": 0.00,
            "DataStorageRequirementInMB": 460.13,
            "LogStorageRequirementInMB": 380.19,
            "DatabaseName": "DNG_Sentinel",
            "MemoryRequirementInMB": 0.02,
            "CpuRequirementInPercentageOfTotalInstance": 0.00,
            "FileLevelRequirements": [
              {
                "FileName": "E:\\SQL Server\\MSSQL12.MSSQLSERVER\\MSSQL\\DATA\\DNG_Sentinel.mdf",
                "FileType": "Rows",
                "SizeInMB": 460.13,
                "ReadLatencyInMs": 1.58,
                "WriteLatencyInMs": 0.00,
                "IOPSRequirement": 0.02,
                "IOThroughputRequirementInMBps": 0.00,
                "NumberOfDataPointsAnalyzed": 234.00
              },
              {
                "FileName": "E:\\SQL Server\\MSSQL12.MSSQLSERVER\\MSSQL\\DATA\\DNG_Sentinel_log.ldf",
                "FileType": "Log",
                "SizeInMB": 380.19,
                "ReadLatencyInMs": 0.00,
                "WriteLatencyInMs": 0.00,
                "IOPSRequirement": 0.00,
                "IOThroughputRequirementInMBps": 0.00,
                "NumberOfDataPointsAnalyzed": 234.00
              }
            ],
            "NumberOfDataPointsAnalyzed": 41.00
          },
          {
            "CpuRequirementInCores": 0.00,
            "DataIOPSRequirement": 0.02,
            "LogIOPSRequirement": 0.00,
            "IOLatencyRequirementInMs": 3.72,
            "IOThroughputRequirementInMBps": 0.00,
            "DataStorageRequirementInMB": 506.19,
            "LogStorageRequirementInMB": 460.13,
            "DatabaseName": "SHP_Sentinel",
            "MemoryRequirementInMB": 0.02,
            "CpuRequirementInPercentageOfTotalInstance": 0.00,
            "FileLevelRequirements": [
              {
                "FileName": "E:\\SQL Server\\MSSQL12.MSSQLSERVER\\MSSQL\\DATA\\SHP_Sentinel.mdf",
                "FileType": "Rows",
                "SizeInMB": 506.19,
                "ReadLatencyInMs": 3.72,
                "WriteLatencyInMs": 0.00,
                "IOPSRequirement": 0.02,
                "IOThroughputRequirementInMBps": 0.00,
                "NumberOfDataPointsAnalyzed": 234.00
              },
              {
                "FileName": "E:\\SQL Server\\MSSQL12.MSSQLSERVER\\MSSQL\\DATA\\SHP_Sentinel_log.ldf",
                "FileType": "Log",
                "SizeInMB": 460.13,
                "ReadLatencyInMs": 0.00,
                "WriteLatencyInMs": 0.00,
                "IOPSRequirement": 0.00,
                "IOThroughputRequirementInMBps": 0.00,
                "NumberOfDataPointsAnalyzed": 234.00
              }
            ],
            "NumberOfDataPointsAnalyzed": 41.00
          },
          {
            "CpuRequirementInCores": 0.00,
            "DataIOPSRequirement": 0.02,
            "LogIOPSRequirement": 0.00,
            "IOLatencyRequirementInMs": 7.59,
            "IOThroughputRequirementInMBps": 0.00,
            "DataStorageRequirementInMB": 100.00,
            "LogStorageRequirementInMB": 100.00,
            "DatabaseName": "SentinelPortal_Master",
            "MemoryRequirementInMB": 0.02,
            "CpuRequirementInPercentageOfTotalInstance": 0.00,
            "FileLevelRequirements": [
              {
                "FileName": "E:\\SqlData\\SentinelPortal_Master.mdf",
                "FileType": "Rows",
                "SizeInMB": 100.00,
                "ReadLatencyInMs": 7.59,
                "WriteLatencyInMs": 0.00,
                "IOPSRequirement": 0.02,
                "IOThroughputRequirementInMBps": 0.00,
                "NumberOfDataPointsAnalyzed": 234.00
              },
              {
                "FileName": "E:\\SQLLogs\\SentinelPortal_Master_log.ldf",
                "FileType": "Log",
                "SizeInMB": 100.00,
                "ReadLatencyInMs": 0.00,
                "WriteLatencyInMs": 0.00,
                "IOPSRequirement": 0.00,
                "IOThroughputRequirementInMBps": 0.00,
                "NumberOfDataPointsAnalyzed": 234.00
              }
            ],
            "NumberOfDataPointsAnalyzed": 41.00
          },
          {
            "CpuRequirementInCores": 0.00,
            "DataIOPSRequirement": 0.02,
            "LogIOPSRequirement": 0.00,
            "IOLatencyRequirementInMs": 2.29,
            "IOThroughputRequirementInMBps": 0.00,
            "DataStorageRequirementInMB": 110.00,
            "LogStorageRequirementInMB": 100.00,
            "DatabaseName": "VUESHIP_Historical",
            "MemoryRequirementInMB": 0.02,
            "CpuRequirementInPercentageOfTotalInstance": 0.00,
            "FileLevelRequirements": [
              {
                "FileName": "E:\\SqlData\\VUESHIP_Historical.mdf",
                "FileType": "Rows",
                "SizeInMB": 110.00,
                "ReadLatencyInMs": 2.29,
                "WriteLatencyInMs": 0.00,
                "IOPSRequirement": 0.02,
                "IOThroughputRequirementInMBps": 0.00,
                "NumberOfDataPointsAnalyzed": 234.00
              },
              {
                "FileName": "E:\\SQLLogs\\VUESHIP_Historical_log.ldf",
                "FileType": "Log",
                "SizeInMB": 100.00,
                "ReadLatencyInMs": 0.00,
                "WriteLatencyInMs": 0.00,
                "IOPSRequirement": 0.00,
                "IOThroughputRequirementInMBps": 0.00,
                "NumberOfDataPointsAnalyzed": 234.00
              }
            ],
            "NumberOfDataPointsAnalyzed": 41.00
          }
        ],
        "NumberOfDataPointsAnalyzed": 120.00
      },
      "Recommendations": [
        {
          "RecommendedSku": {
            "Platform": "Azure SQL Managed Instance",
            "HardwareGeneration": "PremiumSeries (Preview)",
            "ServiceTier": "GeneralPurpose",
            "SizeInVCores": 8,
            "StorageSizeInGb": 5376.00
          },
          "Justifications": [
            "This SKU provides more compute than your source requires. However, the smaller 4 vCore SKU was not recommended because: This instance's memory requirement of 42.31 GB exceeds this SKU's limit of 28.00 GB.",
            "According to the performance data collected, we estimate that your instance has a compute requirement of 1.01 vCores. Based on other factors, including memory, storage, and IO, this is the smallest compute sizing that will satisfy all of your requirements.",
            "This instance requires 42.31 GB of memory, which can be satisfied by this SKU's maximum of 56.00 GB.",
            "This instance requires 5,351.38 GB of storage for data files. We recommend provisioning at least 5376 GB of storage, which is the nearest valid amount that can be provisioned. Storage for this SKU is provisioned in increments of 32 GB, up to 8192 GB.",
            "This instance requires 15.13 milliseconds of IO latency, which is within the General Purpose service tier's threshold of 5 milliseconds.",
            "This instance requires 5,536 IOPS for data and log files. Based on your current file sizes, this SKU can achieve 39,100 IOPS if you migrate as-is. You might improve IO performance by increasing file sizes. For more information, visit https://docs.microsoft.com/en-us/azure/azure-sql/managed-instance/resource-limits."
          ]
        }
      ]
    },
    {
      "ServerName": "FUZIONSSIS01-DE",
      "TargetPlatform": "AzureSqlManagedInstance",
      "Requirements": {
        "CpuRequirementInCores": 0.00,
        "DataStorageRequirementInMB": 6098.00,
        "LogStorageRequirementInMB": 6848.00,
        "MemoryRequirementInMB": 45.24,
        "DataIOPSRequirement": 0.00,
        "LogIOPSRequirement": 0.07,
        "IOLatencyRequirementInMs": NaN,
        "IOThroughputRequirementInMBps": 0.00,
        "TempDBSizeInMB": 4352.00,
        "DataPointsStartTime": "0001-01-01T00:00:00",
        "DataPointsEndTime": "9999-12-31T23:59:00",
        "AggregationTargetPercentile": 95,
        "PerfDataCollectionIntervalInSeconds": 30,
        "SqlServerHostRequirements": {
          "HostNICCount": 1
        },
        "DatabaseLevelRequirements": [
          {
            "CpuRequirementInCores": 0.00,
            "DataIOPSRequirement": 0.00,
            "LogIOPSRequirement": 0.07,
            "IOLatencyRequirementInMs": NaN,
            "IOThroughputRequirementInMBps": 0.00,
            "DataStorageRequirementInMB": 2088.00,
            "LogStorageRequirementInMB": 1030.13,
            "DatabaseName": "SSISDB",
            "MemoryRequirementInMB": 22.52,
            "CpuRequirementInPercentageOfTotalInstance": 40.17,
            "FileLevelRequirements": [
              {
                "FileName": "E:\\Program Files\\Microsoft SQL Server\\MSSQL14.MSSQLSERVER\\MSSQL\\DATA\\SSISDB.mdf",
                "FileType": "Rows",
                "SizeInMB": 2088.00,
                "ReadLatencyInMs": 0.00,
                "WriteLatencyInMs": 0.00,
                "IOPSRequirement": 0.00,
                "IOThroughputRequirementInMBps": 0.00,
                "NumberOfDataPointsAnalyzed": 234.00
              },
              {
                "FileName": "E:\\Program Files\\Microsoft SQL Server\\MSSQL14.MSSQLSERVER\\MSSQL\\DATA\\SSISDB.ldf",
                "FileType": "Log",
                "SizeInMB": 1030.13,
                "ReadLatencyInMs": 0.00,
                "WriteLatencyInMs": 6.98,
                "IOPSRequirement": 0.07,
                "IOThroughputRequirementInMBps": 0.00,
                "NumberOfDataPointsAnalyzed": 234.00
              }
            ],
            "NumberOfDataPointsAnalyzed": 79.00
          },
          {
            "CpuRequirementInCores": 0.00,
            "DataIOPSRequirement": 0.00,
            "LogIOPSRequirement": 0.00,
            "IOLatencyRequirementInMs": NaN,
            "IOThroughputRequirementInMBps": 0.00,
            "DataStorageRequirementInMB": 100.00,
            "LogStorageRequirementInMB": 50.00,
            "DatabaseName": "ReportServer",
            "MemoryRequirementInMB": 4.34,
            "CpuRequirementInPercentageOfTotalInstance": 100.00,
            "FileLevelRequirements": [
              {
                "FileName": "E:\\Program Files\\Microsoft SQL Server\\MSSQL14.MSSQLSERVER\\MSSQL\\DATA\\ReportServer.mdf",
                "FileType": "Rows",
                "SizeInMB": 100.00,
                "ReadLatencyInMs": 0.00,
                "WriteLatencyInMs": 0.00,
                "IOPSRequirement": 0.00,
                "IOThroughputRequirementInMBps": 0.00,
                "NumberOfDataPointsAnalyzed": 234.00
              },
              {
                "FileName": "E:\\Program Files\\Microsoft SQL Server\\MSSQL14.MSSQLSERVER\\MSSQL\\DATA\\ReportServer_log.ldf",
                "FileType": "Log",
                "SizeInMB": 50.00,
                "ReadLatencyInMs": 0.00,
                "WriteLatencyInMs": 0.00,
                "IOPSRequirement": 0.00,
                "IOThroughputRequirementInMBps": 0.00,
                "NumberOfDataPointsAnalyzed": 234.00
              }
            ],
            "NumberOfDataPointsAnalyzed": 79.00
          },
          {
            "CpuRequirementInCores": 0.00,
            "DataIOPSRequirement": 0.00,
            "LogIOPSRequirement": 0.00,
            "IOLatencyRequirementInMs": NaN,
            "IOThroughputRequirementInMBps": 0.00,
            "DataStorageRequirementInMB": 100.00,
            "LogStorageRequirementInMB": 50.00,
            "DatabaseName": "ReportServerTempDB",
            "MemoryRequirementInMB": 2.63,
            "CpuRequirementInPercentageOfTotalInstance": 0.00,
            "FileLevelRequirements": [
              {
                "FileName": "E:\\Program Files\\Microsoft SQL Server\\MSSQL14.MSSQLSERVER\\MSSQL\\DATA\\ReportServerTempDB.mdf",
                "FileType": "Rows",
                "SizeInMB": 100.00,
                "ReadLatencyInMs": 0.00,
                "WriteLatencyInMs": 0.00,
                "IOPSRequirement": 0.00,
                "IOThroughputRequirementInMBps": 0.00,
                "NumberOfDataPointsAnalyzed": 234.00
              },
              {
                "FileName": "E:\\Program Files\\Microsoft SQL Server\\MSSQL14.MSSQLSERVER\\MSSQL\\DATA\\ReportServerTempDB_log.ldf",
                "FileType": "Log",
                "SizeInMB": 50.00,
                "ReadLatencyInMs": 0.00,
                "WriteLatencyInMs": 0.00,
                "IOPSRequirement": 0.00,
                "IOThroughputRequirementInMBps": 0.00,
                "NumberOfDataPointsAnalyzed": 234.00
              }
            ],
            "NumberOfDataPointsAnalyzed": 79.00
          },
          {
            "CpuRequirementInCores": 0.00,
            "DataIOPSRequirement": 0.00,
            "LogIOPSRequirement": 0.00,
            "IOLatencyRequirementInMs": NaN,
            "IOThroughputRequirementInMBps": 0.00,
            "DataStorageRequirementInMB": 100.00,
            "LogStorageRequirementInMB": 50.00,
            "DatabaseName": "FileWatcher",
            "MemoryRequirementInMB": 2.23,
            "CpuRequirementInPercentageOfTotalInstance": 0.00,
            "FileLevelRequirements": [
              {
                "FileName": "E:\\Program Files\\Microsoft SQL Server\\MSSQL14.MSSQLSERVER\\MSSQL\\DATA\\FileWatcher.mdf",
                "FileType": "Rows",
                "SizeInMB": 100.00,
                "ReadLatencyInMs": 0.00,
                "WriteLatencyInMs": 0.00,
                "IOPSRequirement": 0.00,
                "IOThroughputRequirementInMBps": 0.00,
                "NumberOfDataPointsAnalyzed": 234.00
              },
              {
                "FileName": "E:\\Program Files\\Microsoft SQL Server\\MSSQL14.MSSQLSERVER\\MSSQL\\DATA\\FileWatcher_log.ldf",
                "FileType": "Log",
                "SizeInMB": 50.00,
                "ReadLatencyInMs": 0.00,
                "WriteLatencyInMs": 0.00,
                "IOPSRequirement": 0.00,
                "IOThroughputRequirementInMBps": 0.00,
                "NumberOfDataPointsAnalyzed": 234.00
              }
            ],
            "NumberOfDataPointsAnalyzed": 79.00
          },
          {
            "CpuRequirementInCores": 0.00,
            "DataIOPSRequirement": 0.00,
            "LogIOPSRequirement": 0.00,
            "IOLatencyRequirementInMs": NaN,
            "IOThroughputRequirementInMBps": 0.00,
            "DataStorageRequirementInMB": 3710.00,
            "LogStorageRequirementInMB": 5667.88,
            "DatabaseName": "Confluence",
            "MemoryRequirementInMB": 13.52,
            "CpuRequirementInPercentageOfTotalInstance": 0.00,
            "FileLevelRequirements": [
              {
                "FileName": "E:\\Program Files\\Microsoft SQL Server\\MSSQL14.MSSQLSERVER\\MSSQL\\DATA\\Confluence.mdf",
                "FileType": "Rows",
                "SizeInMB": 3710.00,
                "ReadLatencyInMs": 0.00,
                "WriteLatencyInMs": 0.00,
                "IOPSRequirement": 0.00,
                "IOThroughputRequirementInMBps": 0.00,
                "NumberOfDataPointsAnalyzed": 234.00
              },
              {
                "FileName": "E:\\Program Files\\Microsoft SQL Server\\MSSQL14.MSSQLSERVER\\MSSQL\\DATA\\Confluence_log.ldf",
                "FileType": "Log",
                "SizeInMB": 5667.88,
                "ReadLatencyInMs": 0.00,
                "WriteLatencyInMs": 0.00,
                "IOPSRequirement": 0.00,
                "IOThroughputRequirementInMBps": 0.00,
                "NumberOfDataPointsAnalyzed": 234.00
              }
            ],
            "NumberOfDataPointsAnalyzed": 79.00
          }
        ],
        "NumberOfDataPointsAnalyzed": 120.00
      },
      "Recommendations": [
        {
          "RecommendedSku": {
            "Platform": "Azure SQL Managed Instance",
            "HardwareGeneration": "Gen5",
            "ServiceTier": "GeneralPurpose",
            "SizeInVCores": 4,
            "StorageSizeInGb": 32.00
          },
          "Justifications": [
            "According to the performance data collected, we estimate that your instance has a compute requirement of 0.00 vCores. Based on other factors, including memory, storage, and IO, this is the smallest compute sizing that will satisfy all of your requirements.",
            "This instance requires 0.04 GB of memory, which can be satisfied by this SKU's maximum of 20.40 GB.",
            "This instance requires 5.96 GB of storage for data files. We recommend provisioning at least 32 GB of storage, which is the nearest valid amount that can be provisioned. Storage for this SKU is provisioned in increments of 32 GB, up to 2048 GB.",
            "This instance requires 0.00 MB/second of combined read/write IO throughput. This is a relatively idle database, so IO latency is not considered.",
            "This instance requires 0 IOPS for data and log files. Based on your current file sizes, this SKU can achieve 2,500 IOPS if you migrate as-is. You might improve IO performance by increasing file sizes. For more information, visit https://docs.microsoft.com/en-us/azure/azure-sql/managed-instance/resource-limits."
          ]
        }
      ]
    }
  ],
  "TimeCreated": "2022-11-30T21:53:00.417079Z"
}