{
  "Servers": [
    {
      "ServerName": "SSIS01-P",
      "TargetPlatform": "AzureSqlManagedInstance",
      "Requirements": {
        "CpuRequirementInCores": 0.00,
        "DataStorageRequirementInMB": 7324.00,
        "LogStorageRequirementInMB": 2186.19,
        "MemoryRequirementInMB": 2848.06,
        "DataIOPSRequirement": 9.04,
        "LogIOPSRequirement": 7.75,
        "IOLatencyRequirementInMs": 60.70,
        "IOThroughputRequirementInMBps": 0.21,
        "TempDBSizeInMB": 40.00,
        "DataPointsStartTime": "0001-01-01T00:00:00",
        "DataPointsEndTime": "9999-12-31T23:59:00",
        "AggregationTargetPercentile": 95,
        "PerfDataCollectionIntervalInSeconds": 30,
        "SqlServerHostRequirements": {
          "HostNICCount": 1
        },
        "DatabaseLevelRequirements": [
          {
            "CpuRequirementInCores": 0.00,
            "DataIOPSRequirement": 0.07,
            "LogIOPSRequirement": 0.01,
            "IOLatencyRequirementInMs": 0.58,
            "IOThroughputRequirementInMBps": 0.00,
            "DataStorageRequirementInMB": 1032.00,
            "LogStorageRequirementInMB": 72.00,
            "DatabaseName": "ReportServer",
            "MemoryRequirementInMB": 3.68,
            "CpuRequirementInPercentageOfTotalInstance": 100.00,
            "FileLevelRequirements": [
              {
                "FileName": "E:\\Program Files\\Microsoft SQL Server\\MSSQL14.MSSQLSERVER\\MSSQL\\DATA\\ReportServer.mdf",
                "FileType": "Rows",
                "SizeInMB": 1032.00,
                "ReadLatencyInMs": 0.61,
                "WriteLatencyInMs": 0.48,
                "IOPSRequirement": 0.07,
                "IOThroughputRequirementInMBps": 0.00,
                "NumberOfDataPointsAnalyzed": 17496.00
              },
              {
                "FileName": "E:\\Program Files\\Microsoft SQL Server\\MSSQL14.MSSQLSERVER\\MSSQL\\DATA\\ReportServer_log.ldf",
                "FileType": "Log",
                "SizeInMB": 72.00,
                "ReadLatencyInMs": 0.00,
                "WriteLatencyInMs": 0.29,
                "IOPSRequirement": 0.01,
                "IOThroughputRequirementInMBps": 0.00,
                "NumberOfDataPointsAnalyzed": 17496.00
              }
            ],
            "NumberOfDataPointsAnalyzed": 5832.00
          },
          {
            "CpuRequirementInCores": 0.00,
            "DataIOPSRequirement": 0.03,
            "LogIOPSRequirement": 0.01,
            "IOLatencyRequirementInMs": 0.67,
            "IOThroughputRequirementInMBps": 0.00,
            "DataStorageRequirementInMB": 1032.00,
            "LogStorageRequirementInMB": 1032.00,
            "DatabaseName": "ReportServerTempDB",
            "MemoryRequirementInMB": 1.99,
            "CpuRequirementInPercentageOfTotalInstance": 0.58,
            "FileLevelRequirements": [
              {
                "FileName": "E:\\Program Files\\Microsoft SQL Server\\MSSQL14.MSSQLSERVER\\MSSQL\\DATA\\ReportServerTempDB.mdf",
                "FileType": "Rows",
                "SizeInMB": 1032.00,
                "ReadLatencyInMs": 0.69,
                "WriteLatencyInMs": 0.13,
                "IOPSRequirement": 0.03,
                "IOThroughputRequirementInMBps": 0.00,
                "NumberOfDataPointsAnalyzed": 17496.00
              },
              {
                "FileName": "E:\\Program Files\\Microsoft SQL Server\\MSSQL14.MSSQLSERVER\\MSSQL\\DATA\\ReportServerTempDB_log.ldf",
                "FileType": "Log",
                "SizeInMB": 1032.00,
                "ReadLatencyInMs": 0.00,
                "WriteLatencyInMs": 0.16,
                "IOPSRequirement": 0.01,
                "IOThroughputRequirementInMBps": 0.00,
                "NumberOfDataPointsAnalyzed": 17496.00
              }
            ],
            "NumberOfDataPointsAnalyzed": 5832.00
          },
          {
            "CpuRequirementInCores": 0.00,
            "DataIOPSRequirement": 8.91,
            "LogIOPSRequirement": 7.70,
            "IOLatencyRequirementInMs": 61.59,
            "IOThroughputRequirementInMBps": 0.21,
            "DataStorageRequirementInMB": 5160.00,
            "LogStorageRequirementInMB": 1032.19,
            "DatabaseName": "SSISDB",
            "MemoryRequirementInMB": 2835.90,
            "CpuRequirementInPercentageOfTotalInstance": 36.83,
            "FileLevelRequirements": [
              {
                "FileName": "E:\\Program Files\\Microsoft SQL Server\\MSSQL14.MSSQLSERVER\\MSSQL\\DATA\\SSISDB.mdf",
                "FileType": "Rows",
                "SizeInMB": 5160.00,
                "ReadLatencyInMs": 64.00,
                "WriteLatencyInMs": 4.86,
                "IOPSRequirement": 8.91,
                "IOThroughputRequirementInMBps": 0.15,
                "NumberOfDataPointsAnalyzed": 17496.00
              },
              {
                "FileName": "E:\\Program Files\\Microsoft SQL Server\\MSSQL14.MSSQLSERVER\\MSSQL\\DATA\\SSISDB.ldf",
                "FileType": "Log",
                "SizeInMB": 1032.19,
                "ReadLatencyInMs": 0.00,
                "WriteLatencyInMs": 2.72,
                "IOPSRequirement": 7.70,
                "IOThroughputRequirementInMBps": 0.06,
                "NumberOfDataPointsAnalyzed": 17496.00
              }
            ],
            "NumberOfDataPointsAnalyzed": 5832.00
          },
          {
            "CpuRequirementInCores": 0.00,
            "DataIOPSRequirement": 0.03,
            "LogIOPSRequirement": 0.04,
            "IOLatencyRequirementInMs": 0.25,
            "IOThroughputRequirementInMBps": 0.00,
            "DataStorageRequirementInMB": 100.00,
            "LogStorageRequirementInMB": 50.00,
            "DatabaseName": "FileWatcher",
            "MemoryRequirementInMB": 6.49,
            "CpuRequirementInPercentageOfTotalInstance": 3.62,
            "FileLevelRequirements": [
              {
                "FileName": "E:\\Program Files\\Microsoft SQL Server\\MSSQL14.MSSQLSERVER\\MSSQL\\DATA\\FileWatcher.mdf",
                "FileType": "Rows",
                "SizeInMB": 100.00,
                "ReadLatencyInMs": 0.29,
                "WriteLatencyInMs": 0.20,
                "IOPSRequirement": 0.03,
                "IOThroughputRequirementInMBps": 0.00,
                "NumberOfDataPointsAnalyzed": 17496.00
              },
              {
                "FileName": "E:\\Program Files\\Microsoft SQL Server\\MSSQL14.MSSQLSERVER\\MSSQL\\DATA\\FileWatcher_log.ldf",
                "FileType": "Log",
                "SizeInMB": 50.00,
                "ReadLatencyInMs": 0.00,
                "WriteLatencyInMs": 2.11,
                "IOPSRequirement": 0.04,
                "IOThroughputRequirementInMBps": 0.00,
                "NumberOfDataPointsAnalyzed": 17496.00
              }
            ],
            "NumberOfDataPointsAnalyzed": 5832.00
          }
        ],
        "NumberOfDataPointsAnalyzed": 8757.00
      },
      "Recommendations": [
        {
          "RecommendedSku": {
            "Platform": "Azure SQL Managed Instance",
            "HardwareGeneration": "Gen5",
            "ServiceTier": "GeneralPurpose",
            "SizeInVCores": 4,
            "StorageSizeInGb": 32.00
          },
          "Justifications": [
            "According to the performance data collected, we estimate that your instance has a compute requirement of 0.00 vCores. Based on other factors, including memory, storage, and IO, this is the smallest compute sizing that will satisfy all of your requirements.",
            "This instance requires 2.78 GB of memory, which can be satisfied by this SKU's maximum of 20.40 GB.",
            "This instance requires 7.15 GB of storage for data files. We recommend provisioning at least 32 GB of storage, which is the nearest valid amount that can be provisioned. Storage for this SKU is provisioned in increments of 32 GB, up to 2048 GB.",
            "This instance requires 0.21 MB/second of combined read/write IO throughput. This is a relatively idle database, so IO latency is not considered.",
            "This instance requires 17 IOPS for data and log files. Based on your current file sizes, this SKU can achieve 2,000 IOPS if you migrate as-is. You might improve IO performance by increasing file sizes. For more information, visit https://docs.microsoft.com/en-us/azure/azure-sql/managed-instance/resource-limits."
          ]
        }
      ]
    }
  ],
  "TimeCreated": "2022-12-05T16:01:35.2665159Z"
}