{
  "Servers": [
    {
      "ServerName": "SSIS01-P",
      "TargetPlatform": "AzureSqlVirtualMachine",
      "Requirements": {
        "CpuRequirementInCores": 0.00,
        "DataStorageRequirementInMB": 7324.00,
        "LogStorageRequirementInMB": 2186.19,
        "MemoryRequirementInMB": 2848.06,
        "DataIOPSRequirement": 9.04,
        "LogIOPSRequirement": 7.75,
        "IOLatencyRequirementInMs": 60.70,
        "IOThroughputRequirementInMBps": 0.21,
        "TempDBSizeInMB": 40.00,
        "DataPointsStartTime": "0001-01-01T00:00:00",
        "DataPointsEndTime": "9999-12-31T23:59:00",
        "AggregationTargetPercentile": 95,
        "PerfDataCollectionIntervalInSeconds": 30,
        "SqlServerHostRequirements": {
          "HostNICCount": 1
        },
        "DatabaseLevelRequirements": [
          {
            "CpuRequirementInCores": 0.00,
            "DataIOPSRequirement": 0.07,
            "LogIOPSRequirement": 0.01,
            "IOLatencyRequirementInMs": 0.58,
            "IOThroughputRequirementInMBps": 0.00,
            "DataStorageRequirementInMB": 1032.00,
            "LogStorageRequirementInMB": 72.00,
            "DatabaseName": "ReportServer",
            "MemoryRequirementInMB": 3.68,
            "CpuRequirementInPercentageOfTotalInstance": 100.00,
            "FileLevelRequirements": [
              {
                "FileName": "E:\\Program Files\\Microsoft SQL Server\\MSSQL14.MSSQLSERVER\\MSSQL\\DATA\\ReportServer.mdf",
                "FileType": "Rows",
                "SizeInMB": 1032.00,
                "ReadLatencyInMs": 0.61,
                "WriteLatencyInMs": 0.48,
                "IOPSRequirement": 0.07,
                "IOThroughputRequirementInMBps": 0.00,
                "NumberOfDataPointsAnalyzed": 17496.00
              },
              {
                "FileName": "E:\\Program Files\\Microsoft SQL Server\\MSSQL14.MSSQLSERVER\\MSSQL\\DATA\\ReportServer_log.ldf",
                "FileType": "Log",
                "SizeInMB": 72.00,
                "ReadLatencyInMs": 0.00,
                "WriteLatencyInMs": 0.29,
                "IOPSRequirement": 0.01,
                "IOThroughputRequirementInMBps": 0.00,
                "NumberOfDataPointsAnalyzed": 17496.00
              }
            ],
            "NumberOfDataPointsAnalyzed": 5832.00
          },
          {
            "CpuRequirementInCores": 0.00,
            "DataIOPSRequirement": 0.03,
            "LogIOPSRequirement": 0.01,
            "IOLatencyRequirementInMs": 0.67,
            "IOThroughputRequirementInMBps": 0.00,
            "DataStorageRequirementInMB": 1032.00,
            "LogStorageRequirementInMB": 1032.00,
            "DatabaseName": "ReportServerTempDB",
            "MemoryRequirementInMB": 1.99,
            "CpuRequirementInPercentageOfTotalInstance": 0.58,
            "FileLevelRequirements": [
              {
                "FileName": "E:\\Program Files\\Microsoft SQL Server\\MSSQL14.MSSQLSERVER\\MSSQL\\DATA\\ReportServerTempDB.mdf",
                "FileType": "Rows",
                "SizeInMB": 1032.00,
                "ReadLatencyInMs": 0.69,
                "WriteLatencyInMs": 0.13,
                "IOPSRequirement": 0.03,
                "IOThroughputRequirementInMBps": 0.00,
                "NumberOfDataPointsAnalyzed": 17496.00
              },
              {
                "FileName": "E:\\Program Files\\Microsoft SQL Server\\MSSQL14.MSSQLSERVER\\MSSQL\\DATA\\ReportServerTempDB_log.ldf",
                "FileType": "Log",
                "SizeInMB": 1032.00,
                "ReadLatencyInMs": 0.00,
                "WriteLatencyInMs": 0.16,
                "IOPSRequirement": 0.01,
                "IOThroughputRequirementInMBps": 0.00,
                "NumberOfDataPointsAnalyzed": 17496.00
              }
            ],
            "NumberOfDataPointsAnalyzed": 5832.00
          },
          {
            "CpuRequirementInCores": 0.00,
            "DataIOPSRequirement": 8.91,
            "LogIOPSRequirement": 7.70,
            "IOLatencyRequirementInMs": 61.59,
            "IOThroughputRequirementInMBps": 0.21,
            "DataStorageRequirementInMB": 5160.00,
            "LogStorageRequirementInMB": 1032.19,
            "DatabaseName": "SSISDB",
            "MemoryRequirementInMB": 2835.90,
            "CpuRequirementInPercentageOfTotalInstance": 36.83,
            "FileLevelRequirements": [
              {
                "FileName": "E:\\Program Files\\Microsoft SQL Server\\MSSQL14.MSSQLSERVER\\MSSQL\\DATA\\SSISDB.mdf",
                "FileType": "Rows",
                "SizeInMB": 5160.00,
                "ReadLatencyInMs": 64.00,
                "WriteLatencyInMs": 4.86,
                "IOPSRequirement": 8.91,
                "IOThroughputRequirementInMBps": 0.15,
                "NumberOfDataPointsAnalyzed": 17496.00
              },
              {
                "FileName": "E:\\Program Files\\Microsoft SQL Server\\MSSQL14.MSSQLSERVER\\MSSQL\\DATA\\SSISDB.ldf",
                "FileType": "Log",
                "SizeInMB": 1032.19,
                "ReadLatencyInMs": 0.00,
                "WriteLatencyInMs": 2.72,
                "IOPSRequirement": 7.70,
                "IOThroughputRequirementInMBps": 0.06,
                "NumberOfDataPointsAnalyzed": 17496.00
              }
            ],
            "NumberOfDataPointsAnalyzed": 5832.00
          },
          {
            "CpuRequirementInCores": 0.00,
            "DataIOPSRequirement": 0.03,
            "LogIOPSRequirement": 0.04,
            "IOLatencyRequirementInMs": 0.25,
            "IOThroughputRequirementInMBps": 0.00,
            "DataStorageRequirementInMB": 100.00,
            "LogStorageRequirementInMB": 50.00,
            "DatabaseName": "FileWatcher",
            "MemoryRequirementInMB": 6.49,
            "CpuRequirementInPercentageOfTotalInstance": 3.62,
            "FileLevelRequirements": [
              {
                "FileName": "E:\\Program Files\\Microsoft SQL Server\\MSSQL14.MSSQLSERVER\\MSSQL\\DATA\\FileWatcher.mdf",
                "FileType": "Rows",
                "SizeInMB": 100.00,
                "ReadLatencyInMs": 0.29,
                "WriteLatencyInMs": 0.20,
                "IOPSRequirement": 0.03,
                "IOThroughputRequirementInMBps": 0.00,
                "NumberOfDataPointsAnalyzed": 17496.00
              },
              {
                "FileName": "E:\\Program Files\\Microsoft SQL Server\\MSSQL14.MSSQLSERVER\\MSSQL\\DATA\\FileWatcher_log.ldf",
                "FileType": "Log",
                "SizeInMB": 50.00,
                "ReadLatencyInMs": 0.00,
                "WriteLatencyInMs": 2.11,
                "IOPSRequirement": 0.04,
                "IOThroughputRequirementInMBps": 0.00,
                "NumberOfDataPointsAnalyzed": 17496.00
              }
            ],
            "NumberOfDataPointsAnalyzed": 5832.00
          }
        ],
        "NumberOfDataPointsAnalyzed": 8757.00
      },
      "Recommendations": [
        {
          "RecommendedSku": {
            "Platform": "SQL Server on Azure VM",
            "VirtualMachineFamily": "standardEADSv5Family",
            "VirtualMachineSize": "E2ads_v5",
            "SizeInVCores": 2,
            "DataDisks": [
              {
                "Type": "PremiumSSD",
                "Size": "P30",
                "Caching": "ReadOnly"
              }
            ],
            "LogDisks": [
              {
                "Type": "PremiumSSD",
                "Size": "P30",
                "Caching": "None"
              }
            ],
            "TempDbDisks": []
          },
          "Justifications": [
            "This recommended configuration follows Microsoft's best practices for SQL Server on Azure VMs. To learn more, visit https://aka.ms/sqliaasperf.",
            "According to the performance data collected, we estimate that your instance has a compute requirement of 0.00 vCores. Based on other factors, including memory, storage, and IO, this is the smallest compute sizing that will satisfy all of your requirements.",
            "We recommend placing tempdb on the local ephemeral SSD. This Virtual Machine size supports temporary local storage of up to 75.00 GB, which is large enough to host your 0.04 GB tempdb.",
            "This instance requires 2.78 GB of memory, which can be satisfied by this SKU's maximum of 16.00 GB.",
            "This Virtual Machine size's Memory-to-vCore ratio of 8.0 is greater than or equal to the recommended value of 8.0.",
            "This instance's IOPS requirement of 16.79 is within this Virtual Machine size's uncached IOPS limit of 3750.",
            "This instance's IO throughput requirement of 0.21 MBps is within this Virtual Machine size's uncached limit of 82.00 MBps.",
            "Note: this storage layout supports a combined 5000 uncached IOPS, which exceeds the Virtual Machine's limit of 3750 uncached IOPS.",
            "We recommend provisioning dedicated disks for Data storage. This instance's Data storage requirement of 7.15 GB will fit on 1 P30 disk(s), which can hold 1024 GB each.",
            "We recommend provisioning dedicated disks for Log storage. This instance's Log storage requirement of 2.13 GB will fit on 1 P30 disk(s), which can hold 1024 GB each."
          ]
        }
      ]
    }
  ],
  "TimeCreated": "2022-12-05T15:58:38.6414438Z"
}