{
  "Servers": [
    {
      "ServerName": "FUZIONSQL02\\FUZIONDW_PRD",
      "TargetPlatform": "AzureSqlManagedInstance",
      "Requirements": {
        "CpuRequirementInCores": 2.91,
        "DataStorageRequirementInMB": 8342914.44,
        "LogStorageRequirementInMB": 895826.94,
        "MemoryRequirementInMB": 235696.77,
        "DataIOPSRequirement": 3634.88,
        "LogIOPSRequirement": 952.03,
        "IOLatencyRequirementInMs": 94.23,
        "IOThroughputRequirementInMBps": 398.64,
        "TempDBSizeInMB": 787180.00,
        "DataPointsStartTime": "0001-01-01T00:00:00",
        "DataPointsEndTime": "9999-12-31T23:59:00",
        "AggregationTargetPercentile": 95,
        "PerfDataCollectionIntervalInSeconds": 30,
        "SqlServerHostRequirements": {
          "HostNICCount": 1
        },
        "DatabaseLevelRequirements": [
          {
            "CpuRequirementInCores": 0.00,
            "DataIOPSRequirement": 0.00,
            "LogIOPSRequirement": 0.00,
            "IOLatencyRequirementInMs": 0.42,
            "IOThroughputRequirementInMBps": 0.00,
            "DataStorageRequirementInMB": 28.00,
            "LogStorageRequirementInMB": 2.75,
            "DatabaseName": "TimeTracking",
            "MemoryRequirementInMB": 0.02,
            "CpuRequirementInPercentageOfTotalInstance": 0.00,
            "FileLevelRequirements": [
              {
                "FileName": "N:\\SQL_data_files\\TimeTracking.mdf",
                "FileType": "Rows",
                "SizeInMB": 28.00,
                "ReadLatencyInMs": 0.42,
                "WriteLatencyInMs": 0.00,
                "IOPSRequirement": 0.00,
                "IOThroughputRequirementInMBps": 0.00,
                "NumberOfDataPointsAnalyzed": 17490.00
              },
              {
                "FileName": "L:\\SQL_log_files\\TimeTracking_log.ldf",
                "FileType": "Log",
                "SizeInMB": 2.75,
                "ReadLatencyInMs": 0.00,
                "WriteLatencyInMs": 0.00,
                "IOPSRequirement": 0.00,
                "IOThroughputRequirementInMBps": 0.00,
                "NumberOfDataPointsAnalyzed": 17490.00
              }
            ],
            "NumberOfDataPointsAnalyzed": 2851.00
          },
          {
            "CpuRequirementInCores": 0.00,
            "DataIOPSRequirement": 0.01,
            "LogIOPSRequirement": 0.00,
            "IOLatencyRequirementInMs": 0.25,
            "IOThroughputRequirementInMBps": 0.00,
            "DataStorageRequirementInMB": 69520.00,
            "LogStorageRequirementInMB": 76332.25,
            "DatabaseName": "SHIP_DW_Prod_JIRA_NEW",
            "MemoryRequirementInMB": 0.02,
            "CpuRequirementInPercentageOfTotalInstance": 0.00,
            "FileLevelRequirements": [
              {
                "FileName": "N:\\SQL_data_files\\SHIP_DW_Prod_JIRA_NEW_data.mdf",
                "FileType": "Rows",
                "SizeInMB": 69520.00,
                "ReadLatencyInMs": 0.25,
                "WriteLatencyInMs": 0.00,
                "IOPSRequirement": 0.01,
                "IOThroughputRequirementInMBps": 0.00,
                "NumberOfDataPointsAnalyzed": 17490.00
              },
              {
                "FileName": "L:\\SQL_log_files\\SHIP_DW_Prod_JIRA_NEW_log.ldf",
                "FileType": "Log",
                "SizeInMB": 76332.25,
                "ReadLatencyInMs": 0.00,
                "WriteLatencyInMs": 0.00,
                "IOPSRequirement": 0.00,
                "IOThroughputRequirementInMBps": 0.00,
                "NumberOfDataPointsAnalyzed": 17490.00
              }
            ],
            "NumberOfDataPointsAnalyzed": 2852.00
          },
          {
            "CpuRequirementInCores": 0.00,
            "DataIOPSRequirement": 0.04,
            "LogIOPSRequirement": 0.00,
            "IOLatencyRequirementInMs": 0.34,
            "IOThroughputRequirementInMBps": 0.00,
            "DataStorageRequirementInMB": 100.00,
            "LogStorageRequirementInMB": 100.00,
            "DatabaseName": "Cabinet_Master",
            "MemoryRequirementInMB": 0.10,
            "CpuRequirementInPercentageOfTotalInstance": 0.00,
            "FileLevelRequirements": [
              {
                "FileName": "N:\\SQL_data_files\\Cabinet_Master.mdf",
                "FileType": "Rows",
                "SizeInMB": 100.00,
                "ReadLatencyInMs": 0.35,
                "WriteLatencyInMs": 0.04,
                "IOPSRequirement": 0.04,
                "IOThroughputRequirementInMBps": 0.00,
                "NumberOfDataPointsAnalyzed": 17490.00
              },
              {
                "FileName": "L:\\SQL_log_files\\Cabinet_Master_log.ldf",
                "FileType": "Log",
                "SizeInMB": 100.00,
                "ReadLatencyInMs": 0.00,
                "WriteLatencyInMs": 0.36,
                "IOPSRequirement": 0.00,
                "IOThroughputRequirementInMBps": 0.00,
                "NumberOfDataPointsAnalyzed": 17490.00
              }
            ],
            "NumberOfDataPointsAnalyzed": 3164.00
          },
          {
            "CpuRequirementInCores": 0.00,
            "DataIOPSRequirement": 0.09,
            "LogIOPSRequirement": 0.00,
            "IOLatencyRequirementInMs": 0.37,
            "IOThroughputRequirementInMBps": 0.00,
            "DataStorageRequirementInMB": 100.00,
            "LogStorageRequirementInMB": 100.00,
            "DatabaseName": "Cabinet_SHIP",
            "MemoryRequirementInMB": 2.00,
            "CpuRequirementInPercentageOfTotalInstance": 0.00,
            "FileLevelRequirements": [
              {
                "FileName": "N:\\SQL_data_files\\Cabinet_SHIP.mdf",
                "FileType": "Rows",
                "SizeInMB": 100.00,
                "ReadLatencyInMs": 0.37,
                "WriteLatencyInMs": 0.00,
                "IOPSRequirement": 0.09,
                "IOThroughputRequirementInMBps": 0.00,
                "NumberOfDataPointsAnalyzed": 17490.00
              },
              {
                "FileName": "L:\\SQL_log_files\\Cabinet_SHIP_log.ldf",
                "FileType": "Log",
                "SizeInMB": 100.00,
                "ReadLatencyInMs": 0.00,
                "WriteLatencyInMs": 0.00,
                "IOPSRequirement": 0.00,
                "IOThroughputRequirementInMBps": 0.00,
                "NumberOfDataPointsAnalyzed": 17490.00
              }
            ],
            "NumberOfDataPointsAnalyzed": 4274.00
          },
          {
            "CpuRequirementInCores": 0.00,
            "DataIOPSRequirement": 0.04,
            "LogIOPSRequirement": 0.00,
            "IOLatencyRequirementInMs": 0.30,
            "IOThroughputRequirementInMBps": 0.00,
            "DataStorageRequirementInMB": 200.00,
            "LogStorageRequirementInMB": 50.00,
            "DatabaseName": "Sentinel_Master",
            "MemoryRequirementInMB": 0.10,
            "CpuRequirementInPercentageOfTotalInstance": 0.00,
            "FileLevelRequirements": [
              {
                "FileName": "N:\\SQL_data_files\\Sentinel_Master.mdf",
                "FileType": "Rows",
                "SizeInMB": 200.00,
                "ReadLatencyInMs": 0.31,
                "WriteLatencyInMs": 0.04,
                "IOPSRequirement": 0.04,
                "IOThroughputRequirementInMBps": 0.00,
                "NumberOfDataPointsAnalyzed": 17490.00
              },
              {
                "FileName": "L:\\SQL_log_files\\Sentinel_Master_log.ldf",
                "FileType": "Log",
                "SizeInMB": 50.00,
                "ReadLatencyInMs": 0.00,
                "WriteLatencyInMs": 0.08,
                "IOPSRequirement": 0.00,
                "IOThroughputRequirementInMBps": 0.00,
                "NumberOfDataPointsAnalyzed": 17490.00
              }
            ],
            "NumberOfDataPointsAnalyzed": 3165.00
          },
          {
            "CpuRequirementInCores": 0.00,
            "DataIOPSRequirement": 0.00,
            "LogIOPSRequirement": 0.00,
            "IOLatencyRequirementInMs": 0.20,
            "IOThroughputRequirementInMBps": 0.00,
            "DataStorageRequirementInMB": 380.19,
            "LogStorageRequirementInMB": 1085.19,
            "DatabaseName": "PRU_Sentinel",
            "MemoryRequirementInMB": 0.02,
            "CpuRequirementInPercentageOfTotalInstance": 0.00,
            "FileLevelRequirements": [
              {
                "FileName": "N:\\SQL_data_files\\PRU_Sentinel.mdf",
                "FileType": "Rows",
                "SizeInMB": 380.19,
                "ReadLatencyInMs": 0.20,
                "WriteLatencyInMs": 0.00,
                "IOPSRequirement": 0.00,
                "IOThroughputRequirementInMBps": 0.00,
                "NumberOfDataPointsAnalyzed": 17490.00
              },
              {
                "FileName": "L:\\SQL_log_files\\PRU_Sentinel_log.ldf",
                "FileType": "Log",
                "SizeInMB": 1085.19,
                "ReadLatencyInMs": 0.00,
                "WriteLatencyInMs": 0.00,
                "IOPSRequirement": 0.00,
                "IOThroughputRequirementInMBps": 0.00,
                "NumberOfDataPointsAnalyzed": 17490.00
              }
            ],
            "NumberOfDataPointsAnalyzed": 2852.00
          },
          {
            "CpuRequirementInCores": 0.00,
            "DataIOPSRequirement": 0.01,
            "LogIOPSRequirement": 0.00,
            "IOLatencyRequirementInMs": 0.26,
            "IOThroughputRequirementInMBps": 0.00,
            "DataStorageRequirementInMB": 106384.00,
            "LogStorageRequirementInMB": 76332.25,
            "DatabaseName": "SHIP_DW_Prod_JIRA",
            "MemoryRequirementInMB": 0.02,
            "CpuRequirementInPercentageOfTotalInstance": 0.00,
            "FileLevelRequirements": [
              {
                "FileName": "N:\\SQL_data_files\\SHIP_DW_Prod_JIRA.mdf",
                "FileType": "Rows",
                "SizeInMB": 106384.00,
                "ReadLatencyInMs": 0.26,
                "WriteLatencyInMs": 0.00,
                "IOPSRequirement": 0.01,
                "IOThroughputRequirementInMBps": 0.00,
                "NumberOfDataPointsAnalyzed": 17490.00
              },
              {
                "FileName": "L:\\SQL_log_files\\SHIP_DW_Prod_JIRA_log.ldf",
                "FileType": "Log",
                "SizeInMB": 76332.25,
                "ReadLatencyInMs": 0.00,
                "WriteLatencyInMs": 0.00,
                "IOPSRequirement": 0.00,
                "IOThroughputRequirementInMBps": 0.00,
                "NumberOfDataPointsAnalyzed": 17490.00
              }
            ],
            "NumberOfDataPointsAnalyzed": 2852.00
          },
          {
            "CpuRequirementInCores": 0.00,
            "DataIOPSRequirement": 0.08,
            "LogIOPSRequirement": 0.00,
            "IOLatencyRequirementInMs": 1.86,
            "IOThroughputRequirementInMBps": 0.00,
            "DataStorageRequirementInMB": 441.06,
            "LogStorageRequirementInMB": 333.69,
            "DatabaseName": "Tfs_Configuration",
            "MemoryRequirementInMB": 0.41,
            "CpuRequirementInPercentageOfTotalInstance": 0.00,
            "FileLevelRequirements": [
              {
                "FileName": "N:\\SQL_data_files\\Tfs_Configuration.mdf",
                "FileType": "Rows",
                "SizeInMB": 441.06,
                "ReadLatencyInMs": 1.86,
                "WriteLatencyInMs": 0.00,
                "IOPSRequirement": 0.08,
                "IOThroughputRequirementInMBps": 0.00,
                "NumberOfDataPointsAnalyzed": 17490.00
              },
              {
                "FileName": "L:\\SQL_log_files\\Tfs_Configuration_log.ldf",
                "FileType": "Log",
                "SizeInMB": 333.69,
                "ReadLatencyInMs": 0.00,
                "WriteLatencyInMs": 0.00,
                "IOPSRequirement": 0.00,
                "IOThroughputRequirementInMBps": 0.00,
                "NumberOfDataPointsAnalyzed": 17490.00
              }
            ],
            "NumberOfDataPointsAnalyzed": 2918.00
          },
          {
            "CpuRequirementInCores": 0.00,
            "DataIOPSRequirement": 0.01,
            "LogIOPSRequirement": 0.00,
            "IOLatencyRequirementInMs": 0.06,
            "IOThroughputRequirementInMBps": 0.00,
            "DataStorageRequirementInMB": 23.00,
            "LogStorageRequirementInMB": 46.50,
            "DatabaseName": "TimeTracking_preCNA_changes",
            "MemoryRequirementInMB": 0.02,
            "CpuRequirementInPercentageOfTotalInstance": 0.00,
            "FileLevelRequirements": [
              {
                "FileName": "C:\\Program Files\\Microsoft SQL Server\\MSSQL12.FUZIONDW_PRD\\MSSQL\\DATA\\TimeTracking_preCNA_changes.mdf",
                "FileType": "Rows",
                "SizeInMB": 23.00,
                "ReadLatencyInMs": 0.03,
                "WriteLatencyInMs": 0.15,
                "IOPSRequirement": 0.01,
                "IOThroughputRequirementInMBps": 0.00,
                "NumberOfDataPointsAnalyzed": 17490.00
              },
              {
                "FileName": "C:\\Program Files\\Microsoft SQL Server\\MSSQL12.FUZIONDW_PRD\\MSSQL\\DATA\\TimeTracking_preCNA_changes_log.ldf",
                "FileType": "Log",
                "SizeInMB": 46.50,
                "ReadLatencyInMs": 0.00,
                "WriteLatencyInMs": 0.00,
                "IOPSRequirement": 0.00,
                "IOThroughputRequirementInMBps": 0.00,
                "NumberOfDataPointsAnalyzed": 17490.00
              }
            ],
            "NumberOfDataPointsAnalyzed": 2851.00
          },
          {
            "CpuRequirementInCores": 0.00,
            "DataIOPSRequirement": 0.00,
            "LogIOPSRequirement": 0.00,
            "IOLatencyRequirementInMs": 0.23,
            "IOThroughputRequirementInMBps": 0.00,
            "DataStorageRequirementInMB": 13.19,
            "LogStorageRequirementInMB": 1.56,
            "DatabaseName": "ReportServer",
            "MemoryRequirementInMB": 0.12,
            "CpuRequirementInPercentageOfTotalInstance": 0.00,
            "FileLevelRequirements": [
              {
                "FileName": "N:\\SQL_data_files\\ReportServer.mdf",
                "FileType": "Rows",
                "SizeInMB": 13.19,
                "ReadLatencyInMs": 0.23,
                "WriteLatencyInMs": 0.00,
                "IOPSRequirement": 0.00,
                "IOThroughputRequirementInMBps": 0.00,
                "NumberOfDataPointsAnalyzed": 17490.00
              },
              {
                "FileName": "L:\\SQL_log_files\\ReportServer_log.ldf",
                "FileType": "Log",
                "SizeInMB": 1.56,
                "ReadLatencyInMs": 0.00,
                "WriteLatencyInMs": 0.00,
                "IOPSRequirement": 0.00,
                "IOThroughputRequirementInMBps": 0.00,
                "NumberOfDataPointsAnalyzed": 17490.00
              }
            ],
            "NumberOfDataPointsAnalyzed": 4192.00
          },
          {
            "CpuRequirementInCores": 0.00,
            "DataIOPSRequirement": 0.03,
            "LogIOPSRequirement": 0.00,
            "IOLatencyRequirementInMs": 0.24,
            "IOThroughputRequirementInMBps": 0.00,
            "DataStorageRequirementInMB": 4.00,
            "LogStorageRequirementInMB": 1.00,
            "DatabaseName": "RINC_Master",
            "MemoryRequirementInMB": 0.08,
            "CpuRequirementInPercentageOfTotalInstance": 0.00,
            "FileLevelRequirements": [
              {
                "FileName": "N:\\SQL_data_files\\RINC_Master.mdf",
                "FileType": "Rows",
                "SizeInMB": 4.00,
                "ReadLatencyInMs": 0.24,
                "WriteLatencyInMs": 0.00,
                "IOPSRequirement": 0.03,
                "IOThroughputRequirementInMBps": 0.00,
                "NumberOfDataPointsAnalyzed": 17490.00
              },
              {
                "FileName": "L:\\SQL_log_files\\RINC_Master_log.ldf",
                "FileType": "Log",
                "SizeInMB": 1.00,
                "ReadLatencyInMs": 0.00,
                "WriteLatencyInMs": 0.00,
                "IOPSRequirement": 0.00,
                "IOThroughputRequirementInMBps": 0.00,
                "NumberOfDataPointsAnalyzed": 17490.00
              }
            ],
            "NumberOfDataPointsAnalyzed": 3164.00
          },
          {
            "CpuRequirementInCores": 0.00,
            "DataIOPSRequirement": 0.00,
            "LogIOPSRequirement": 0.00,
            "IOLatencyRequirementInMs": 0.25,
            "IOThroughputRequirementInMBps": 0.00,
            "DataStorageRequirementInMB": 10683.00,
            "LogStorageRequirementInMB": 132.88,
            "DatabaseName": "DeathMaster",
            "MemoryRequirementInMB": 0.02,
            "CpuRequirementInPercentageOfTotalInstance": 0.00,
            "FileLevelRequirements": [
              {
                "FileName": "N:\\SQL_data_files\\DeathMaster.mdf",
                "FileType": "Rows",
                "SizeInMB": 10683.00,
                "ReadLatencyInMs": 0.25,
                "WriteLatencyInMs": 0.00,
                "IOPSRequirement": 0.00,
                "IOThroughputRequirementInMBps": 0.00,
                "NumberOfDataPointsAnalyzed": 17490.00
              },
              {
                "FileName": "L:\\SQL_log_files\\DeathMaster_log.ldf",
                "FileType": "Log",
                "SizeInMB": 132.88,
                "ReadLatencyInMs": 0.00,
                "WriteLatencyInMs": 0.00,
                "IOPSRequirement": 0.00,
                "IOThroughputRequirementInMBps": 0.00,
                "NumberOfDataPointsAnalyzed": 17490.00
              }
            ],
            "NumberOfDataPointsAnalyzed": 2852.00
          },
          {
            "CpuRequirementInCores": 0.00,
            "DataIOPSRequirement": 0.01,
            "LogIOPSRequirement": 0.00,
            "IOLatencyRequirementInMs": 0.29,
            "IOThroughputRequirementInMBps": 0.00,
            "DataStorageRequirementInMB": 483593.00,
            "LogStorageRequirementInMB": 27565.13,
            "DatabaseName": "DataTeam",
            "MemoryRequirementInMB": 0.02,
            "CpuRequirementInPercentageOfTotalInstance": 0.00,
            "FileLevelRequirements": [
              {
                "FileName": "N:\\SQL_data_files\\DataTeam.mdf",
                "FileType": "Rows",
                "SizeInMB": 483593.00,
                "ReadLatencyInMs": 0.29,
                "WriteLatencyInMs": 0.00,
                "IOPSRequirement": 0.01,
                "IOThroughputRequirementInMBps": 0.00,
                "NumberOfDataPointsAnalyzed": 17490.00
              },
              {
                "FileName": "L:\\SQL_log_files\\DataTeam_log.ldf",
                "FileType": "Log",
                "SizeInMB": 27565.13,
                "ReadLatencyInMs": 0.00,
                "WriteLatencyInMs": 0.00,
                "IOPSRequirement": 0.00,
                "IOThroughputRequirementInMBps": 0.00,
                "NumberOfDataPointsAnalyzed": 17490.00
              }
            ],
            "NumberOfDataPointsAnalyzed": 2852.00
          },
          {
            "CpuRequirementInCores": 0.00,
            "DataIOPSRequirement": 0.00,
            "LogIOPSRequirement": 0.00,
            "IOLatencyRequirementInMs": 0.22,
            "IOThroughputRequirementInMBps": 0.00,
            "DataStorageRequirementInMB": 442.00,
            "LogStorageRequirementInMB": 505.06,
            "DatabaseName": "RINC_SHIP",
            "MemoryRequirementInMB": 0.02,
            "CpuRequirementInPercentageOfTotalInstance": 0.00,
            "FileLevelRequirements": [
              {
                "FileName": "N:\\SQL_data_files\\RINC_SHIP.mdf",
                "FileType": "Rows",
                "SizeInMB": 442.00,
                "ReadLatencyInMs": 0.22,
                "WriteLatencyInMs": 0.00,
                "IOPSRequirement": 0.00,
                "IOThroughputRequirementInMBps": 0.00,
                "NumberOfDataPointsAnalyzed": 17490.00
              },
              {
                "FileName": "L:\\SQL_log_files\\RINC_SHIP_log.ldf",
                "FileType": "Log",
                "SizeInMB": 505.06,
                "ReadLatencyInMs": 0.00,
                "WriteLatencyInMs": 0.00,
                "IOPSRequirement": 0.00,
                "IOThroughputRequirementInMBps": 0.00,
                "NumberOfDataPointsAnalyzed": 17490.00
              }
            ],
            "NumberOfDataPointsAnalyzed": 2852.00
          },
          {
            "CpuRequirementInCores": 0.41,
            "DataIOPSRequirement": 338.74,
            "LogIOPSRequirement": 297.62,
            "IOLatencyRequirementInMs": 27.69,
            "IOThroughputRequirementInMBps": 77.61,
            "DataStorageRequirementInMB": 5315584.00,
            "LogStorageRequirementInMB": 113171.00,
            "DatabaseName": "SHIP_SRC_PROD",
            "MemoryRequirementInMB": 36387.42,
            "CpuRequirementInPercentageOfTotalInstance": 13.98,
            "FileLevelRequirements": [
              {
                "FileName": "M:\\sql_data_files\\SHIP_SRC_PROD.mdf",
                "FileType": "Rows",
                "SizeInMB": 4705280.00,
                "ReadLatencyInMs": 33.91,
                "WriteLatencyInMs": 22.57,
                "IOPSRequirement": 316.94,
                "IOThroughputRequirementInMBps": 59.95,
                "NumberOfDataPointsAnalyzed": 17490.00
              },
              {
                "FileName": "L:\\SQL_log_files\\SHIP_SRC_PROD_log.ldf",
                "FileType": "Log",
                "SizeInMB": 113171.00,
                "ReadLatencyInMs": 0.25,
                "WriteLatencyInMs": 0.66,
                "IOPSRequirement": 297.62,
                "IOThroughputRequirementInMBps": 17.43,
                "NumberOfDataPointsAnalyzed": 17490.00
              },
              {
                "FileName": "M:\\sql_data_files\\SHIP_SRC_PROD_Data3.ndf",
                "FileType": "Rows",
                "SizeInMB": 610304.00,
                "ReadLatencyInMs": 0.37,
                "WriteLatencyInMs": 0.12,
                "IOPSRequirement": 21.80,
                "IOThroughputRequirementInMBps": 0.24,
                "NumberOfDataPointsAnalyzed": 17490.00
              }
            ],
            "NumberOfDataPointsAnalyzed": 5798.00
          },
          {
            "CpuRequirementInCores": 0.89,
            "DataIOPSRequirement": 2952.64,
            "LogIOPSRequirement": 413.54,
            "IOLatencyRequirementInMs": 121.50,
            "IOThroughputRequirementInMBps": 260.21,
            "DataStorageRequirementInMB": 2187018.31,
            "LogStorageRequirementInMB": 520736.81,
            "DatabaseName": "SHIP_STG_PROD",
            "MemoryRequirementInMB": 120612.73,
            "CpuRequirementInPercentageOfTotalInstance": 30.75,
            "FileLevelRequirements": [
              {
                "FileName": "M:\\sql_data_files\\SHIP_STG_PROD.mdf",
                "FileType": "Rows",
                "SizeInMB": 2187018.31,
                "ReadLatencyInMs": 3.82,
                "WriteLatencyInMs": 191.79,
                "IOPSRequirement": 2952.64,
                "IOThroughputRequirementInMBps": 236.10,
                "NumberOfDataPointsAnalyzed": 17490.00
              },
              {
                "FileName": "L:\\SQL_log_files\\SHIP_STG_PROD_log.ldf",
                "FileType": "Log",
                "SizeInMB": 520736.81,
                "ReadLatencyInMs": 0.36,
                "WriteLatencyInMs": 1.45,
                "IOPSRequirement": 413.54,
                "IOThroughputRequirementInMBps": 24.12,
                "NumberOfDataPointsAnalyzed": 17490.00
              }
            ],
            "NumberOfDataPointsAnalyzed": 5811.00
          },
          {
            "CpuRequirementInCores": 0.00,
            "DataIOPSRequirement": 0.00,
            "LogIOPSRequirement": 0.00,
            "IOLatencyRequirementInMs": 0.23,
            "IOThroughputRequirementInMBps": 0.00,
            "DataStorageRequirementInMB": 303.25,
            "LogStorageRequirementInMB": 81.00,
            "DatabaseName": "Dinghy_Dummy_DW",
            "MemoryRequirementInMB": 0.02,
            "CpuRequirementInPercentageOfTotalInstance": 0.00,
            "FileLevelRequirements": [
              {
                "FileName": "N:\\SQL_data_files\\Dinghy_Dummy_DW.mdf",
                "FileType": "Rows",
                "SizeInMB": 303.25,
                "ReadLatencyInMs": 0.23,
                "WriteLatencyInMs": 0.00,
                "IOPSRequirement": 0.00,
                "IOThroughputRequirementInMBps": 0.00,
                "NumberOfDataPointsAnalyzed": 17490.00
              },
              {
                "FileName": "L:\\SQL_log_files\\Dinghy_Dummy_DW_log.ldf",
                "FileType": "Log",
                "SizeInMB": 81.00,
                "ReadLatencyInMs": 0.00,
                "WriteLatencyInMs": 0.00,
                "IOPSRequirement": 0.00,
                "IOThroughputRequirementInMBps": 0.00,
                "NumberOfDataPointsAnalyzed": 17490.00
              }
            ],
            "NumberOfDataPointsAnalyzed": 5745.00
          },
          {
            "CpuRequirementInCores": 0.00,
            "DataIOPSRequirement": 0.00,
            "LogIOPSRequirement": 0.00,
            "IOLatencyRequirementInMs": 0.22,
            "IOThroughputRequirementInMBps": 0.00,
            "DataStorageRequirementInMB": 17.00,
            "LogStorageRequirementInMB": 1.50,
            "DatabaseName": "LEIE",
            "MemoryRequirementInMB": 0.02,
            "CpuRequirementInPercentageOfTotalInstance": 0.00,
            "FileLevelRequirements": [
              {
                "FileName": "N:\\SQL_data_files\\LEIE.mdf",
                "FileType": "Rows",
                "SizeInMB": 17.00,
                "ReadLatencyInMs": 0.22,
                "WriteLatencyInMs": 0.00,
                "IOPSRequirement": 0.00,
                "IOThroughputRequirementInMBps": 0.00,
                "NumberOfDataPointsAnalyzed": 17490.00
              },
              {
                "FileName": "L:\\SQL_log_files\\LEIE_log.ldf",
                "FileType": "Log",
                "SizeInMB": 1.50,
                "ReadLatencyInMs": 0.00,
                "WriteLatencyInMs": 0.00,
                "IOPSRequirement": 0.00,
                "IOThroughputRequirementInMBps": 0.00,
                "NumberOfDataPointsAnalyzed": 17490.00
              }
            ],
            "NumberOfDataPointsAnalyzed": 5743.00
          },
          {
            "CpuRequirementInCores": 0.00,
            "DataIOPSRequirement": 0.00,
            "LogIOPSRequirement": 0.00,
            "IOLatencyRequirementInMs": 0.22,
            "IOThroughputRequirementInMBps": 0.00,
            "DataStorageRequirementInMB": 1230.63,
            "LogStorageRequirementInMB": 1613.75,
            "DatabaseName": "Renovofyi",
            "MemoryRequirementInMB": 0.02,
            "CpuRequirementInPercentageOfTotalInstance": 0.00,
            "FileLevelRequirements": [
              {
                "FileName": "N:\\SQL_data_files\\Renovofyi.mdf",
                "FileType": "Rows",
                "SizeInMB": 1230.63,
                "ReadLatencyInMs": 0.22,
                "WriteLatencyInMs": 0.00,
                "IOPSRequirement": 0.00,
                "IOThroughputRequirementInMBps": 0.00,
                "NumberOfDataPointsAnalyzed": 17490.00
              },
              {
                "FileName": "L:\\SQL_log_files\\Renovofyi_log.LDF",
                "FileType": "Log",
                "SizeInMB": 1613.75,
                "ReadLatencyInMs": 0.00,
                "WriteLatencyInMs": 0.00,
                "IOPSRequirement": 0.00,
                "IOThroughputRequirementInMBps": 0.00,
                "NumberOfDataPointsAnalyzed": 17490.00
              }
            ],
            "NumberOfDataPointsAnalyzed": 5745.00
          },
          {
            "CpuRequirementInCores": 0.00,
            "DataIOPSRequirement": 0.00,
            "LogIOPSRequirement": 0.00,
            "IOLatencyRequirementInMs": 0.18,
            "IOThroughputRequirementInMBps": 0.00,
            "DataStorageRequirementInMB": 7.19,
            "LogStorageRequirementInMB": 6.88,
            "DatabaseName": "ReportServerTempDB",
            "MemoryRequirementInMB": 0.11,
            "CpuRequirementInPercentageOfTotalInstance": 0.00,
            "FileLevelRequirements": [
              {
                "FileName": "N:\\SQL_data_files\\ReportServerTempDB.mdf",
                "FileType": "Rows",
                "SizeInMB": 7.19,
                "ReadLatencyInMs": 0.18,
                "WriteLatencyInMs": 0.00,
                "IOPSRequirement": 0.00,
                "IOThroughputRequirementInMBps": 0.00,
                "NumberOfDataPointsAnalyzed": 17490.00
              },
              {
                "FileName": "L:\\SQL_log_files\\ReportServerTempDB_log.ldf",
                "FileType": "Log",
                "SizeInMB": 6.88,
                "ReadLatencyInMs": 0.00,
                "WriteLatencyInMs": 0.00,
                "IOPSRequirement": 0.00,
                "IOThroughputRequirementInMBps": 0.00,
                "NumberOfDataPointsAnalyzed": 17490.00
              }
            ],
            "NumberOfDataPointsAnalyzed": 5743.00
          },
          {
            "CpuRequirementInCores": 0.00,
            "DataIOPSRequirement": 0.00,
            "LogIOPSRequirement": 0.00,
            "IOLatencyRequirementInMs": 0.25,
            "IOThroughputRequirementInMBps": 0.00,
            "DataStorageRequirementInMB": 10279.00,
            "LogStorageRequirementInMB": 3.06,
            "DatabaseName": "SHARED_SRC",
            "MemoryRequirementInMB": 0.02,
            "CpuRequirementInPercentageOfTotalInstance": 0.00,
            "FileLevelRequirements": [
              {
                "FileName": "N:\\SQL_data_files\\SHARED_SRC.mdf",
                "FileType": "Rows",
                "SizeInMB": 10279.00,
                "ReadLatencyInMs": 0.25,
                "WriteLatencyInMs": 0.00,
                "IOPSRequirement": 0.00,
                "IOThroughputRequirementInMBps": 0.00,
                "NumberOfDataPointsAnalyzed": 17490.00
              },
              {
                "FileName": "L:\\SQL_log_files\\SHARED_SRC_log.ldf",
                "FileType": "Log",
                "SizeInMB": 3.06,
                "ReadLatencyInMs": 0.00,
                "WriteLatencyInMs": 0.00,
                "IOPSRequirement": 0.00,
                "IOThroughputRequirementInMBps": 0.00,
                "NumberOfDataPointsAnalyzed": 17490.00
              }
            ],
            "NumberOfDataPointsAnalyzed": 5744.00
          },
          {
            "CpuRequirementInCores": 0.00,
            "DataIOPSRequirement": 0.00,
            "LogIOPSRequirement": 0.00,
            "IOLatencyRequirementInMs": 0.16,
            "IOThroughputRequirementInMBps": 0.00,
            "DataStorageRequirementInMB": 29.56,
            "LogStorageRequirementInMB": 68.13,
            "DatabaseName": "SHIP_SCM",
            "MemoryRequirementInMB": 0.02,
            "CpuRequirementInPercentageOfTotalInstance": 0.00,
            "FileLevelRequirements": [
              {
                "FileName": "N:\\SQL_data_files\\SHIP_SCM.mdf",
                "FileType": "Rows",
                "SizeInMB": 29.56,
                "ReadLatencyInMs": 0.16,
                "WriteLatencyInMs": 0.00,
                "IOPSRequirement": 0.00,
                "IOThroughputRequirementInMBps": 0.00,
                "NumberOfDataPointsAnalyzed": 17490.00
              },
              {
                "FileName": "L:\\SQL_log_files\\SHIP_SCM_log.ldf",
                "FileType": "Log",
                "SizeInMB": 68.13,
                "ReadLatencyInMs": 0.00,
                "WriteLatencyInMs": 0.00,
                "IOPSRequirement": 0.00,
                "IOThroughputRequirementInMBps": 0.00,
                "NumberOfDataPointsAnalyzed": 17490.00
              }
            ],
            "NumberOfDataPointsAnalyzed": 5745.00
          },
          {
            "CpuRequirementInCores": 0.00,
            "DataIOPSRequirement": 0.04,
            "LogIOPSRequirement": 0.00,
            "IOLatencyRequirementInMs": 1.60,
            "IOThroughputRequirementInMBps": 0.00,
            "DataStorageRequirementInMB": 49176.06,
            "LogStorageRequirementInMB": 180.06,
            "DatabaseName": "Tfs_Datawarehouse",
            "MemoryRequirementInMB": 0.20,
            "CpuRequirementInPercentageOfTotalInstance": 0.00,
            "FileLevelRequirements": [
              {
                "FileName": "N:\\SQL_data_files\\Tfs_Datawarehouse.mdf",
                "FileType": "Rows",
                "SizeInMB": 49176.06,
                "ReadLatencyInMs": 1.60,
                "WriteLatencyInMs": 0.00,
                "IOPSRequirement": 0.04,
                "IOThroughputRequirementInMBps": 0.00,
                "NumberOfDataPointsAnalyzed": 17490.00
              },
              {
                "FileName": "L:\\SQL_log_files\\Tfs_Datawarehouse_log.ldf",
                "FileType": "Log",
                "SizeInMB": 180.06,
                "ReadLatencyInMs": 0.00,
                "WriteLatencyInMs": 0.00,
                "IOPSRequirement": 0.00,
                "IOThroughputRequirementInMBps": 0.00,
                "NumberOfDataPointsAnalyzed": 17490.00
              }
            ],
            "NumberOfDataPointsAnalyzed": 5811.00
          },
          {
            "CpuRequirementInCores": 0.00,
            "DataIOPSRequirement": 0.00,
            "LogIOPSRequirement": 0.00,
            "IOLatencyRequirementInMs": 0.13,
            "IOThroughputRequirementInMBps": 0.00,
            "DataStorageRequirementInMB": 4.00,
            "LogStorageRequirementInMB": 1.00,
            "DatabaseName": "VendorScoreCard",
            "MemoryRequirementInMB": 0.02,
            "CpuRequirementInPercentageOfTotalInstance": 0.00,
            "FileLevelRequirements": [
              {
                "FileName": "N:\\SQL_data_files\\VendorScoreCard.mdf",
                "FileType": "Rows",
                "SizeInMB": 4.00,
                "ReadLatencyInMs": 0.13,
                "WriteLatencyInMs": 0.00,
                "IOPSRequirement": 0.00,
                "IOThroughputRequirementInMBps": 0.00,
                "NumberOfDataPointsAnalyzed": 17490.00
              },
              {
                "FileName": "L:\\SQL_log_files\\VendorScoreCard_log.ldf",
                "FileType": "Log",
                "SizeInMB": 1.00,
                "ReadLatencyInMs": 0.00,
                "WriteLatencyInMs": 0.00,
                "IOPSRequirement": 0.00,
                "IOThroughputRequirementInMBps": 0.00,
                "NumberOfDataPointsAnalyzed": 17490.00
              }
            ],
            "NumberOfDataPointsAnalyzed": 5744.00
          },
          {
            "CpuRequirementInCores": 0.00,
            "DataIOPSRequirement": 0.00,
            "LogIOPSRequirement": 0.00,
            "IOLatencyRequirementInMs": 0.19,
            "IOThroughputRequirementInMBps": 0.00,
            "DataStorageRequirementInMB": 9.00,
            "LogStorageRequirementInMB": 8.19,
            "DatabaseName": "VUESHIP_Historical",
            "MemoryRequirementInMB": 0.02,
            "CpuRequirementInPercentageOfTotalInstance": 0.00,
            "FileLevelRequirements": [
              {
                "FileName": "N:\\SQL_data_files\\VUESHIP_Historical.mdf",
                "FileType": "Rows",
                "SizeInMB": 9.00,
                "ReadLatencyInMs": 0.19,
                "WriteLatencyInMs": 0.00,
                "IOPSRequirement": 0.00,
                "IOThroughputRequirementInMBps": 0.00,
                "NumberOfDataPointsAnalyzed": 17490.00
              },
              {
                "FileName": "L:\\SQL_log_files\\VUESHIP_Historical_log.ldf",
                "FileType": "Log",
                "SizeInMB": 8.19,
                "ReadLatencyInMs": 0.00,
                "WriteLatencyInMs": 0.00,
                "IOPSRequirement": 0.00,
                "IOThroughputRequirementInMBps": 0.00,
                "NumberOfDataPointsAnalyzed": 17490.00
              }
            ],
            "NumberOfDataPointsAnalyzed": 5745.00
          },
          {
            "CpuRequirementInCores": 0.00,
            "DataIOPSRequirement": 0.00,
            "LogIOPSRequirement": 0.00,
            "IOLatencyRequirementInMs": 0.20,
            "IOThroughputRequirementInMBps": 0.00,
            "DataStorageRequirementInMB": 200.00,
            "LogStorageRequirementInMB": 50.00,
            "DatabaseName": "CNA_Sentinel",
            "MemoryRequirementInMB": 0.02,
            "CpuRequirementInPercentageOfTotalInstance": 0.00,
            "FileLevelRequirements": [
              {
                "FileName": "N:\\SQL_data_files\\CNA_Sentinel.mdf",
                "FileType": "Rows",
                "SizeInMB": 200.00,
                "ReadLatencyInMs": 0.20,
                "WriteLatencyInMs": 0.00,
                "IOPSRequirement": 0.00,
                "IOThroughputRequirementInMBps": 0.00,
                "NumberOfDataPointsAnalyzed": 17490.00
              },
              {
                "FileName": "L:\\SQL_log_files\\CNA_Sentinel_log.ldf",
                "FileType": "Log",
                "SizeInMB": 50.00,
                "ReadLatencyInMs": 0.00,
                "WriteLatencyInMs": 0.00,
                "IOPSRequirement": 0.00,
                "IOThroughputRequirementInMBps": 0.00,
                "NumberOfDataPointsAnalyzed": 17490.00
              }
            ],
            "NumberOfDataPointsAnalyzed": 5745.00
          },
          {
            "CpuRequirementInCores": 0.02,
            "DataIOPSRequirement": 9.06,
            "LogIOPSRequirement": 11.53,
            "IOLatencyRequirementInMs": 0.25,
            "IOThroughputRequirementInMBps": 1.29,
            "DataStorageRequirementInMB": 500.00,
            "LogStorageRequirementInMB": 612.50,
            "DatabaseName": "SHP_Sentinel",
            "MemoryRequirementInMB": 197.32,
            "CpuRequirementInPercentageOfTotalInstance": 0.53,
            "FileLevelRequirements": [
              {
                "FileName": "N:\\SQL_data_files\\SHP_Sentinel.mdf",
                "FileType": "Rows",
                "SizeInMB": 500.00,
                "ReadLatencyInMs": 0.35,
                "WriteLatencyInMs": 0.24,
                "IOPSRequirement": 9.06,
                "IOThroughputRequirementInMBps": 0.63,
                "NumberOfDataPointsAnalyzed": 17490.00
              },
              {
                "FileName": "L:\\SQL_log_files\\SHP_Sentinel_log.ldf",
                "FileType": "Log",
                "SizeInMB": 612.50,
                "ReadLatencyInMs": 0.22,
                "WriteLatencyInMs": 0.11,
                "IOPSRequirement": 11.53,
                "IOThroughputRequirementInMBps": 0.66,
                "NumberOfDataPointsAnalyzed": 17490.00
              }
            ],
            "NumberOfDataPointsAnalyzed": 5744.00
          },
          {
            "CpuRequirementInCores": 0.96,
            "DataIOPSRequirement": 333.73,
            "LogIOPSRequirement": 229.34,
            "IOLatencyRequirementInMs": 12.74,
            "IOThroughputRequirementInMBps": 59.50,
            "DataStorageRequirementInMB": 106384.00,
            "LogStorageRequirementInMB": 76332.25,
            "DatabaseName": "SHIP_DW_PROD",
            "MemoryRequirementInMB": 78483.88,
            "CpuRequirementInPercentageOfTotalInstance": 33.05,
            "FileLevelRequirements": [
              {
                "FileName": "N:\\SQL_data_files\\SHIP_DW_PROD.mdf",
                "FileType": "Rows",
                "SizeInMB": 106384.00,
                "ReadLatencyInMs": 8.22,
                "WriteLatencyInMs": 20.44,
                "IOPSRequirement": 333.73,
                "IOThroughputRequirementInMBps": 46.10,
                "NumberOfDataPointsAnalyzed": 17490.00
              },
              {
                "FileName": "L:\\SQL_log_files\\SHIP_DW_PROD_log.ldf",
                "FileType": "Log",
                "SizeInMB": 76332.25,
                "ReadLatencyInMs": 0.26,
                "WriteLatencyInMs": 0.96,
                "IOPSRequirement": 229.34,
                "IOThroughputRequirementInMBps": 13.40,
                "NumberOfDataPointsAnalyzed": 17490.00
              }
            ],
            "NumberOfDataPointsAnalyzed": 5758.00
          },
          {
            "CpuRequirementInCores": 0.92,
            "DataIOPSRequirement": 0.26,
            "LogIOPSRequirement": 0.00,
            "IOLatencyRequirementInMs": 0.93,
            "IOThroughputRequirementInMBps": 0.02,
            "DataStorageRequirementInMB": 131.00,
            "LogStorageRequirementInMB": 194.63,
            "DatabaseName": "Polaris_SHIP",
            "MemoryRequirementInMB": 11.88,
            "CpuRequirementInPercentageOfTotalInstance": 31.53,
            "FileLevelRequirements": [
              {
                "FileName": "N:\\SQL_data_files\\Polaris_SHIP.mdf",
                "FileType": "Rows",
                "SizeInMB": 131.00,
                "ReadLatencyInMs": 0.93,
                "WriteLatencyInMs": 0.00,
                "IOPSRequirement": 0.26,
                "IOThroughputRequirementInMBps": 0.02,
                "NumberOfDataPointsAnalyzed": 17490.00
              },
              {
                "FileName": "L:\\SQL_log_files\\Polaris_SHIP_log.ldf",
                "FileType": "Log",
                "SizeInMB": 194.63,
                "ReadLatencyInMs": 0.00,
                "WriteLatencyInMs": 0.00,
                "IOPSRequirement": 0.00,
                "IOThroughputRequirementInMBps": 0.00,
                "NumberOfDataPointsAnalyzed": 17490.00
              }
            ],
            "NumberOfDataPointsAnalyzed": 5785.00
          },
          {
            "CpuRequirementInCores": 0.00,
            "DataIOPSRequirement": 0.03,
            "LogIOPSRequirement": 0.00,
            "IOLatencyRequirementInMs": 0.21,
            "IOThroughputRequirementInMBps": 0.00,
            "DataStorageRequirementInMB": 4.00,
            "LogStorageRequirementInMB": 1.00,
            "DatabaseName": "Polaris_Master",
            "MemoryRequirementInMB": 0.08,
            "CpuRequirementInPercentageOfTotalInstance": 0.17,
            "FileLevelRequirements": [
              {
                "FileName": "N:\\SQL_data_files\\Polaris_Master.mdf",
                "FileType": "Rows",
                "SizeInMB": 4.00,
                "ReadLatencyInMs": 0.21,
                "WriteLatencyInMs": 0.00,
                "IOPSRequirement": 0.03,
                "IOThroughputRequirementInMBps": 0.00,
                "NumberOfDataPointsAnalyzed": 17490.00
              },
              {
                "FileName": "L:\\SQL_log_files\\Polaris_Master_log.ldf",
                "FileType": "Log",
                "SizeInMB": 1.00,
                "ReadLatencyInMs": 0.00,
                "WriteLatencyInMs": 0.00,
                "IOPSRequirement": 0.00,
                "IOThroughputRequirementInMBps": 0.00,
                "NumberOfDataPointsAnalyzed": 17490.00
              }
            ],
            "NumberOfDataPointsAnalyzed": 5740.00
          },
          {
            "CpuRequirementInCores": 0.00,
            "DataIOPSRequirement": 0.00,
            "LogIOPSRequirement": 0.00,
            "IOLatencyRequirementInMs": 0.14,
            "IOThroughputRequirementInMBps": 0.00,
            "DataStorageRequirementInMB": 126.00,
            "LogStorageRequirementInMB": 176.94,
            "DatabaseName": "Polaris_SHIP_Restore1",
            "MemoryRequirementInMB": 0.02,
            "CpuRequirementInPercentageOfTotalInstance": 0.00,
            "FileLevelRequirements": [
              {
                "FileName": "N:\\SQL_data_files\\Polaris_SHIP_Restore1.mdf",
                "FileType": "Rows",
                "SizeInMB": 126.00,
                "ReadLatencyInMs": 0.14,
                "WriteLatencyInMs": 0.00,
                "IOPSRequirement": 0.00,
                "IOThroughputRequirementInMBps": 0.00,
                "NumberOfDataPointsAnalyzed": 17490.00
              },
              {
                "FileName": "L:\\SQL_log_files\\Polaris_SHIP_Restore1_log.ldf",
                "FileType": "Log",
                "SizeInMB": 176.94,
                "ReadLatencyInMs": 0.00,
                "WriteLatencyInMs": 0.00,
                "IOPSRequirement": 0.00,
                "IOThroughputRequirementInMBps": 0.00,
                "NumberOfDataPointsAnalyzed": 17490.00
              }
            ],
            "NumberOfDataPointsAnalyzed": 5743.00
          }
        ],
        "NumberOfDataPointsAnalyzed": 8754.00
      },
      "Recommendations": [
        {
          "RecommendedSku": {
            "Platform": "Azure SQL Managed Instance",
            "HardwareGeneration": "PremiumSeriesMemoryOptimized (Preview)",
            "ServiceTier": "GeneralPurpose",
            "SizeInVCores": 24,
            "StorageSizeInGb": 8160.00
          },
          "Justifications": [
            "This SKU provides more compute than your source requires. However, the smaller 16 vCore SKU was not recommended because: This instance's memory requirement of 230.17 GB exceeds this SKU's limit of 217.60 GB.",
            "According to the performance data collected, we estimate that your instance has a compute requirement of 2.91 vCores. Based on other factors, including memory, storage, and IO, this is the smallest compute sizing that will satisfy all of your requirements.",
            "This instance requires 230.17 GB of memory, which can be satisfied by this SKU's maximum of 326.40 GB.",
            "This instance requires 8,147.38 GB of storage for data files. We recommend provisioning at least 8160 GB of storage, which is the nearest valid amount that can be provisioned. Storage for this SKU is provisioned in increments of 32 GB, up to 16384 GB.",
            "This instance requires 94.23 milliseconds of IO latency, which is within the General Purpose service tier's threshold of 5 milliseconds.",
            "This instance requires 4,587 IOPS for data and log files. Based on your current file sizes, this SKU can achieve 41,300 IOPS if you migrate as-is. You might improve IO performance by increasing file sizes. For more information, visit https://docs.microsoft.com/en-us/azure/azure-sql/managed-instance/resource-limits."
          ]
        }
      ]
    }
  ],
  "TimeCreated": "2022-12-05T16:03:18.7892979Z"
}